IncidentID,AgencyORI,AgencyName,IncidentStatusDesc,County,RdwyNumber,Street,RoadwayName,StreetSfx,StreetDir,IntersectionRdwy,IntersectionRdwyName,BetweenStRdwy1,BetweenStRdwyName1,BetweenStRdwy2,BetweenStRdwyName2,Latitude,Longitude,Milepoint,CollisionDate,CollisionTime,UnitsInvolved,MotorVehiclesInvolved,NumberKilled,NumberInjured,Weather,RdwyConditionCode,HitandRun,DirAnalysisCode,MannerofCollision,RdwyCharacter,LightCondition,RampFromRdwyId,RampToRdwyId,AcceptedDate,IsSecondaryCollision,OwnerBadge,IncidentStatus,
27641237,0568000,LOUISVILLE METRO POLICE DEPT,Accepted,JEFFERSON,KY0864,,POPLAR LEVEL,RD,,,,,,,,38.171826133,-85.685283356,9.240,1/5/2021 12:00:00 AM,1107,3,3,0,0,CLOUDY,DRY,False,REAR END IN TRAFFIC LANES BOTH VEHICLES MOVING,REAR END,STRAIGHT & LEVEL,DAYLIGHT,,,1/6/2021 2:50:02 PM,False,4693,Accepted,
27657273,0568000,LOUISVILLE METRO POLICE DEPT,Accepted,JEFFERSON,KY1065,,OUTER,LOOP,,KY1020,NATIONAL,,,,,38.127276642,-85.747868177,2.578,1/5/2021 12:00:00 AM,1150,2,2,0,0,CLOUDY,DRY,False,ANGLE COLLISION - OTHER,ANGLE,STRAIGHT & LEVEL,DAYLIGHT,,,1/11/2021 8:46:08 AM,False,7080,Accepted,
27641487,0560600,WEST BUECHEL POLICE DEPT.,Accepted,JEFFERSON,US0031E,3616,BUECHEL,BYP,,,,,,,,38.199192824,-85.662017694,11.060,1/5/2021 12:00:00 AM,1235,2,2,0,1,CLOUDY,DRY,False,1 VEHICLE ENTERING/LEAVING ENTRANCE,ANGLE,STRAIGHT & LEVEL,DAYLIGHT,,,1/6/2021 3:36:52 PM,False,1260,Accepted,
27636588,0568000,LOUISVILLE METRO POLICE DEPT,Accepted,JEFFERSON,I 0071,,I71 S,,,,,,,,,38.300016615,-85.618471300,6.798,1/5/2021 12:00:00 AM,0820,2,2,0,0,CLOUDY,WET,False,SIDESWIPE COLLISION - SAME DIRECTION,SIDESWIPE-SAME DIRECTION,CURVE & LEVEL,DAYLIGHT,,,1/5/2021 1:08:34 PM,False,4903,Accepted,
27641246,0568000,LOUISVILLE METRO POLICE DEPT,Accepted,JEFFERSON,KY0841,,GENE SNYDER,FWY,,,,,,,,38.118028908,-85.742001210,7.856,1/5/2021 12:00:00 AM,1109,2,2,0,2,CLOUDY,DRY,False,REAR END IN TRAFFIC LANES BOTH VEHICLES MOVING,REAR END,STRAIGHT & LEVEL,DAYLIGHT,,,1/6/2021 2:50:53 PM,False,7234,Accepted,
27657212,0568000,LOUISVILLE METRO POLICE DEPT,Accepted,JEFFERSON,KY1865,,TAYLOR,BLVD,,,,,LEHIGH,,BLUEGRASS,38.180158114,-85.783304323,5.071,1/5/2021 12:00:00 AM,1730,2,2,0,0,CLOUDY,DRY,True,OTHER COLLISIONS ON SHOULDER,ANGLE,STRAIGHT & LEVEL,DAWN,,,1/11/2021 8:43:37 AM,False,7204,Accepted,
27674236,0568000,LOUISVILLE METRO POLICE DEPT,Accepted,JEFFERSON,,,BROADWAY,,W,US0031W,22ND,,,,,38.249217445,-85.788201614,,1/5/2021 12:00:00 AM,1151,2,2,0,0,CLOUDY,DRY,True,OTHER INTERSECTION COLLISIONS,REAR END,STRAIGHT & LEVEL,DAYLIGHT,,,1/15/2021 7:05:48 AM,False,5124,Accepted,
29539998,0568000,LOUISVILLE METRO POLICE DEPT,Accepted,JEFFERSON,,6216,MIDDLEROSE,CIR,,,,,,,,38.102715241,-85.874903343,0.072,1/5/2021 12:00:00 AM,1007,2,2,0,0,CLEAR,DRY,True,1 VEHICLE PARKED POSITION (NOT PARKING LOT/DRIVEWAY),HEAD ON,STRAIGHT & LEVEL,DAYLIGHT,,,1/6/2022 8:12:54 AM,False,7244,Accepted,
27636541,0568000,LOUISVILLE METRO POLICE DEPT,Accepted,JEFFERSON,,,JEFFERSON,ST,W,,15TH,,,,,38.255837415,-85.775214796,1.272,1/4/2021 12:00:00 AM,1613,2,2,0,0,CLEAR,DRY,False,SIDESWIPE-SAME DIRECTION,SIDESWIPE-SAME DIRECTION,STRAIGHT & LEVEL,DAYLIGHT,,,1/5/2021 1:04:37 PM,False,5124,Accepted,
27636558,0568000,LOUISVILLE METRO POLICE DEPT,Accepted,JEFFERSON,US0031W,,DIXIE,HWY,,,BERNHEIM,,,,,38.221418540,-85.793314415,17.467,1/4/2021 12:00:00 AM,1700,2,2,0,0,CLEAR,DRY,False,ANGLE COLLISION - OTHER,ANGLE,STRAIGHT & LEVEL,DAYLIGHT,,,1/5/2021 1:06:17 PM,False,2569,Accepted,
27631090,0568000,LOUISVILLE METRO POLICE DEPT,Accepted,JEFFERSON,KY0907,,3RD ST,RD,,,,,,,,38.122973542,-85.800199721,4.217,1/4/2021 12:00:00 AM,0630,1,1,0,0,CLEAR,ICE,False,OTHER ROADWAY OR MID-BLOCK COLLISION,SINGLE VEHICLE,CURVE & HILLCREST,DARK-HWY NOT LIGHTED,,,1/4/2021 9:56:17 AM,False,5259,Accepted,
27641243,0568000,LOUISVILLE METRO POLICE DEPT,Accepted,JEFFERSON,I 0264,,I264 E,,,,,,,,,38.187893523,-85.785377048,9.006,1/4/2021 12:00:00 AM,0819,2,2,0,0,CLOUDY,DRY,False,REAR END IN TRAFFIC LANES BOTH VEHICLES MOVING,REAR END,CURVE & LEVEL,DAYLIGHT,,,1/6/2021 2:50:40 PM,False,7422,Accepted,
27636566,0568000,LOUISVILLE METRO POLICE DEPT,Accepted,JEFFERSON,,,26TH,ST,S,,MARKET,,,,,38.259528226,-85.793807373,0.090,1/4/2021 12:00:00 AM,1540,3,3,0,1,CLOUDY,DRY,True,ANGLE COLLISION - OTHER,ANGLE,STRAIGHT & LEVEL,DAYLIGHT,,,1/5/2021 1:08:29 PM,False,2403,Accepted,
27636557,0568000,LOUISVILLE METRO POLICE DEPT,Accepted,JEFFERSON,US0150,,21ST,ST,N,US0031W,MAIN,,,,,38.259776687,-85.784700117,0.758,1/4/2021 12:00:00 AM,1239,2,2,0,1,CLOUDY,DRY,False,ANGLE COLLISION - OTHER,ANGLE,STRAIGHT & LEVEL,DAYLIGHT,,,1/5/2021 1:06:14 PM,False,2403,Accepted,
27631084,0568000,LOUISVILLE METRO POLICE DEPT,Accepted,JEFFERSON,US0150,,21ST,ST,N,,,,CROP,US0031W,MAIN,38.260456664,-85.784525073,0.711,1/4/2021 12:00:00 AM,0157,1,1,0,1,CLEAR,DRY,False,COLLISION WITH FIXED OBJECT NON - INTERSECTION - FIRST EVENT COLLISION 09 - 32 EXCLUDING 16,SINGLE VEHICLE,STRAIGHT & LEVEL,DARK-HWY LIGHTED/ON,,,1/4/2021 9:55:58 AM,False,5328,Accepted,
27631091,0568000,LOUISVILLE METRO POLICE DEPT,Accepted,JEFFERSON,I 0064,,I64 W,,,,,,,,,38.258825882,-85.755124905,4.380,1/4/2021 12:00:00 AM,0553,3,3,0,1,CLEAR,DRY,False,COLLISION WITH NON-FIXED OBJECT ,REAR TO REAR,STRAIGHT & LEVEL,DARK-HWY LIGHTED/ON,,,1/4/2021 9:56:21 AM,False,5148,Accepted,
27636522,0568000,LOUISVILLE METRO POLICE DEPT,Accepted,JEFFERSON,I 0264,,I264 E,,,,,,,,,38.189541370,-85.780389015,9.304,1/4/2021 12:00:00 AM,0648,2,2,0,0,CLOUDY,ICE,False,1 VEHICLE ENTERING/LEAVING ENTRANCE,ANGLE,CURVE & LEVEL,DARK-HWY LIGHTED/ON,,,1/5/2021 1:03:52 PM,False,7772,Accepted,
27636538,0568000,LOUISVILLE METRO POLICE DEPT,Accepted,JEFFERSON,,4000,BUECHEL BANK,RD,,,PROGRESS,,,,,38.177774805,-85.652885683,1.199,1/4/2021 12:00:00 AM,1605,2,2,0,1,CLEAR,DRY,False,ANGLE COLLISION - OTHER,ANGLE,STRAIGHT & LEVEL,DAYLIGHT,,,1/5/2021 1:04:29 PM,False,7451,Accepted,
27636546,0568000,LOUISVILLE METRO POLICE DEPT,Accepted,JEFFERSON,KY1865,,NEW CUT,RD,,,,,,,,38.139172413,-85.773850565,2.208,1/4/2021 12:00:00 AM,1535,2,2,0,4,CLEAR,DRY,False,HEAD-ON COLLISION,HEAD ON,STRAIGHT & GRADE,DAYLIGHT,,,1/5/2021 1:05:15 PM,False,7234,Accepted,
27636547,0568000,LOUISVILLE METRO POLICE DEPT,Accepted,JEFFERSON,US0031W,,DIXIE,HWY,,,,,,,,38.171368633,-85.826317647,13.506,1/4/2021 12:00:00 AM,1728,2,2,0,1,CLEAR,DRY,False,1 VEHICLE ENTERING/LEAVING ENTRANCE,ANGLE,STRAIGHT & LEVEL,DAYLIGHT,,,1/5/2021 1:05:20 PM,False,7234,Accepted,
27636548,0568000,LOUISVILLE METRO POLICE DEPT,Accepted,JEFFERSON,KY1020,,2ND,ST,S,,,,,,,38.250780916,-85.754339017,12.433,1/4/2021 12:00:00 AM,1947,2,1,0,1,CLEAR,DRY,False,COLLISION WITH PEDESTRIAN NON - INTERSECTION,SINGLE VEHICLE,STRAIGHT & LEVEL,DARK-HWY LIGHTED/ON,,,1/5/2021 1:05:27 PM,False,5148,Accepted,
27636549,0568000,LOUISVILLE METRO POLICE DEPT,Accepted,JEFFERSON,I 0264,,I264 W,,,,,I 0065,I264 W EXIT12 OFF RAMP TO,I 0264,I264 W EXIT14 ON RAMP FROM KY864,38.192633745,-85.712781049,13.027,1/4/2021 12:00:00 AM,1759,1,1,0,0,CLEAR,DRY,True,OTHER ROADWAY OR MID-BLOCK COLLISION,SINGLE VEHICLE,STRAIGHT & LEVEL,DAYLIGHT,,,1/5/2021 1:05:34 PM,False,5279,Accepted,
27636555,0568000,LOUISVILLE METRO POLICE DEPT,Accepted,JEFFERSON,I 0064,,I64 W,,,,,,,,,38.258614179,-85.763149693,3.941,1/4/2021 12:00:00 AM,0727,4,2,0,3,FOG,ICE,False,OTHER ROADWAY OR MID-BLOCK COLLISION,REAR END,CURVE & GRADE,DARK-HWY LIGHTED/ON,,,1/5/2021 1:05:59 PM,False,6886,Accepted,
27648594,0568000,LOUISVILLE METRO POLICE DEPT,Accepted,JEFFERSON,I 0064,,,,,,,,,,,38.259233386,-85.752340789,0.104,1/4/2021 12:00:00 AM,0740,2,2,0,0,SLEET HAIL FREEZING RAIN,ICE,False,OTHER RAMP RELATED COLLISIONS NOT LISTED ABOVE,SIDESWIPE-SAME DIRECTION,STRAIGHT & LEVEL,DAYLIGHT,I 0064,N  3RD ST,1/8/2021 10:53:38 AM,False,7904,Accepted,
29535850,0568000,LOUISVILLE METRO POLICE DEPT,Accepted,JEFFERSON,,438,OAK,ST,E,,,,,,,38.234392770,-85.748181085,0.290,1/4/2021 12:00:00 AM,1306,2,2,0,0,CLEAR,DRY,True,1 VEHICLE PARKED POSITION (NOT PARKING LOT/DRIVEWAY),SIDESWIPE-SAME DIRECTION,STRAIGHT & LEVEL,DAYLIGHT,,,1/5/2022 8:26:00 AM,False,5301,Accepted,
27641250,0568000,LOUISVILLE METRO POLICE DEPT,Accepted,JEFFERSON,KY2054,,ALGONQUIN,PKWY,,,MCCLOSKEY,,,,,38.222860015,-85.787980552,1.885,1/4/2021 12:00:00 AM,1545,2,2,0,2,CLEAR,DRY,False,OPPOSING LEFT TURN,OPPOSING LEFT TURN,STRAIGHT & LEVEL,DAYLIGHT,,,1/6/2021 2:51:14 PM,False,2469,Accepted,
27636537,0568000,LOUISVILLE METRO POLICE DEPT,Accepted,JEFFERSON,US0031E,6216,BARDSTOWN,RD,,,,,,,,38.155569253,-85.590020028,5.948,1/4/2021 12:00:00 AM,1621,2,2,0,0,CLEAR,DRY,False,COLLISION IN PARKING LOT,REAR END,CURVE & LEVEL,DAYLIGHT,,,1/5/2021 1:04:24 PM,False,7465,Accepted,
27636554,0568000,LOUISVILLE METRO POLICE DEPT,Accepted,JEFFERSON,KY1020,715,3RD,ST,S,,,,,,,38.245752478,-85.756746162,12.086,1/4/2021 12:00:00 AM,1950,2,2,0,0,CLEAR,DRY,True,1 VEHICLE PARKED POSITION (NOT PARKING LOT/DRIVEWAY),SIDESWIPE-SAME DIRECTION,STRAIGHT & LEVEL,DARK-HWY LIGHTED/ON,,,1/5/2021 1:05:55 PM,False,5236,Accepted,
27635934,0561500,UNIV. OF LOUISVILLE POLICE,Accepted,JEFFERSON,KY1020,,3RD,ST,S,,CARDINAL,,,,,38.220649117,-85.761242220,10.317,1/4/2021 12:00:00 AM,1100,2,2,0,0,CLEAR,DRY,False,ANGLE COLLISION - OTHER,ANGLE,STRAIGHT & LEVEL,DAYLIGHT,,,1/5/2021 9:44:08 AM,False,5654,Accepted,
27636209,0930000,OLDHAM COUNTY SHERIFF DEPT.,Accepted,JEFFERSON,,,REAMERS,RD,,,,,,,,38.294375951,-85.485732351,1.157,1/4/2021 12:00:00 AM,1001,1,1,0,1,CLEAR,ICE,False,COLLISION WITH FIXED OBJECT NON - INTERSECTION - FIRST EVENT COLLISION 09 - 32 EXCLUDING 16,SINGLE VEHICLE,STRAIGHT & HILLCREST,DAYLIGHT,,,1/5/2021 10:48:52 AM,False,119,Accepted,
27631088,0568000,LOUISVILLE METRO POLICE DEPT,Accepted,JEFFERSON,,5431,JOHNSONTOWN,RD,,,,,,,,38.121544963,-85.868813006,0.716,1/4/2021 12:00:00 AM,0520,1,1,0,1,FOG,DRY,False,COLLISION WITH FIXED OBJECT NON - INTERSECTION - FIRST EVENT COLLISION 09 - 32 EXCLUDING 16,SINGLE VEHICLE,STRAIGHT & LEVEL,DARK-HWY LIGHTED/ON,,,1/4/2021 9:56:11 AM,False,7166,Accepted,
27631089,0568000,LOUISVILLE METRO POLICE DEPT,Accepted,JEFFERSON,I 0064,,I64 W,,,,,,,,,38.259115077,-85.750591084,4.692,1/4/2021 12:00:00 AM,0553,2,2,0,0,CLEAR,DRY,False,REAR END IN TRAFFIC LANES BOTH VEHICLES MOVING,REAR END,STRAIGHT & LEVEL,DARK-HWY LIGHTED/ON,,,1/4/2021 9:56:14 AM,True,7386,Accepted,
27636520,0568000,LOUISVILLE METRO POLICE DEPT,Accepted,JEFFERSON,,,1ST,ST,S,,ST CATHERINE,,,,,38.236820771,-85.754992219,1.332,1/4/2021 12:00:00 AM,1018,2,2,0,1,CLEAR,DRY,False,ANGLE COLLISION - OTHER,ANGLE,STRAIGHT & LEVEL,DAYLIGHT,,,1/5/2021 1:03:45 PM,False,5111,Accepted,
27636525,0568000,LOUISVILLE METRO POLICE DEPT,Accepted,JEFFERSON,I 0264,,I264 E,,,,,,,,,38.189506382,-85.779364191,9.358,1/4/2021 12:00:00 AM,0648,2,2,0,0,CLOUDY,ICE,False,REAR END IN TRAFFIC LANES BOTH VEHICLES MOVING,REAR END,CURVE & LEVEL,DARK-HWY LIGHTED/ON,,,1/5/2021 1:03:57 PM,True,7772,Accepted,
27636536,0568000,LOUISVILLE METRO POLICE DEPT,Accepted,JEFFERSON,,,PENDLETON,RD,,US0031W,DIXIE,,,,,38.062263016,-85.886446881,0.004,1/4/2021 12:00:00 AM,1420,2,2,0,0,CLEAR,DRY,False,SIDESWIPE-SAME DIRECTION,SIDESWIPE-SAME DIRECTION,STRAIGHT & LEVEL,DAYLIGHT,,,1/5/2021 1:04:16 PM,False,5336,Accepted,
27636544,0568000,LOUISVILLE METRO POLICE DEPT,Accepted,JEFFERSON,KY1865,,TAYLOR,BLVD,,,LYNNHURST,,,,,38.178563249,-85.783024755,4.956,1/4/2021 12:00:00 AM,1130,2,2,0,0,CLEAR,DRY,False,COLLISION WITH PARKED VEHICLE,ANGLE,STRAIGHT & LEVEL,DAYLIGHT,,,1/5/2021 1:05:07 PM,False,7488,Accepted,
27636545,0568000,LOUISVILLE METRO POLICE DEPT,Accepted,JEFFERSON,,,43RD,ST,S,,SUNSET,,,,,38.242671016,-85.825157556,1.597,1/4/2021 12:00:00 AM,1742,2,2,0,1,CLEAR,DRY,False,ANGLE COLLISION - OTHER,ANGLE,STRAIGHT & LEVEL,DAYLIGHT,,,1/5/2021 1:05:12 PM,False,5273,Accepted,
27636551,0568000,LOUISVILLE METRO POLICE DEPT,Accepted,JEFFERSON,US0042,,BROWNSBORO,RD,,,,,HILLCREST,,REBEL,38.260421475,-85.686326338,2.673,1/4/2021 12:00:00 AM,2035,2,2,0,0,CLOUDY,DRY,False,REAR END IN TRAFFIC LANES BOTH VEHICLES MOVING,REAR END,STRAIGHT & LEVEL,DARK-HWY LIGHTED/ON,,,1/5/2021 1:05:44 PM,False,2026,Accepted,
27636552,0568000,LOUISVILLE METRO POLICE DEPT,Accepted,JEFFERSON,,,FEGENBUSH,LN,,,BANNON CROSSINGS,,,,,38.174472034,-85.639201457,0.881,1/4/2021 12:00:00 AM,1910,3,3,0,1,CLEAR,DRY,False,ANGLE COLLISION - ONE VEHICLE TURNING RIGHT,ANGLE,STRAIGHT & LEVEL,DARK-HWY LIGHTED/OFF,,,1/5/2021 1:05:47 PM,False,5146,Accepted,
27631078,0568000,LOUISVILLE METRO POLICE DEPT,Accepted,JEFFERSON,KY0061,,PRESTON,HWY,,KY1065,OUTER,,,,,38.138456933,-85.686651668,3.959,1/3/2021 12:00:00 AM,2314,2,2,0,2,CLEAR,DRY,False,ANGLE COLLISION - OTHER,ANGLE,STRAIGHT & LEVEL,DARK-HWY LIGHTED/ON,,,1/4/2021 9:55:26 AM,False,5107,Accepted,
27631086,0568000,LOUISVILLE METRO POLICE DEPT,Accepted,JEFFERSON,,235,SHAWNEE,TER,S,,,,,,,38.262721853,-85.822746050,0.185,1/3/2021 12:00:00 AM,2300,2,2,0,0,CLEAR,DRY,True,1 VEHICLE PARKED POSITION (NOT PARKING LOT/DRIVEWAY),SIDESWIPE-SAME DIRECTION,STRAIGHT & LEVEL,DARK-HWY LIGHTED/ON,,,1/4/2021 9:56:05 AM,False,5216,Accepted,
27631080,0568000,LOUISVILLE METRO POLICE DEPT,Accepted,JEFFERSON,US0060A,,LEXINGTON,RD,,,,,,,,38.252756381,-85.657854988,10.508,1/3/2021 12:00:00 AM,2008,1,1,0,1,CLEAR,DRY,False,COLLISION WITH FIXED OBJECT NON - INTERSECTION - FIRST EVENT COLLISION 09 - 32 EXCLUDING 16,SINGLE VEHICLE,STRAIGHT & LEVEL,DARK-HWY LIGHTED/ON,,,1/4/2021 9:55:32 AM,False,5311,Accepted,
27631087,0568000,LOUISVILLE METRO POLICE DEPT,Accepted,JEFFERSON,,,WESTHALL,AVE,,,WILDERNESS,,,,,38.154101165,-85.775831544,0.335,1/3/2021 12:00:00 AM,1922,2,2,0,1,,DRY,True,OTHER INTERSECTION COLLISIONS,REAR END,STRAIGHT & LEVEL,DARK-HWY LIGHTED/ON,,,1/4/2021 9:56:08 AM,False,7166,Accepted,
27631071,0568000,LOUISVILLE METRO POLICE DEPT,Accepted,JEFFERSON,KY1865,,TAYLOR,BLVD,,,BICKNELL,,,,,38.183124776,-85.783767676,5.286,1/3/2021 12:00:00 AM,1444,3,3,0,2,CLOUDY,DRY,False,OPPOSING LEFT TURN,OPPOSING LEFT TURN,STRAIGHT & LEVEL,DAYLIGHT,,,1/4/2021 9:54:59 AM,False,5337,Accepted,
27631061,0568000,LOUISVILLE METRO POLICE DEPT,Accepted,JEFFERSON,I 0071,,I71 N,,,,,,INDIAN HILLS,I 0264,I264 W,38.291502867,-85.650772005,4.753,1/3/2021 12:00:00 AM,0150,1,1,0,2,RAINING,WET,False,OTHER COLLISIONS ON SHOULDER,SINGLE VEHICLE,CURVE & GRADE,DARK (UNKNOWN ROADWAY LIGHTING),,,1/4/2021 9:54:02 AM,False,5228,Accepted,
27631069,0568000,LOUISVILLE METRO POLICE DEPT,Accepted,JEFFERSON,KY1865,5533,NEW CUT,RD,,,,,,,,38.145065882,-85.775139978,2.616,1/3/2021 12:00:00 AM,1232,2,2,0,0,CLOUDY,DRY,False,COLLISION IN PARKING LOT,BACKING,STRAIGHT & LEVEL,DAYLIGHT,,,1/4/2021 9:54:44 AM,False,7768,Accepted,
27631077,0568000,LOUISVILLE METRO POLICE DEPT,Accepted,JEFFERSON,I 0065,,I65 N,,,,,,,,,38.217861197,-85.752198411,133.301,1/3/2021 12:00:00 AM,1903,1,1,0,1,CLEAR,DRY,False,OTHER ROADWAY OR MID-BLOCK COLLISION,SINGLE VEHICLE,STRAIGHT & LEVEL,DARK-HWY LIGHTED/ON,,,1/4/2021 9:55:22 AM,True,5326,Accepted,
27631072,0568000,LOUISVILLE METRO POLICE DEPT,Accepted,JEFFERSON,I 0064,,I64 W,,,,,I 0064,I64 W EXIT17 OFF RAMP TO KY913,I 0064,I265 S EXIT25B RAMP TO I64 W,38.223025758,-85.511476757,18.604,1/3/2021 12:00:00 AM,0859,1,1,0,0,CLOUDY,WET,False,COLLISION WITH FIXED OBJECT NON - INTERSECTION - FIRST EVENT COLLISION 09 - 32 EXCLUDING 16,SINGLE VEHICLE,STRAIGHT & LEVEL,DAYLIGHT,,,1/4/2021 9:55:05 AM,False,7751,Accepted,
27631073,0568000,LOUISVILLE METRO POLICE DEPT,Accepted,JEFFERSON,I 0264,,I264 W EXIT19 TRANSIT  264,,,,,I 0264,I264 W EXIT19 RAMP FROM US60,I 0264,I264 W EXIT19 TRANSIT,38.246708065,-85.620850709,0.186,1/3/2021 12:00:00 AM,1200,2,2,0,0,CLOUDY,DRY,False,SIDESWIPE COLLISION - SAME DIRECTION,SIDESWIPE-SAME DIRECTION,STRAIGHT & LEVEL,DAYLIGHT,,,1/4/2021 9:55:08 AM,False,7751,Accepted,
27631074,0568000,LOUISVILLE METRO POLICE DEPT,Accepted,JEFFERSON,KY1865,,NEW CUT,RD,,,BROWN AUSTIN,,,,,38.111745752,-85.766695093,0.001,1/3/2021 12:00:00 AM,1549,2,2,0,1,CLOUDY,WET,False,OPPOSING LEFT TURN,OPPOSING LEFT TURN,STRAIGHT & LEVEL,DAYLIGHT,,,1/4/2021 9:55:11 AM,False,7252,Accepted,
27631075,0568000,LOUISVILLE METRO POLICE DEPT,Accepted,JEFFERSON,,2708,HOLLY PARK,DR,,,,,,,,38.159268451,-85.800751815,0.164,1/3/2021 12:00:00 AM,0300,2,2,0,0,,,True,1 VEHICLE PARKED POSITION (NOT PARKING LOT/DRIVEWAY),ANGLE,STRAIGHT & LEVEL,,,,1/4/2021 9:55:14 AM,False,5312,Accepted,
27631076,0568000,LOUISVILLE METRO POLICE DEPT,Accepted,JEFFERSON,KY1865,4101,TAYLOR,BLVD,,,BICKNELL,,,,,38.183017378,-85.783738666,5.290,1/3/2021 12:00:00 AM,1510,1,1,0,0,CLOUDY,DRY,False,OTHER INTERSECTION COLLISIONS,SINGLE VEHICLE,STRAIGHT & GRADE,DAYLIGHT,,,1/4/2021 9:55:17 AM,False,7705,Accepted,
27631083,0568000,LOUISVILLE METRO POLICE DEPT,Accepted,JEFFERSON,,,19TH,ST,S,US0031W,MARKET,,,,,38.257990031,-85.781595116,0.096,1/3/2021 12:00:00 AM,0045,2,2,0,0,CLOUDY,WET,False,ANGLE COLLISION - OTHER,ANGLE,STRAIGHT & LEVEL,DARK-HWY LIGHTED/ON,,,1/4/2021 9:55:54 AM,False,5328,Accepted,
27631067,0568000,LOUISVILLE METRO POLICE DEPT,Accepted,JEFFERSON,KY0155,,TAYLORSVILLE,RD,,,PLEASANT GLEN,,,,,38.187467345,-85.519262122,6.623,1/3/2021 12:00:00 AM,1026,2,2,0,1,CLOUDY,WET,False,ANGLE COLLISION - OTHER,ANGLE,STRAIGHT & LEVEL,DAYLIGHT,,,1/4/2021 9:54:30 AM,False,7755,Accepted,
27631068,0568000,LOUISVILLE METRO POLICE DEPT,Accepted,JEFFERSON,KY2845,5303,MANSLICK,RD,E,,,,,,,38.119450208,-85.656729932,1.318,1/3/2021 12:00:00 AM,1136,2,2,0,0,CLOUDY,DRY,False,HEAD-ON COLLISION,HEAD ON,STRAIGHT & LEVEL,DAYLIGHT,,,1/4/2021 9:54:38 AM,False,7914,Accepted,
27644706,0568000,LOUISVILLE METRO POLICE DEPT,Accepted,JEFFERSON,,,40TH,ST,S,KY2056,BELLS,,,,,38.223117167,-85.822831881,1.653,1/3/2021 12:00:00 AM,2021,2,2,0,2,CLEAR,DRY,False,OPPOSING LEFT TURN,OPPOSING LEFT TURN,STRAIGHT & LEVEL,DARK-HWY LIGHTED/ON,,,1/7/2021 10:57:42 AM,False,7466,Accepted,
27631085,0568000,LOUISVILLE METRO POLICE DEPT,Accepted,JEFFERSON,I 0065,,,,,I 0065,I65 S EXIT131B RAMP TO I264 W,,,,,38.194309201,-85.733001766,0.151,1/3/2021 12:00:00 AM,2217,2,2,0,1,CLEAR,DRY,False,COLLISION WITH PARKED VEHICLE,HEAD ON,STRAIGHT & LEVEL,DARK-HWY LIGHTED/ON,,,1/4/2021 9:56:01 AM,False,5314,Accepted,
27631082,0568000,LOUISVILLE METRO POLICE DEPT,Accepted,JEFFERSON,I 0065,,I65 N,,,,,,,,,38.225285863,-85.751240901,133.819,1/3/2021 12:00:00 AM,1903,2,2,0,0,CLEAR,DRY,False,OTHER ROADWAY OR MID-BLOCK COLLISION,REAR END,STRAIGHT & LEVEL,DARK-HWY LIGHTED/ON,,,1/4/2021 9:55:50 AM,False,5127,Accepted,
27648556,0568000,LOUISVILLE METRO POLICE DEPT,Accepted,JEFFERSON,KY1934,,GREENBELT,HWY,,,TRADE PORT,,,,,38.125397067,-85.893063216,2.882,1/3/2021 12:00:00 AM,1140,2,2,0,2,CLOUDY,WET,False,ANGLE COLLISION - OTHER,ANGLE,STRAIGHT & LEVEL,DAYLIGHT,,,1/8/2021 10:52:13 AM,False,6877,Accepted,
29540016,0568000,LOUISVILLE METRO POLICE DEPT,Accepted,JEFFERSON,US0031W,,DIXIE,HWY,,KY0044,STITES STATION RD CONN,,,,,38.021568558,-85.917876948,1.915,1/3/2021 12:00:00 AM,0520,2,2,0,1,CLEAR,DRY,False,OPPOSING LEFT TURN,OPPOSING LEFT TURN,STRAIGHT & GRADE,DARK-HWY LIGHTED/OFF,,,1/6/2022 8:14:02 AM,False,7264,Accepted,
27989951,0568000,LOUISVILLE METRO POLICE DEPT,Accepted,JEFFERSON,KY1020,9500,NATIONAL,TPKE,,,,,,,,38.111847301,-85.747466964,2.617,1/3/2021 12:00:00 AM,2321,1,1,1,0,FOG,ICE,False,COLLISION WITH FIXED OBJECT NON - INTERSECTION - FIRST EVENT COLLISION 09 - 32 EXCLUDING 16,SINGLE VEHICLE,CURVE & LEVEL,DARK-HWY NOT LIGHTED,,,4/9/2021 8:33:31 AM,False,7628,Accepted,
27631062,0568000,LOUISVILLE METRO POLICE DEPT,Accepted,JEFFERSON,,8600,SHEPHERDSVILLE,RD,,,,,,,,38.124957860,-85.665890731,1.085,1/3/2021 12:00:00 AM,0128,1,1,0,0,RAINING,WATER (STANDING OR MOVING),False,COLLISION WITH FIXED OBJECT NON - INTERSECTION - FIRST EVENT COLLISION 09 - 32 EXCLUDING 16,SINGLE VEHICLE,STRAIGHT & LEVEL,DARK-HWY LIGHTED/OFF,,,1/4/2021 9:54:07 AM,False,5115,Accepted,