IncidentID,AgencyORI,AgencyName,IncidentStatusDesc,County,RdwyNumber,Street,RoadwayName,StreetSfx,StreetDir,IntersectionRdwy,IntersectionRdwyName,BetweenStRdwy1,BetweenStRdwyName1,BetweenStRdwy2,BetweenStRdwyName2,Latitude,Longitude,Milepoint,CollisionDate,CollisionTime,UnitsInvolved,MotorVehiclesInvolved,NumberKilled,NumberInjured,Weather,RdwyConditionCode,HitandRun,DirAnalysisCode,MannerofCollision,RdwyCharacter,LightCondition,RampFromRdwyId,RampToRdwyId,AcceptedDate,IsSecondaryCollision,OwnerBadge,IncidentStatus,
27631063,0568000,LOUISVILLE METRO POLICE DEPT,Accepted,JEFFERSON,US0031E,1041,BARDSTOWN,RD,,,,,,,,38.238780757,-85.721658005,15.470,1/2/2021 12:00:00 AM,2359,2,2,0,0,CLEAR,DRY,False,COLLISION IN PARKING LOT,ANGLE,STRAIGHT & LEVEL,DARK (UNKNOWN ROADWAY LIGHTING),,,1/4/2021 9:54:12 AM,False,7376,Accepted,
27666017,0568000,LOUISVILLE METRO POLICE DEPT,Accepted,JEFFERSON,US0150,,BROADWAY,,E,,,,,,,38.243997130,-85.730245902,3.920,1/2/2021 12:00:00 AM,2238,2,2,0,6,CLOUDY,DRY,False,1 VEHICLE ENTERING/LEAVING ENTRANCE,ANGLE,STRAIGHT & LEVEL,DARK-HWY LIGHTED/ON,,,1/13/2021 8:09:56 AM,False,7022,Accepted,
27631056,0568000,LOUISVILLE METRO POLICE DEPT,Accepted,JEFFERSON,,351,25TH,ST,N,,,,,,,38.265328241,-85.790287622,0.429,1/2/2021 12:00:00 AM,1742,2,1,0,1,CLEAR,DRY,True,COLLISION WITH BICYCLIST NON INTERSECTION,SINGLE VEHICLE,STRAIGHT & LEVEL,DARK-HWY LIGHTED/ON,,,1/4/2021 9:53:46 AM,False,7220,Accepted,
27631057,0568000,LOUISVILLE METRO POLICE DEPT,Accepted,JEFFERSON,KY1020,,3RD,ST,S,US0150,BROADWAY,,,,,38.245956829,-85.756713356,12.100,1/2/2021 12:00:00 AM,1900,2,2,0,0,CLEAR,DRY,False,ANGLE COLLISION - OTHER,ANGLE,STRAIGHT & LEVEL,DARK-HWY LIGHTED/ON,,,1/4/2021 9:53:50 AM,False,7862,Accepted,
27631065,0568000,LOUISVILLE METRO POLICE DEPT,Accepted,JEFFERSON,,,COLORADO,AVE,,,PHYLLIS,,,,,38.208814281,-85.783814540,1.172,1/2/2021 12:00:00 AM,2228,2,2,0,0,CLEAR,DRY,True,COLLISION WITH PARKED VEHICLE,ANGLE,STRAIGHT & LEVEL,DARK-HWY LIGHTED/ON,,,1/4/2021 9:54:22 AM,False,5300,Accepted,
27631024,0568000,LOUISVILLE METRO POLICE DEPT,Accepted,JEFFERSON,,,26TH,ST,S,,HALE,,,,,38.239654319,-85.796033821,1.460,1/2/2021 12:00:00 AM,0212,2,2,0,0,CLEAR,WET,False,COLLISION WITH PARKED VEHICLE,REAR END,STRAIGHT & HILLCREST,DARK-HWY LIGHTED/ON,,,1/4/2021 9:51:58 AM,False,5325,Accepted,
27631026,0568000,LOUISVILLE METRO POLICE DEPT,Accepted,JEFFERSON,I 0264,,I264 E,,,,,,,,,38.200908523,-85.694588671,14.187,1/2/2021 12:00:00 AM,0205,2,2,0,1,RAINING,WET,True,1 VEHICLE ENTERING/LEAVING ENTRANCE,ANGLE,STRAIGHT & GRADE,DARK-HWY LIGHTED/ON,,,1/4/2021 9:52:12 AM,False,7419,Accepted,
27631041,0568000,LOUISVILLE METRO POLICE DEPT,Accepted,JEFFERSON,,,9TH,ST,S,,,,,,,38.246555262,-85.766404790,0.024,1/2/2021 12:00:00 AM,0707,1,1,0,0,CLEAR,DRY,False,OTHER ROADWAY OR MID-BLOCK COLLISION,SINGLE VEHICLE,STRAIGHT & LEVEL,DARK-HWY LIGHTED/ON,,,1/4/2021 9:52:59 AM,False,5148,Accepted,
27631043,0568000,LOUISVILLE METRO POLICE DEPT,Accepted,JEFFERSON,,3126,KENTUCKY,ST,W,,,,,,,38.243959808,-85.803467495,1.137,1/2/2021 12:00:00 AM,0151,3,3,0,0,CLEAR,DRY,False,1 VEHICLE PARKED POSITION (NOT PARKING LOT/DRIVEWAY),SIDESWIPE-OPPOSITE DIRECTION,STRAIGHT & LEVEL,DARK-HWY LIGHTED/ON,,,1/4/2021 9:53:06 AM,False,5292,Accepted,
27631050,0568000,LOUISVILLE METRO POLICE DEPT,Accepted,JEFFERSON,US0150,,BROADWAY,,W,,,,10TH,,11TH,38.247226239,-85.768827585,1.803,1/2/2021 12:00:00 AM,1144,2,2,0,1,CLOUDY,DRY,False,SIDESWIPE COLLISION - SAME DIRECTION,SIDESWIPE-SAME DIRECTION,STRAIGHT & LEVEL,DAYLIGHT,,,1/4/2021 9:53:28 AM,False,5105,Accepted,
27631058,0568000,LOUISVILLE METRO POLICE DEPT,Accepted,JEFFERSON,I 0265,,I265 E,,,,,,,,,38.113436148,-85.665839788,12.283,1/2/2021 12:00:00 AM,1926,1,1,0,0,CLEAR,DRY,True,OTHER ROADWAY OR MID-BLOCK COLLISION,SINGLE VEHICLE,STRAIGHT & LEVEL,DARK-HWY NOT LIGHTED,,,1/4/2021 9:53:53 AM,False,7474,Accepted,
27631059,0568000,LOUISVILLE METRO POLICE DEPT,Accepted,JEFFERSON,,2517,MADISON,ST,W,,,,,,,38.253977143,-85.793207622,1.131,1/2/2021 12:00:00 AM,1835,2,2,0,0,CLEAR,DRY,True,1 VEHICLE PARKED POSITION (NOT PARKING LOT/DRIVEWAY),SIDESWIPE-SAME DIRECTION,STRAIGHT & LEVEL,DARK-HWY LIGHTED/ON,,,1/4/2021 9:53:56 AM,False,5172,Accepted,
27631052,0568000,LOUISVILLE METRO POLICE DEPT,Accepted,JEFFERSON,US0031E,,BARDSTOWN,RD,,,BRENTLINGER,,,,,38.134144046,-85.579602569,4.373,1/2/2021 12:00:00 AM,1440,2,2,0,1,CLOUDY,DRY,False,OPPOSING LEFT TURN,OPPOSING LEFT TURN,STRAIGHT & LEVEL,DAYLIGHT,,,1/4/2021 9:53:35 AM,False,6878,Accepted,
27631055,0568000,LOUISVILLE METRO POLICE DEPT,Accepted,JEFFERSON,KY1865,5905,NEW CUT,RD,,,,,,,,38.127310430,-85.775906069,1.328,1/2/2021 12:00:00 AM,1553,2,2,0,0,CLOUDY,DRY,False,OTHER ROADWAY OR MID-BLOCK COLLISION,OPPOSING LEFT TURN,STRAIGHT & LEVEL,DAYLIGHT,,,1/4/2021 9:53:43 AM,False,7252,Accepted,
27631064,0568000,LOUISVILLE METRO POLICE DEPT,Accepted,JEFFERSON,KY0864,4516,POPLAR LEVEL,RD,,,,,,,,38.187803986,-85.702368509,10.705,1/2/2021 12:00:00 AM,2023,2,2,0,3,CLEAR,DRY,False,1 VEHICLE ENTERING/LEAVING ENTRANCE,ANGLE,STRAIGHT & LEVEL,DARK-HWY LIGHTED/ON,,,1/4/2021 9:54:16 AM,False,5269,Accepted,
27631070,0568000,LOUISVILLE METRO POLICE DEPT,Accepted,JEFFERSON,KY1065,,OUTER,LOOP,,,DONEGAL,,,,,38.138507640,-85.652632178,7.907,1/2/2021 12:00:00 AM,1820,3,3,0,1,CLOUDY,WET,False,ANGLE COLLISION - OTHER,ANGLE,STRAIGHT & GRADE,DARK-HWY LIGHTED/ON,,,1/4/2021 9:54:49 AM,False,7397,Accepted,
27631005,0568000,LOUISVILLE METRO POLICE DEPT,Accepted,JEFFERSON,,100B,BADGER,AVE,,,,,,,,38.180080525,-85.762873976,0.013,1/1/2021 12:00:00 AM,0033,2,2,0,0,CLEAR,DRY,True,1 VEHICLE PARKED POSITION (NOT PARKING LOT/DRIVEWAY),SIDESWIPE-SAME DIRECTION,STRAIGHT & LEVEL,DARK-HWY LIGHTED/ON,,,1/4/2021 9:50:17 AM,False,7010,Accepted,
27641239,0568000,LOUISVILLE METRO POLICE DEPT,Accepted,JEFFERSON,,3000,STONESTREET,RD,,,,,,,,38.113040159,-85.837017785,1.207,1/1/2021 12:00:00 AM,1204,2,2,0,0,CLOUDY,WET,False,1 VEHICLE ENTERING/LEAVING ENTRANCE,ANGLE,STRAIGHT & LEVEL,DAYLIGHT,,,1/6/2021 2:50:22 PM,False,2738,Accepted,
27631006,0568000,LOUISVILLE METRO POLICE DEPT,Accepted,JEFFERSON,,7301,WATTERSON,TRL,S,,,,,,,38.157336051,-85.614728590,1.921,1/1/2021 12:00:00 AM,0949,1,1,0,0,RAINING,WET,False,COLLISION WITH FIXED OBJECT NON - INTERSECTION - FIRST EVENT COLLISION 09 - 32 EXCLUDING 16,SINGLE VEHICLE,STRAIGHT & LEVEL,DAYLIGHT,,,1/4/2021 9:50:23 AM,False,7799,Accepted,
27631008,0568000,LOUISVILLE METRO POLICE DEPT,Accepted,JEFFERSON,,7450,JEFFERSON,BLVD,,,,,,,,38.141675528,-85.677056112,,1/1/2021 12:00:00 AM,1621,2,1,0,0,CLOUDY,DRY,False,COLLISION WITH BICYCLIST NON INTERSECTION,SINGLE VEHICLE,STRAIGHT & LEVEL,DAYLIGHT,,,1/4/2021 9:50:30 AM,False,2547,Accepted,
27631009,0568000,LOUISVILLE METRO POLICE DEPT,Accepted,JEFFERSON,US0060,,FRANKFORT,AVE,,,HALDEMAN,,,,,38.255495349,-85.712654980,0.386,1/1/2021 12:00:00 AM,1000,2,2,0,1,RAINING,WET,False,COLLISION WITH PARKED VEHICLE,SIDESWIPE-SAME DIRECTION,STRAIGHT & LEVEL,DAYLIGHT,,,1/4/2021 9:50:34 AM,True,5330,Accepted,
27631014,0568000,LOUISVILLE METRO POLICE DEPT,Accepted,JEFFERSON,,,PHEASANT,AVE,,,SPARROW,,,,,38.113138477,-85.763006581,0.170,1/1/2021 12:00:00 AM,2101,1,1,0,0,CLEAR,WET,True,COLLISION WITH FIXED OBJECT IN INTERSECTION - FIRST EVENT COLLISION 09 - 32,SINGLE VEHICLE,,DAWN,,,1/4/2021 9:51:04 AM,False,5266,Accepted,
27630993,0568000,LOUISVILLE METRO POLICE DEPT,Accepted,JEFFERSON,,,17TH,ST,S,,JEFFERSON,,,,,38.256210531,-85.778538300,0.194,1/1/2021 12:00:00 AM,0132,2,2,0,1,CLEAR,DRY,False,ANGLE COLLISION - OTHER,ANGLE,STRAIGHT & LEVEL,DARK-HWY LIGHTED/ON,,,1/4/2021 9:48:42 AM,False,5172,Accepted,
27631001,0568000,LOUISVILLE METRO POLICE DEPT,Accepted,JEFFERSON,,,KERRY,DR,,,,,BASHFORD MANOR,,MAYO,38.201089805,-85.672345123,0.126,1/1/2021 12:00:00 AM,0330,2,2,0,0,RAINING,WET,True,1 VEHICLE PARKED POSITION (NOT PARKING LOT/DRIVEWAY),HEAD ON,,DARK-HWY NOT LIGHTED,,,1/4/2021 9:49:49 AM,False,5165,Accepted,
27631018,0568000,LOUISVILLE METRO POLICE DEPT,Accepted,JEFFERSON,,,CLAY,ST,S,US0150,BROADWAY,,,,,38.244835887,-85.741548798,0.708,1/1/2021 12:00:00 AM,2213,2,2,0,0,CLOUDY,WET,False,ANGLE COLLISION - OTHER,ANGLE,STRAIGHT & LEVEL,DARK-HWY LIGHTED/ON,,,1/4/2021 9:51:45 AM,False,5328,Accepted,
27631023,0568000,LOUISVILLE METRO POLICE DEPT,Accepted,JEFFERSON,KY1020,,3RD,ST,S,US0060A,WINKLER,,,,,38.210140051,-85.763008103,9.865,1/1/2021 12:00:00 AM,1949,2,2,0,2,CLEAR,DRY,True,ANGLE COLLISION - OTHER,ANGLE,STRAIGHT & LEVEL,DARK-HWY LIGHTED/ON,,,1/4/2021 9:51:53 AM,False,5204,Accepted,
29526290,0568000,LOUISVILLE METRO POLICE DEPT,Accepted,JEFFERSON,KY0148,,TAYLORSVILLE,RD,,,,,ENGLISH STATION,,OLD TAYLORSVILLE,38.191589099,-85.467817140,0.490,1/1/2021 12:00:00 AM,1523,1,1,0,2,RAINING,WET,False,OTHER ROADWAY OR MID-BLOCK COLLISION,SINGLE VEHICLE,STRAIGHT & LEVEL,DAYLIGHT,,,1/3/2022 7:50:11 AM,False,2321,Accepted,
29526308,0568000,LOUISVILLE METRO POLICE DEPT,Accepted,JEFFERSON,,1145,15TH,ST,S,,,,,,,38.237668918,-85.778188088,0.851,1/1/2021 12:00:00 AM,0422,4,4,0,0,RAINING,WET,False,1 VEHICLE PARKED POSITION (NOT PARKING LOT/DRIVEWAY),SIDESWIPE-SAME DIRECTION,STRAIGHT & GRADE,DARK-HWY LIGHTED/ON,,,1/3/2022 7:51:18 AM,False,5386,Accepted,
28083945,0568000,LOUISVILLE METRO POLICE DEPT,Accepted,JEFFERSON,,,GOLDSMITH,LN,,,,,,,,38.205381771,-85.650135217,0.009,1/1/2021 12:00:00 AM,1730,2,2,0,0,CLEAR,DRY,False,1 VEHICLE ENTERING/LEAVING ENTRANCE,ANGLE,STRAIGHT & LEVEL,DAYLIGHT,,,5/3/2021 9:27:58 AM,False,5159,Accepted,
27699282,0568000,LOUISVILLE METRO POLICE DEPT,Accepted,JEFFERSON,KY1931,,MANSLICK,RD,,,STEPHAN,,,,,38.168145518,-85.797190323,6.436,1/1/2021 12:00:00 AM,1431,4,4,0,3,CLEAR,WET,False,OTHER INTERSECTION COLLISIONS,REAR END,STRAIGHT & HILLCREST,DAYLIGHT,,,1/22/2021 8:25:57 AM,False,5121,Accepted,
29610397,0568000,LOUISVILLE METRO POLICE DEPT,Accepted,JEFFERSON,,,2ND,ST,N,US0031E,MAIN,,,,,38.256138798,-85.753404466,0.007,1/1/2021 12:00:00 AM,1852,2,1,0,2,CLOUDY,WET,False,ANGLE COLLISION - OTHER,ANGLE,STRAIGHT & LEVEL,DARK-HWY LIGHTED/ON,,,1/21/2022 1:09:00 PM,False,7229,Accepted,
27751938,0568000,LOUISVILLE METRO POLICE DEPT,Accepted,JEFFERSON,,,MAGNOLIA,AVE,W,,7TH,,,,,38.229640149,-85.767552619,0.612,1/1/2021 12:00:00 AM,0030,2,2,0,0,RAINING,WET,False,ANGLE COLLISION - OTHER,ANGLE,STRAIGHT & HILLCREST,DARK-HWY LIGHTED/ON,,,2/5/2021 8:09:27 AM,False,5175,Accepted,
27631017,0568000,LOUISVILLE METRO POLICE DEPT,Accepted,JEFFERSON,I 0264,,I264 E,,,,,I 0264,I264 E EXIT22 OFF RAMP TO US42,I 0264,I264 E EXIT22 ON RAMP FROM US42,38.279779526,-85.636031436,22.088,1/1/2021 12:00:00 AM,2153,1,1,0,1,CLOUDY,WET,False,OTHER COLLISIONS ON SHOULDER,SINGLE VEHICLE,STRAIGHT & LEVEL,DARK-HWY LIGHTED/OFF,,,1/4/2021 9:51:40 AM,False,5228,Accepted,
27631020,0568000,LOUISVILLE METRO POLICE DEPT,Accepted,JEFFERSON,,,TYANNE,PL,,,HIKES,,,,,38.211657298,-85.639879324,0.001,1/1/2021 12:00:00 AM,2200,2,2,0,0,CLEAR,DRY,True,COLLISION IN PARKING LOT,SIDESWIPE-OPPOSITE DIRECTION,STRAIGHT & LEVEL,DARK-HWY LIGHTED/ON,,,1/4/2021 9:51:48 AM,False,5171,Accepted,
27631038,0568000,LOUISVILLE METRO POLICE DEPT,Accepted,JEFFERSON,KY0061,,PRESTON,HWY,,KY2845,MANSLICK,,,,,38.118140631,-85.677289960,2.456,1/1/2021 12:00:00 AM,1544,3,3,0,0,CLEAR,WET,False,ANGLE COLLISION - ONE VEHICLE TURNING RIGHT,ANGLE,STRAIGHT & LEVEL,DAYLIGHT,,,1/4/2021 9:52:48 AM,False,7397,Accepted,
27630996,0568000,LOUISVILLE METRO POLICE DEPT,Accepted,JEFFERSON,KY0061,,PRESTON,HWY,,,,,,,,38.154972735,-85.695907667,5.196,1/1/2021 12:00:00 AM,0253,1,1,0,1,CLEAR,WET,False,RAN OFF ROADWAY (1 VEHICLE WITH/EARTH EMBANKMENT/DITCH),SINGLE VEHICLE,STRAIGHT & LEVEL,DARK-HWY LIGHTED/OFF,,,1/4/2021 9:48:57 AM,False,5138,Accepted,
27631004,0568000,LOUISVILLE METRO POLICE DEPT,Accepted,JEFFERSON,KY0155,,TAYLORSVILLE,RD,,,,,,,,38.220206169,-85.630115450,13.604,1/1/2021 12:00:00 AM,0640,3,3,0,1,RAINING,WET,True,REAR END IN TRAFFIC LANES BOTH VEHICLES MOVING,REAR END,STRAIGHT & GRADE,DARK (UNKNOWN ROADWAY LIGHTING),,,1/4/2021 9:50:12 AM,False,5153,Accepted,
27631011,0568000,LOUISVILLE METRO POLICE DEPT,Accepted,JEFFERSON,KY0061,,PRESTON,HWY,,,INDIAN,,,,,38.168657524,-85.706377568,6.326,1/1/2021 12:00:00 AM,0800,1,1,0,0,RAINING,WET,False,COLLISION WITH FIXED OBJECT IN INTERSECTION - FIRST EVENT COLLISION 09 - 32,SINGLE VEHICLE,STRAIGHT & LEVEL,DARK-HWY LIGHTED/ON,,,1/4/2021 9:50:47 AM,False,7341,Accepted,
27631012,0568000,LOUISVILLE METRO POLICE DEPT,Accepted,JEFFERSON,KY1703,,NEWBURG,RD,,,INDIAN,,,,,38.184647129,-85.665273197,0.497,1/1/2021 12:00:00 AM,1610,2,2,0,3,CLEAR,DRY,False,ANGLE COLLISION - OTHER,ANGLE,STRAIGHT & LEVEL,DAYLIGHT,,,1/4/2021 9:50:52 AM,False,7341,Accepted,
27631013,0568000,LOUISVILLE METRO POLICE DEPT,Accepted,JEFFERSON,,,RANGELAND,RD,,,LAGOONA,,,,,38.167052385,-85.676990509,0.255,1/1/2021 12:00:00 AM,1549,3,3,0,4,CLEAR,WET,True,OTHER INTERSECTION COLLISIONS,REAR END,STRAIGHT & LEVEL,DAYLIGHT,,,1/4/2021 9:51:00 AM,False,5019,Accepted,
27630986,0568000,LOUISVILLE METRO POLICE DEPT,Accepted,JEFFERSON,I 0264,,,,,,,,,,,38.191294784,-85.749676853,0.174,1/1/2021 12:00:00 AM,0145,1,1,0,1,CLEAR,DRY,False,COLLISION WITH FIXED OBJECT NOT IN GORE ,SINGLE VEHICLE,STRAIGHT & LEVEL,DARK-HWY LIGHTED/ON,I 0264,CRITTENDEN DR,1/4/2021 9:48:14 AM,False,5258,Accepted,
27630987,0568000,LOUISVILLE METRO POLICE DEPT,Accepted,JEFFERSON,,3816,BLANTON,LN,,,,,,,,38.156121042,-85.828890114,0.334,1/1/2021 12:00:00 AM,0032,1,1,0,0,CLEAR,DRY,True,COLLISION WITH FIXED OBJECT NON - INTERSECTION - FIRST EVENT COLLISION 09 - 32 EXCLUDING 16,SINGLE VEHICLE,STRAIGHT & LEVEL,DARK-HWY LIGHTED/OFF,,,1/4/2021 9:48:17 AM,False,5209,Accepted,
27630995,0568000,LOUISVILLE METRO POLICE DEPT,Accepted,JEFFERSON,I 0065,,I65 N,,,,,,,,,38.255914724,-85.742183802,136.258,1/1/2021 12:00:00 AM,0345,1,1,0,0,RAINING,WET,False,OTHER ROADWAY OR MID-BLOCK COLLISION,SINGLE VEHICLE,CURVE & LEVEL,DARK-HWY LIGHTED/ON,,,1/4/2021 9:48:53 AM,False,5135,Accepted,
27631002,0568000,LOUISVILLE METRO POLICE DEPT,Accepted,JEFFERSON,KY1934,,CANE RUN,RD,,KY1727,TERRY,,,,,38.178105634,-85.861934390,7.186,1/1/2021 12:00:00 AM,0115,2,2,0,2,CLOUDY,WET,False,ANGLE COLLISION - OTHER,ANGLE,CURVE & LEVEL,DARK-HWY NOT LIGHTED,,,1/4/2021 9:50:00 AM,False,5304,Accepted,
27630969,0568000,LOUISVILLE METRO POLICE DEPT,Accepted,JEFFERSON,KY1865,,TAYLOR,BLVD,,,,,BLUEGRASS,,LEHIGH,38.180461887,-85.783384086,5.093,12/31/2020 12:00:00 AM,1510,2,2,0,0,CLOUDY,DRY,True,1 VEHICLE ENTERING/LEAVING ENTRANCE,ANGLE,STRAIGHT & LEVEL,DAYLIGHT,,,1/4/2021 9:46:47 AM,False,7204,Accepted,
27630970,0568000,LOUISVILLE METRO POLICE DEPT,Accepted,JEFFERSON,US0031W,9070,DIXIE,HWY,,,,,,,,38.123369293,-85.853885936,9.928,12/31/2020 12:00:00 AM,1511,2,2,0,1,CLOUDY,DRY,False,COLLISION IN PARKING LOT,ANGLE,STRAIGHT & LEVEL,DAYLIGHT,,,1/4/2021 9:46:51 AM,False,5336,Accepted,
27619138,0568000,LOUISVILLE METRO POLICE DEPT,Accepted,JEFFERSON,KY1865,4311,TAYLOR,BLVD,,,,,,,,38.177832192,-85.782767978,4.905,12/31/2020 12:00:00 AM,0310,1,1,0,1,RAINING,WET,False,COLLISION WITH FIXED OBJECT NON - INTERSECTION - FIRST EVENT COLLISION 09 - 32 EXCLUDING 16,SINGLE VEHICLE,STRAIGHT & LEVEL,DARK-HWY LIGHTED/ON,,,12/31/2020 7:06:40 AM,True,7560,Accepted,
27619139,0568000,LOUISVILLE METRO POLICE DEPT,Accepted,JEFFERSON,KY0864,4565,POPLAR LEVEL,RD,,,,,,,,38.182847439,-85.698345716,10.290,12/31/2020 12:00:00 AM,0014,2,2,0,1,RAINING,WATER (STANDING OR MOVING),False,SIDESWIPE COLLISION - SAME DIRECTION,SIDESWIPE-SAME DIRECTION,STRAIGHT & LEVEL,DARK-HWY LIGHTED/ON,,,12/31/2020 7:06:43 AM,False,5174,Accepted,
27630954,0568000,LOUISVILLE METRO POLICE DEPT,Accepted,JEFFERSON,KY1020,,SOUTHSIDE,DR,,,STRAWBERRY,,,,,38.158695063,-85.764703879,6.128,12/31/2020 12:00:00 AM,0139,1,1,0,1,RAINING,WET,False,COLLISION WITH FIXED OBJECT IN INTERSECTION - FIRST EVENT COLLISION 09 - 32,SINGLE VEHICLE,STRAIGHT & LEVEL,DARK-HWY LIGHTED/ON,,,1/4/2021 9:44:46 AM,False,7010,Accepted,
27630988,0568000,LOUISVILLE METRO POLICE DEPT,Accepted,JEFFERSON,KY1931,3600,MANSLICK,RD,,,,,,,,38.192359839,-85.800724062,8.154,12/31/2020 12:00:00 AM,2241,2,2,0,1,CLEAR,DRY,True,HEAD-ON COLLISION,HEAD ON,CURVE & LEVEL,DARK-HWY LIGHTED/ON,,,1/4/2021 9:48:20 AM,False,5183,Accepted,
27631003,0568000,LOUISVILLE METRO POLICE DEPT,Accepted,JEFFERSON,I 0065,,,,,,,,,,,38.137294490,-85.713447906,1.669,12/31/2020 12:00:00 AM,1930,1,1,0,0,CLOUDY,WET,False,COLLISION WITH FIXED OBJECT NOT IN GORE ,SINGLE VEHICLE,CURVE & LEVEL,DARK-HWY LIGHTED/ON,I 0065,KY1065,1/4/2021 9:50:08 AM,False,5042,Accepted,
27630971,0568000,LOUISVILLE METRO POLICE DEPT,Accepted,JEFFERSON,,,MAGAZINE,ST,,,26TH,,,,,38.251674595,-85.794611349,1.507,12/31/2020 12:00:00 AM,1616,2,2,0,0,CLOUDY,DRY,False,ANGLE COLLISION - OTHER,ANGLE,STRAIGHT & LEVEL,DAYLIGHT,,,1/4/2021 9:46:56 AM,False,7805,Accepted,
27622139,0566900,LOUISVILLE AIRPORT POLICE,Accepted,JEFFERSON,,,TERMINAL,DR,,,,,,,,38.185951032,-85.745785409,0.069,12/31/2020 12:00:00 AM,1510,1,1,0,0,CLOUDY,DRY,True,COLLISION WITH FIXED OBJECT NON - INTERSECTION - FIRST EVENT COLLISION 09 - 32 EXCLUDING 16,SINGLE VEHICLE,CURVE & GRADE,DAYLIGHT,,,1/1/2021 7:45:07 AM,False,5844,Accepted,
27636533,0568000,LOUISVILLE METRO POLICE DEPT,Accepted,JEFFERSON,I 0065,,I65 N,,,,,I 0065,I65 N EXIT130 OFF RAMP TO KY61,I 0065,I65 N EXIT131A OFF RAMP,38.177114500,-85.719187937,129.662,12/31/2020 12:00:00 AM,1728,2,2,0,1,CLEAR,DRY,False,REAR END IN TRAFFIC LANES BOTH VEHICLES MOVING,REAR END,STRAIGHT & LEVEL,DARK-HWY LIGHTED/ON,,,1/5/2021 1:04:11 PM,False,7451,Accepted,
27631333,0568000,LOUISVILLE METRO POLICE DEPT,Accepted,JEFFERSON,KY2052,,SHEPHERDSVILLE,RD,,KY1747,FERN VALLEY,,,,,38.156285016,-85.659823415,1.202,12/31/2020 12:00:00 AM,2224,4,1,0,1,CLEAR,DRY,False,OTHER INTERSECTION COLLISIONS,REAR END,STRAIGHT & LEVEL,DARK-HWY LIGHTED/ON,,,1/4/2021 9:49:02 AM,False,5116,Accepted,
27682841,0568000,LOUISVILLE METRO POLICE DEPT,Accepted,JEFFERSON,,10100,BROOKRIDGE VILLAGE,BLVD,,,,,,,,38.145320154,-85.584015347,0.052,12/31/2020 12:00:00 AM,1000,2,2,0,0,RAINING,WET,True,COLLISION IN PARKING LOT,BACKING,STRAIGHT & LEVEL,DAYLIGHT,,,1/18/2021 7:54:23 AM,False,2321,Accepted,
27679226,0560400,SHIVELY POLICE DEPARTMENT,Accepted,JEFFERSON,I 0264,,I264 W,,,,,I 0264,I264 W EXIT8 ON RAMP FROM US31W S,I 0264,I264 W EXIT5 RAMP KY1934,38.194477939,-85.829324623,6.215,12/31/2020 12:00:00 AM,2324,4,4,0,0,CLOUDY,DRY,True,REAR END IN TRAFFIC LANES BOTH VEHICLES MOVING,REAR END,STRAIGHT & LEVEL,DARK-HWY LIGHTED/ON,,,1/16/2021 7:54:13 PM,False,7109,Accepted,
27619140,0568000,LOUISVILLE METRO POLICE DEPT,Accepted,JEFFERSON,,5900,RANGELAND,RD,,KY2052,SHEPHERDSVILLE,,,,,38.164387991,-85.659920383,1.225,12/31/2020 12:00:00 AM,0100,4,4,0,0,RAINING,WET,True,COLLISION WITH PARKED VEHICLE,ANGLE,STRAIGHT & LEVEL,DARK (UNKNOWN ROADWAY LIGHTING),,,12/31/2020 7:06:46 AM,False,7492,Accepted,
27630956,0568000,LOUISVILLE METRO POLICE DEPT,Accepted,JEFFERSON,,10414,OAK GROVE,RD,,,,,,,,38.092391321,-85.593519630,,12/31/2020 12:00:00 AM,0720,1,1,0,0,CLOUDY,WET,False,COLLISION WITH FIXED OBJECT NON - INTERSECTION - FIRST EVENT COLLISION 09 - 32 EXCLUDING 16,SINGLE VEHICLE,STRAIGHT & LEVEL,DARK-HWY LIGHTED/OFF,,,1/4/2021 9:44:57 AM,False,6886,Accepted,
27630968,0568000,LOUISVILLE METRO POLICE DEPT,Accepted,JEFFERSON,US0060A,,EASTERN,PKWY,,,,,,,,38.228893439,-85.715374742,6.435,12/31/2020 12:00:00 AM,1142,2,2,0,0,CLOUDY,DRY,True,SIDESWIPE COLLISION - SAME DIRECTION,SIDESWIPE-SAME DIRECTION,STRAIGHT & LEVEL,DAYLIGHT,,,1/4/2021 9:46:38 AM,False,5112,Accepted,
27630965,0568000,LOUISVILLE METRO POLICE DEPT,Accepted,JEFFERSON,KY2048,,CANNONS,LN,,,DUTCHMANS,,,,,38.225938618,-85.650648911,0.489,12/31/2020 12:00:00 AM,1219,2,2,0,0,CLOUDY,WET,True,OTHER INTERSECTION COLLISIONS,REAR END,STRAIGHT & LEVEL,DAYLIGHT,,,1/4/2021 9:46:18 AM,False,5331,Accepted,