IncidentID,AgencyORI,AgencyName,IncidentStatusDesc,County,RdwyNumber,Street,RoadwayName,StreetSfx,StreetDir,IntersectionRdwy,IntersectionRdwyName,BetweenStRdwy1,BetweenStRdwyName1,BetweenStRdwy2,BetweenStRdwyName2,Latitude,Longitude,Milepoint,CollisionDate,CollisionTime,UnitsInvolved,MotorVehiclesInvolved,NumberKilled,NumberInjured,Weather,RdwyConditionCode,HitandRun,DirAnalysisCode,MannerofCollision,RdwyCharacter,LightCondition,RampFromRdwyId,RampToRdwyId,AcceptedDate,IsSecondaryCollision,OwnerBadge,IncidentStatus,
27630966,0568000,LOUISVILLE METRO POLICE DEPT,Accepted,JEFFERSON,KY1934,,GREENBELT,HWY,,,RAGGARD,,,,,38.174565065,-85.871172700,6.617,12/31/2020 12:00:00 AM,1155,3,3,0,2,CLOUDY,DRY,False,ANGLE COLLISION - ONE VEHICLE TURNING LEFT,ANGLE,STRAIGHT & LEVEL,DAYLIGHT,,,1/4/2021 9:46:28 AM,False,5336,Accepted,
27630981,0568000,LOUISVILLE METRO POLICE DEPT,Accepted,JEFFERSON,KY0022,,BROWNSBORO,RD,,,CORONADO,,,,,38.297750700,-85.598130836,2.389,12/31/2020 12:00:00 AM,2223,2,2,0,0,CLEAR,DRY,True,ANGLE COLLISION - OTHER,ANGLE,STRAIGHT & LEVEL,DARK (UNKNOWN ROADWAY LIGHTING),,,1/4/2021 9:48:01 AM,False,5322,Accepted,
27630989,0568000,LOUISVILLE METRO POLICE DEPT,Accepted,JEFFERSON,I 0064,,I64 W,,,,,I 0064,I64 W EXIT8 OFF RAMP TO  GRINSTEAD DR,I 0064,I64 TURN AROUND9,38.244565124,-85.697178685,8.071,12/31/2020 12:00:00 AM,0657,2,2,0,0,CLEAR,DRY,False,REAR END IN TRAFFIC LANES BOTH VEHICLES MOVING,REAR END,CURVE & LEVEL,DARK-HWY LIGHTED/ON,,,1/4/2021 9:48:26 AM,False,5274,Accepted,
27630990,0568000,LOUISVILLE METRO POLICE DEPT,Accepted,JEFFERSON,,2928,FIELD,AVE,,,,,,,,38.258028481,-85.685853271,0.404,12/31/2020 12:00:00 AM,2127,2,2,0,0,CLEAR,DRY,False,1 VEHICLE PARKED POSITION (NOT PARKING LOT/DRIVEWAY),SIDESWIPE-SAME DIRECTION,STRAIGHT & LEVEL,DARK-HWY NOT LIGHTED,,,1/4/2021 9:48:29 AM,False,5243,Accepted,
27630976,0568000,LOUISVILLE METRO POLICE DEPT,Accepted,JEFFERSON,,,15TH,ST,S,,,,,,,38.235595853,-85.778534116,0.707,12/31/2020 12:00:00 AM,2139,2,2,0,0,CLOUDY,DRY,True,1 VEHICLE ENTERING/LEAVING ENTRANCE,ANGLE,STRAIGHT & LEVEL,DARK-HWY LIGHTED/ON,,,1/4/2021 9:47:43 AM,False,5303,Accepted,
27630984,0568000,LOUISVILLE METRO POLICE DEPT,Accepted,JEFFERSON,,,6TH,ST,S,US0150,BROADWAY,,,,,38.246323883,-85.761717199,0.742,12/31/2020 12:00:00 AM,2212,2,1,0,1,CLEAR,DRY,True,COLLISION WITH BICYCLE IN INTERSECTION,SINGLE VEHICLE,STRAIGHT & LEVEL,DARK-HWY LIGHTED/ON,,,1/4/2021 9:48:06 AM,False,7325,Accepted,
27630992,0568000,LOUISVILLE METRO POLICE DEPT,Accepted,JEFFERSON,US0060A,1606,BERRY,BLVD,,,,,,,,38.196530023,-85.790572397,1.045,12/31/2020 12:00:00 AM,2305,2,2,0,0,CLEAR,DRY,False,1 VEHICLE PARKED POSITION (NOT PARKING LOT/DRIVEWAY),SIDESWIPE-SAME DIRECTION,STRAIGHT & LEVEL,DARK-HWY LIGHTED/ON,,,1/4/2021 9:48:38 AM,False,5183,Accepted,
27630991,0568000,LOUISVILLE METRO POLICE DEPT,Accepted,JEFFERSON,US0031W,,MAIN,ST,W,,18TH,,,,,38.259184017,-85.779699282,20.662,12/31/2020 12:00:00 AM,1902,2,2,0,2,CLEAR,DRY,False,ANGLE COLLISION - OTHER,ANGLE,STRAIGHT & LEVEL,DARK-HWY LIGHTED/ON,,,1/4/2021 9:48:33 AM,False,7190,Accepted,
27631000,0568000,LOUISVILLE METRO POLICE DEPT,Accepted,JEFFERSON,,,ARLONE,CT,,,UPPER HUNTERS,,,,,38.164628941,-85.843475804,0.217,12/31/2020 12:00:00 AM,2339,1,1,0,0,CLEAR,DRY,True,COLLISION WITH FIXED OBJECT IN INTERSECTION - FIRST EVENT COLLISION 09 - 32,SINGLE VEHICLE,CURVE & LEVEL,DARK (UNKNOWN ROADWAY LIGHTING),,,1/4/2021 9:49:41 AM,False,5059,Accepted,
27641214,0568000,LOUISVILLE METRO POLICE DEPT,Accepted,JEFFERSON,US0031W,,DIXIE,HWY,,KY1931,GREENWOOD,,,,,38.143540718,-85.839632171,11.684,12/31/2020 12:00:00 AM,0830,2,2,0,0,CLOUDY,WET,True,OTHER INTERSECTION COLLISIONS,REAR END,STRAIGHT & LEVEL,DAYLIGHT,,,1/6/2021 2:39:50 PM,False,7340,Accepted,
27636518,0568000,LOUISVILLE METRO POLICE DEPT,Accepted,JEFFERSON,,,GLOBAL,DR,,,,,,,,38.139742934,-85.893290806,0.316,12/31/2020 12:00:00 AM,0700,2,2,0,0,CLOUDY,WET,False,COLLISION IN PARKING LOT,ANGLE,STRAIGHT & LEVEL,DARK-HWY LIGHTED/ON,,,1/5/2021 1:03:39 PM,False,7340,Accepted,
27636542,0568000,LOUISVILLE METRO POLICE DEPT,Accepted,JEFFERSON,I 0065,,I65 S,,,,,I 0065,I65 S EXIT133 ON RAMP FROM  EASTERN PKWY,I 0065,I65 S EXIT132 OFF RAMP TO  CRITTENDEN DR,38.209852135,-85.753084066,132.741,12/31/2020 12:00:00 AM,0900,3,3,0,1,CLOUDY,DRY,True,SIDESWIPE COLLISION - SAME DIRECTION,SIDESWIPE-SAME DIRECTION,CURVE & LEVEL,DAYLIGHT,,,1/5/2021 1:04:45 PM,False,7398,Accepted,
27631879,0568000,LOUISVILLE METRO POLICE DEPT,Accepted,JEFFERSON,I 0265,,I265 E,,,,,,,,,38.196775995,-85.507953600,23.683,12/30/2020 12:00:00 AM,1427,1,1,0,3,RAINING,WET,False,COLLISION WITH FIXED OBJECT NON - INTERSECTION - FIRST EVENT COLLISION 09 - 32 EXCLUDING 16,SINGLE VEHICLE,STRAIGHT & GRADE,DAYLIGHT,,,1/4/2021 11:53:55 AM,False,8278,Accepted,
27641281,0568000,LOUISVILLE METRO POLICE DEPT,Accepted,JEFFERSON,,,15TH,ST,S,,PRENTICE,,,,,38.240369727,-85.777781272,1.036,12/30/2020 12:00:00 AM,0154,2,1,1,0,CLEAR,DRY,True,COLLISION WITH PEDESTRIAN IN INTERSECTION,SINGLE VEHICLE,STRAIGHT & LEVEL,DARK-HWY LIGHTED/ON,,,1/6/2021 2:52:59 PM,False,2142,Accepted,
27636529,0568000,LOUISVILLE METRO POLICE DEPT,Accepted,JEFFERSON,KY1931,,ST ANDREWS CHURCH,RD,,,ARNOLDTOWN,,,,,38.149493160,-85.824196301,4.112,12/30/2020 12:00:00 AM,1558,2,2,0,1,RAINING,WET,False,ANGLE COLLISION - OTHER,ANGLE,STRAIGHT & LEVEL,DAYLIGHT,,,1/5/2021 1:04:02 PM,False,2098,Accepted,
27619125,0568000,LOUISVILLE METRO POLICE DEPT,Accepted,JEFFERSON,KY0864,,POPLAR LEVEL,RD,,,,,,,,38.181742009,-85.696850539,10.182,12/30/2020 12:00:00 AM,1249,2,2,0,0,RAINING,WET,False,1 VEHICLE ENTERING/LEAVING ENTRANCE,ANGLE,STRAIGHT & LEVEL,DAYLIGHT,,,12/31/2020 7:05:55 AM,False,4693,Accepted,
27619124,0568000,LOUISVILLE METRO POLICE DEPT,Accepted,JEFFERSON,KY0061,,PRESTON,HWY,,,,,,,,38.137965134,-85.686600229,3.924,12/30/2020 12:00:00 AM,0849,1,1,0,0,CLOUDY,DRY,False,COLLISION WITH FIXED OBJECT NON - INTERSECTION - FIRST EVENT COLLISION 09 - 32 EXCLUDING 16,SINGLE VEHICLE,STRAIGHT & LEVEL,DAYLIGHT,,,12/31/2020 7:05:52 AM,False,4693,Accepted,
27661489,0568000,LOUISVILLE METRO POLICE DEPT,Accepted,JEFFERSON,I 0265,,I265 S,,,,,,,,,38.310783985,-85.572685524,34.118,12/30/2020 12:00:00 AM,0644,2,2,0,1,CLEAR,DRY,True,SIDESWIPE COLLISION - SAME DIRECTION,SIDESWIPE-SAME DIRECTION,STRAIGHT & LEVEL,DAWN,,,1/12/2021 8:08:58 AM,False,7330,Accepted,
27661470,0568000,LOUISVILLE METRO POLICE DEPT,Accepted,JEFFERSON,,7213,SKY BLUE,AVE,,,,,,,,38.147267523,-85.851691705,0.225,12/30/2020 12:00:00 AM,1809,2,2,0,1,RAINING,WET,False,REAR END IN TRAFFIC LANES BOTH VEHICLES MOVING,REAR END,STRAIGHT & LEVEL,DARK-HWY NOT LIGHTED,,,1/12/2021 8:06:59 AM,False,7817,Accepted,
27630967,0568000,LOUISVILLE METRO POLICE DEPT,Accepted,JEFFERSON,,,PORTLAND,AVE,,US0150,22ND,,,,,38.268410863,-85.782592070,0.693,12/30/2020 12:00:00 AM,1500,2,2,0,2,RAINING,WET,False,OTHER INTERSECTION COLLISIONS,REAR END,STRAIGHT & LEVEL,DAYLIGHT,,,1/4/2021 9:46:33 AM,False,2403,Accepted,
27630959,0568000,LOUISVILLE METRO POLICE DEPT,Accepted,JEFFERSON,,540,20TH,ST,S,,,,,,,38.254448623,-85.784611454,0.393,12/30/2020 12:00:00 AM,0053,3,3,0,0,CLEAR,DRY,False,1 VEHICLE PARKED POSITION (NOT PARKING LOT/DRIVEWAY),SIDESWIPE-OPPOSITE DIRECTION,STRAIGHT & LEVEL,DARK-HWY LIGHTED/ON,,,1/4/2021 9:45:35 AM,False,5008,Accepted,
27630957,0568000,LOUISVILLE METRO POLICE DEPT,Accepted,JEFFERSON,US0031E,3408,BARDSTOWN,RD,,,,,HEATHER,,MEADOW,38.204759611,-85.665850529,11.501,12/30/2020 12:00:00 AM,1226,2,2,0,0,RAINING,WET,False,SIDESWIPE COLLISION - SAME DIRECTION,SIDESWIPE-SAME DIRECTION,STRAIGHT & LEVEL,DAYLIGHT,,,1/4/2021 9:45:04 AM,False,7938,Accepted,
27623112,0560400,SHIVELY POLICE DEPARTMENT,Accepted,JEFFERSON,US0031W,2401,DIXIE,HWY,,,,,WATHEN,,FUST,38.215944355,-85.795470576,17.124,12/30/2020 12:00:00 AM,1840,2,2,0,0,RAINING,WET,False,COLLISION IN PARKING LOT,BACKING,STRAIGHT & LEVEL,DARK (UNKNOWN ROADWAY LIGHTING),,,1/1/2021 6:28:32 PM,False,7124,Accepted,
27619135,0568000,LOUISVILLE METRO POLICE DEPT,Accepted,JEFFERSON,I 0264,,,,,,,,,,,38.189901098,-85.781046629,0.094,12/30/2020 12:00:00 AM,1923,2,2,0,1,RAINING,WET,False,OTHER RAMP RELATED COLLISIONS NOT LISTED ABOVE,SIDESWIPE-SAME DIRECTION,STRAIGHT & LEVEL,DARK-HWY LIGHTED/ON,I 0264,KY1865,12/31/2020 7:06:29 AM,False,5258,Accepted,
27630963,0568000,LOUISVILLE METRO POLICE DEPT,Accepted,JEFFERSON,,2110,LAKESIDE,DR,,,,,,,,38.221672370,-85.686588698,0.176,12/30/2020 12:00:00 AM,1527,5,5,0,1,RAINING,WET,False,1 VEHICLE PARKED POSITION (NOT PARKING LOT/DRIVEWAY),SIDESWIPE-SAME DIRECTION,CURVE & LEVEL,DAYLIGHT,,,1/4/2021 9:46:05 AM,True,5331,Accepted,
27620618,0561500,UNIV. OF LOUISVILLE POLICE,Accepted,JEFFERSON,KY1020,,2ND,ST,S,,CARDINAL,,,,,38.220553013,-85.759772518,10.331,12/30/2020 12:00:00 AM,1520,2,2,0,0,RAINING,WET,False,ANGLE COLLISION - OTHER,ANGLE,STRAIGHT & LEVEL,DAYLIGHT,,,12/31/2020 6:18:56 PM,False,5701,Accepted,
27619137,0568000,LOUISVILLE METRO POLICE DEPT,Accepted,JEFFERSON,,819,MUHAMMAD ALI,BLVD,E,,,,,,,38.249218298,-85.739496861,0.323,12/30/2020 12:00:00 AM,2357,2,2,0,0,RAINING,WET,False,1 VEHICLE PARKED POSITION (NOT PARKING LOT/DRIVEWAY),SIDESWIPE-SAME DIRECTION,STRAIGHT & LEVEL,DARK-HWY LIGHTED/ON,,,12/31/2020 7:06:37 AM,False,5135,Accepted,
27619121,0568000,LOUISVILLE METRO POLICE DEPT,Accepted,JEFFERSON,,,MANSLICK,RD,,,,,,,,38.152544421,-85.791002920,0.022,12/30/2020 12:00:00 AM,0746,1,1,0,1,CLEAR,DRY,False,COLLISION WITH FIXED OBJECT NON - INTERSECTION - FIRST EVENT COLLISION 09 - 32 EXCLUDING 16,SINGLE VEHICLE,CURVE & HILLCREST,DAYLIGHT,,,12/31/2020 7:05:41 AM,False,7444,Accepted,
27619122,0568000,LOUISVILLE METRO POLICE DEPT,Accepted,JEFFERSON,US0031W,5129,DIXIE,HWY,,,,,BONNYVILLE,,MEYERS,38.165951430,-85.829770526,13.136,12/30/2020 12:00:00 AM,0722,3,3,0,2,CLEAR,DRY,False,HEAD-ON COLLISION,HEAD ON,STRAIGHT & LEVEL,DARK-HWY LIGHTED/ON,,,12/31/2020 7:05:45 AM,False,7339,Accepted,
27619128,0568000,LOUISVILLE METRO POLICE DEPT,Accepted,JEFFERSON,,,MAGAZINE,ST,,,24TH,,,,,38.251281718,-85.791259751,1.318,12/30/2020 12:00:00 AM,1610,2,2,0,2,RAINING,WET,False,COLLISION WITH PARKED VEHICLE,ANGLE,STRAIGHT & LEVEL,DAYLIGHT,,,12/31/2020 7:06:05 AM,False,7805,Accepted,
27619129,0568000,LOUISVILLE METRO POLICE DEPT,Accepted,JEFFERSON,,,LONSDALE,AVE,,,WOODY,,,,,38.177847081,-85.786395315,0.110,12/30/2020 12:00:00 AM,1821,3,3,0,1,CLOUDY,WET,False,COLLISION WITH PARKED VEHICLE,SIDESWIPE-OPPOSITE DIRECTION,STRAIGHT & LEVEL,DUSK,,,12/31/2020 7:06:09 AM,False,7204,Accepted,
27616086,0568000,LOUISVILLE METRO POLICE DEPT,Accepted,JEFFERSON,,,JOHNSON,ST,N,US0042,MAIN,,,,,38.253872733,-85.731289891,0.143,12/30/2020 12:00:00 AM,0542,2,2,0,0,CLEAR,DRY,False,ANGLE COLLISION - OTHER,ANGLE,STRAIGHT & LEVEL,DUSK,,,12/30/2020 8:06:33 AM,False,7904,Accepted,
27617014,0560300,ST. MATTHEWS POLICE DEPARTMENT,Accepted,JEFFERSON,I 0264,,,,,,,,,,,38.265421814,-85.623753739,0.058,12/30/2020 12:00:00 AM,0850,2,2,0,0,CLOUDY,DRY,False,OTHER RAMP RELATED COLLISIONS NOT LISTED ABOVE,REAR END,STRAIGHT & HILLCREST,DAYLIGHT,I 0264,KY1447,12/30/2020 2:18:26 PM,False,9157,Accepted,
27619123,0568000,LOUISVILLE METRO POLICE DEPT,Accepted,JEFFERSON,,,5TH,ST,S,US0031W,MARKET,,,,,38.255401710,-85.758411884,3.711,12/30/2020 12:00:00 AM,1228,2,1,0,0,RAINING,WET,False,COLLISION WITH PEDESTRIAN IN INTERSECTION,SINGLE VEHICLE,STRAIGHT & LEVEL,DAYLIGHT,,,12/31/2020 7:05:49 AM,False,7148,Accepted,
27619131,0568000,LOUISVILLE METRO POLICE DEPT,Accepted,JEFFERSON,,,SHAWNEE,DR,,,,,,,,38.262754131,-85.824428810,0.134,12/30/2020 12:00:00 AM,1700,4,4,0,2,RAINING,WET,True,1 VEHICLE ENTERING/LEAVING ENTRANCE,ANGLE,STRAIGHT & GRADE,DAYLIGHT,,,12/31/2020 7:06:16 AM,False,7357,Accepted,
27616073,0568000,LOUISVILLE METRO POLICE DEPT,Accepted,JEFFERSON,,,BRECKINRIDGE,ST,W,,1ST,,,,,38.241391617,-85.754253520,0.007,12/29/2020 12:00:00 AM,1001,2,2,0,0,CLEAR,DRY,True,ANGLE COLLISION - OTHER,ANGLE,STRAIGHT & LEVEL,DAYLIGHT,,,12/30/2020 8:05:40 AM,False,5301,Accepted,
27616078,0568000,LOUISVILLE METRO POLICE DEPT,Accepted,JEFFERSON,US0150,,BROADWAY,,W,US0031W,DR W J HODGE,,,,,38.249165591,-85.786524235,0.825,12/29/2020 12:00:00 AM,1744,2,2,0,1,CLEAR,DRY,False,ANGLE COLLISION - OTHER,ANGLE,STRAIGHT & LEVEL,DAYLIGHT,,,12/30/2020 8:06:01 AM,False,7220,Accepted,
27616079,0568000,LOUISVILLE METRO POLICE DEPT,Accepted,JEFFERSON,,,BEECHER,ST,,,5TH,,,,,38.192054034,-85.768337281,0.813,12/29/2020 12:00:00 AM,1840,2,2,0,0,CLEAR,DRY,False,OPPOSITE DIRECTION - BOTH VEHICLES GOING STRAIGHT AHEAD,SIDESWIPE-OPPOSITE DIRECTION,STRAIGHT & LEVEL,DARK-HWY LIGHTED/ON,,,12/30/2020 8:06:05 AM,False,7360,Accepted,
27616080,0568000,LOUISVILLE METRO POLICE DEPT,Accepted,JEFFERSON,,,CHERI,WAY,,,,,,,,38.120430241,-85.748808867,0.038,12/29/2020 12:00:00 AM,2151,2,2,0,1,CLEAR,DRY,False,REAR END IN TRAFFIC LANES BOTH VEHICLES MOVING,REAR END,STRAIGHT & LEVEL,DARK-HWY LIGHTED/OFF,,,12/30/2020 8:06:09 AM,False,7244,Accepted,
27616069,0568000,LOUISVILLE METRO POLICE DEPT,Accepted,JEFFERSON,,,PAGES,LN,E,,STANDING OAK,,,,,38.129848837,-85.846804669,0.062,12/29/2020 12:00:00 AM,1211,2,2,0,0,CLEAR,DRY,False,ANGLE COLLISION - OTHER,ANGLE,STRAIGHT & LEVEL,DAYLIGHT,,,12/30/2020 8:05:23 AM,False,7174,Accepted,
27616070,0568000,LOUISVILLE METRO POLICE DEPT,Accepted,JEFFERSON,KY1865,,TAYLOR,BLVD,,,,,,,,38.189410155,-85.783434153,5.731,12/29/2020 12:00:00 AM,1242,3,3,0,1,CLEAR,DRY,False,1 VEHICLE ENTERING/LEAVING ENTRANCE,ANGLE,STRAIGHT & LEVEL,DAYLIGHT,,,12/30/2020 8:05:28 AM,False,8278,Accepted,
27616071,0568000,LOUISVILLE METRO POLICE DEPT,Accepted,JEFFERSON,KY1020,,3RD,ST,S,,CENTRAL,,,,,38.204702784,-85.763966251,9.473,12/29/2020 12:00:00 AM,1230,2,2,0,1,CLEAR,DRY,False,OTHER INTERSECTION COLLISIONS,REAR END,STRAIGHT & LEVEL,DAYLIGHT,,,12/30/2020 8:05:32 AM,False,7298,Accepted,
27620617,0561500,UNIV. OF LOUISVILLE POLICE,Accepted,JEFFERSON,,,4TH,ST,S,,BRANDEIS,,,,,38.219507207,-85.762963446,2.582,12/29/2020 12:00:00 AM,1511,2,2,0,0,CLEAR,DRY,False,ANGLE COLLISION - OTHER,ANGLE,STRAIGHT & LEVEL,DAYLIGHT,,,12/31/2020 6:18:53 PM,False,5701,Accepted,
27631054,0568000,LOUISVILLE METRO POLICE DEPT,Accepted,JEFFERSON,I 0265,,I265 S,,,,,,,,,38.302107939,-85.556007791,33.000,12/29/2020 12:00:00 AM,1820,3,2,1,0,CLEAR,DRY,True,COLLISION WITH PEDESTRIAN NON - INTERSECTION,HEAD ON,STRAIGHT & LEVEL,DARK-HWY LIGHTED/ON,,,1/4/2021 9:53:39 AM,False,2217,Accepted,
27630999,0568000,LOUISVILLE METRO POLICE DEPT,Accepted,JEFFERSON,I 0065,,I65 N,,,,,,,,,38.212444875,-85.752793471,132.923,12/29/2020 12:00:00 AM,1400,2,2,0,0,CLOUDY,DRY,False,SIDESWIPE COLLISION - SAME DIRECTION,SIDESWIPE-SAME DIRECTION,CURVE & LEVEL,DAYLIGHT,,,1/4/2021 9:49:37 AM,False,7305,Accepted,
27631007,0568000,LOUISVILLE METRO POLICE DEPT,Accepted,JEFFERSON,,,MCCLOSKEY,AVE,,,DIXDALE,,,,,38.221906660,-85.788249200,0.213,12/29/2020 12:00:00 AM,1052,2,2,0,1,CLEAR,DRY,False,ANGLE COLLISION - OTHER,ANGLE,STRAIGHT & LEVEL,DAYLIGHT,,,1/4/2021 9:50:26 AM,False,5002,Accepted,
27616075,0568000,LOUISVILLE METRO POLICE DEPT,Accepted,JEFFERSON,,,TEANECK,LN,,KY2051,ROCKFORD,,,,,38.179659836,-85.851712297,0.023,12/29/2020 12:00:00 AM,1224,2,2,0,0,CLEAR,DRY,False,OPPOSING LEFT TURN,OPPOSING LEFT TURN,STRAIGHT & LEVEL,DAYLIGHT,,,12/30/2020 8:05:48 AM,False,5323,Accepted,
27616076,0568000,LOUISVILLE METRO POLICE DEPT,Accepted,JEFFERSON,US0031W,,DIXIE,HWY,,,LOWER HUNTERS,,,,,38.156196035,-85.834656151,12.434,12/29/2020 12:00:00 AM,1746,3,3,0,0,CLEAR,DRY,True,OTHER INTERSECTION COLLISIONS,REAR END,STRAIGHT & LEVEL,DARK-HWY LIGHTED/ON,,,12/30/2020 8:05:52 AM,False,7356,Accepted,
27616084,0568000,LOUISVILLE METRO POLICE DEPT,Accepted,JEFFERSON,,,4TH,ST,S,,HEYWOOD,,,,,38.206395978,-85.765335992,3.495,12/29/2020 12:00:00 AM,2237,1,1,0,1,CLEAR,DRY,False,COLLISION WITH FIXED OBJECT IN INTERSECTION - FIRST EVENT COLLISION 09 - 32,SINGLE VEHICLE,STRAIGHT & LEVEL,DARK-HWY LIGHTED/ON,,,12/30/2020 8:06:24 AM,False,5300,Accepted,
27616074,0568000,LOUISVILLE METRO POLICE DEPT,Accepted,JEFFERSON,US0031W,,DIXIE,HWY,,KY0907,VALLEY STATION,,,,,38.107648969,-85.866633876,8.630,12/29/2020 12:00:00 AM,1514,2,2,0,0,CLEAR,DRY,False,OPPOSING LEFT TURN,OPPOSING LEFT TURN,STRAIGHT & LEVEL,DAYLIGHT,,,12/30/2020 8:05:44 AM,False,6877,Accepted,
27616066,0568000,LOUISVILLE METRO POLICE DEPT,Accepted,JEFFERSON,,,SHEPHERDSVILLE,RD,,KY2845,MANSLICK,,,,,38.119374457,-85.668718548,1.512,12/29/2020 12:00:00 AM,1124,2,2,0,1,CLEAR,DRY,False,ANGLE COLLISION - ONE VEHICLE TURNING LEFT,ANGLE,STRAIGHT & LEVEL,DAYLIGHT,,,12/30/2020 8:05:08 AM,False,2017,Accepted,
27616067,0568000,LOUISVILLE METRO POLICE DEPT,Accepted,JEFFERSON,KY3064,,PORTLAND,AVE,,,24TH,,,,,38.270036253,-85.787138257,0.275,12/29/2020 12:00:00 AM,1249,2,2,0,0,CLEAR,DRY,False,ANGLE COLLISION - OTHER,ANGLE,STRAIGHT & LEVEL,DAYLIGHT,,,12/30/2020 8:05:15 AM,False,7305,Accepted,
27641251,0568000,LOUISVILLE METRO POLICE DEPT,Accepted,JEFFERSON,,,26TH,ST,S,,CHESTNUT,,,,,38.253028231,-85.794505541,0.534,12/29/2020 12:00:00 AM,2136,3,3,0,1,CLEAR,DRY,False,ANGLE COLLISION - OTHER,ANGLE,STRAIGHT & LEVEL,DARK-HWY LIGHTED/ON,,,1/6/2021 2:51:22 PM,False,5047,Accepted,
27641277,0568000,LOUISVILLE METRO POLICE DEPT,Accepted,JEFFERSON,,,CHESTNUT,ST,W,,15TH,,,,,38.250952573,-85.776077559,1.364,12/28/2020 12:00:00 AM,0108,2,2,0,1,CLEAR,DRY,False,ANGLE COLLISION - OTHER,ANGLE,STRAIGHT & LEVEL,DARK-HWY LIGHTED/ON,,,1/6/2021 2:52:52 PM,False,7325,Accepted,
27641293,0568000,LOUISVILLE METRO POLICE DEPT,Accepted,JEFFERSON,KY2054,,ALGONQUIN,PKWY,,US0031W,22ND,,,,,38.223347826,-85.795102780,1.504,12/28/2020 12:00:00 AM,1435,2,2,0,1,CLEAR,DRY,False,ANGLE COLLISION - OTHER,ANGLE,STRAIGHT & LEVEL,DAYLIGHT,,,1/6/2021 2:53:29 PM,False,5272,Accepted,
27648589,0568000,LOUISVILLE METRO POLICE DEPT,Accepted,JEFFERSON,,,15TH,ST,S,,,,ORMSBY,,DUMESNIL,38.235105430,-85.778613822,0.673,12/28/2020 12:00:00 AM,2200,2,2,0,2,CLEAR,DRY,False,1 VEHICLE PARKED POSITION (NOT PARKING LOT/DRIVEWAY),HEAD ON,STRAIGHT & LEVEL,DARK (UNKNOWN ROADWAY LIGHTING),,,1/8/2021 10:53:29 AM,False,7995,Accepted,
27616068,0568000,LOUISVILLE METRO POLICE DEPT,Accepted,JEFFERSON,KY2251,3721,BARDSTOWN,RD,,,,,,,,38.198106499,-85.657298800,0.836,12/28/2020 12:00:00 AM,1900,1,1,0,0,CLEAR,DRY,True,COLLISION IN PARKING LOT,SINGLE VEHICLE,STRAIGHT & LEVEL,DAYLIGHT,,,12/30/2020 8:05:19 AM,False,5247,Accepted,
27616065,0568000,LOUISVILLE METRO POLICE DEPT,Accepted,JEFFERSON,KY1931,,MANSLICK,RD,,,,,,,,38.178927056,-85.798923195,7.196,12/28/2020 12:00:00 AM,1730,2,2,0,1,CLEAR,DRY,True,1 VEHICLE ENTERING/LEAVING ENTRANCE,ANGLE,STRAIGHT & HILLCREST,DARK-HWY LIGHTED/ON,,,12/30/2020 8:05:04 AM,False,7667,Accepted,
27611795,0568000,LOUISVILLE METRO POLICE DEPT,Accepted,JEFFERSON,KY1065,,OUTER,LOOP,,,,,BRIARCLIFF,,LONE OAK,38.137652139,-85.690043143,5.867,12/28/2020 12:00:00 AM,1640,2,2,0,1,CLEAR,DRY,False,REAR END IN TRAFFIC LANES BOTH VEHICLES MOVING,REAR END,STRAIGHT & LEVEL,DAYLIGHT,,,12/29/2020 8:31:39 AM,False,2324,Accepted,
27611796,0568000,LOUISVILLE METRO POLICE DEPT,Accepted,JEFFERSON,KY1065,,OUTER,LOOP,,,,,JUDGE,,LAUREL RIDGE,38.137767524,-85.671956662,6.865,12/28/2020 12:00:00 AM,1601,2,2,0,0,CLEAR,FLOODED,False,SIDESWIPE COLLISION - SAME DIRECTION,SIDESWIPE-SAME DIRECTION,STRAIGHT & LEVEL,DAYLIGHT,,,12/29/2020 8:31:42 AM,False,2547,Accepted,
27611797,0568000,LOUISVILLE METRO POLICE DEPT,Accepted,JEFFERSON,,,AIKEN,RD,,,,KY1531,JOHNSON,KY1531,AIKEN,38.265460073,-85.459556227,4.143,12/28/2020 12:00:00 AM,0944,1,1,0,1,CLOUDY,OTHER,False,COLLISION WITH FIXED OBJECT NON - INTERSECTION - FIRST EVENT COLLISION 09 - 32 EXCLUDING 16,SINGLE VEHICLE,CURVE & HILLCREST,DAYLIGHT,,,12/29/2020 8:31:46 AM,False,7751,Accepted,
27616077,0568000,LOUISVILLE METRO POLICE DEPT,Accepted,JEFFERSON,,,RIVER PARK,DR,,,35TH,,,,,38.254624780,-85.809191169,0.973,12/28/2020 12:00:00 AM,1358,2,2,0,2,CLEAR,DRY,False,ANGLE COLLISION - OTHER,ANGLE,STRAIGHT & LEVEL,DAYLIGHT,,,12/30/2020 8:05:57 AM,False,5129,Accepted,