IncidentID,AgencyORI,AgencyName,IncidentStatusDesc,County,RdwyNumber,Street,RoadwayName,StreetSfx,StreetDir,IntersectionRdwy,IntersectionRdwyName,BetweenStRdwy1,BetweenStRdwyName1,BetweenStRdwy2,BetweenStRdwyName2,Latitude,Longitude,Milepoint,CollisionDate,CollisionTime,UnitsInvolved,MotorVehiclesInvolved,NumberKilled,NumberInjured,Weather,RdwyConditionCode,HitandRun,DirAnalysisCode,MannerofCollision,RdwyCharacter,LightCondition,RampFromRdwyId,RampToRdwyId,AcceptedDate,IsSecondaryCollision,OwnerBadge,IncidentStatus,
29312661,0568000,LOUISVILLE METRO POLICE DEPT,Accepted,JEFFERSON,,,ST XAVIER,ST,,,21ST,,,,,38.264961394,-85.783270035,0.065,12/28/2020 12:00:00 AM,1900,2,2,0,0,CLEAR,DRY,False,ANGLE COLLISION - ONE VEHICLE TURNING RIGHT,ANGLE,STRAIGHT & LEVEL,DARK-HWY LIGHTED/ON,,,11/15/2021 8:21:38 AM,False,5329,Accepted,
27631016,0568000,LOUISVILLE METRO POLICE DEPT,Accepted,JEFFERSON,KY1865,,TAYLOR,BLVD,,,WOODLAWN,,,,,38.181361261,-85.783515761,5.158,12/28/2020 12:00:00 AM,2021,2,2,0,0,CLEAR,DRY,False,ANGLE COLLISION - OTHER,ANGLE,STRAIGHT & LEVEL,DARK-HWY LIGHTED/ON,,,1/4/2021 9:51:22 AM,False,7423,Accepted,
27619133,0568000,LOUISVILLE METRO POLICE DEPT,Accepted,JEFFERSON,,,SHELBY,ST,S,,,,,,,38.223445467,-85.742866327,0.520,12/28/2020 12:00:00 AM,0528,2,2,0,0,CLEAR,DRY,False,1 VEHICLE PARKED POSITION (NOT PARKING LOT/DRIVEWAY),SIDESWIPE-SAME DIRECTION,STRAIGHT & LEVEL,DARK-HWY LIGHTED/ON,,,12/31/2020 7:06:23 AM,False,5050,Accepted,
27608363,0568000,LOUISVILLE METRO POLICE DEPT,Accepted,JEFFERSON,KY1020,,2ND,ST,S,US0150,BROADWAY,,,,,38.245877573,-85.755074269,12.095,12/28/2020 12:00:00 AM,0551,2,1,0,1,CLEAR,DRY,False,COLLISION WITH BICYCLE IN INTERSECTION,SINGLE VEHICLE,STRAIGHT & LEVEL,DARK-HWY LIGHTED/ON,,,12/28/2020 10:49:06 AM,False,7111,Accepted,
27611787,0568000,LOUISVILLE METRO POLICE DEPT,Accepted,JEFFERSON,KY1727,7500,TERRY,RD,,,,,,,,38.144515331,-85.871957550,1.577,12/28/2020 12:00:00 AM,1003,1,1,0,0,CLOUDY,DRY,False,COLLISION IN PARKING LOT,SINGLE VEHICLE,STRAIGHT & LEVEL,DAYLIGHT,,,12/29/2020 8:30:41 AM,False,6877,Accepted,
27611782,0568000,LOUISVILLE METRO POLICE DEPT,Accepted,JEFFERSON,I 0071,,I71 N,,,,,I 0264,I264 W,,INDIAN HILLS,38.277287386,-85.693335661,2.046,12/28/2020 12:00:00 AM,0845,1,1,0,0,CLEAR,DRY,False,OTHER COLLISIONS ON SHOULDER,SINGLE VEHICLE,STRAIGHT & LEVEL,DAYLIGHT,,,12/29/2020 8:30:18 AM,False,7632,Accepted,
27611790,0568000,LOUISVILLE METRO POLICE DEPT,Accepted,JEFFERSON,I 0071,,,,,,,,,,,38.273870492,-85.697925287,0.202,12/28/2020 12:00:00 AM,1343,2,2,0,1,CLEAR,DRY,False,OTHER RAMP RELATED COLLISIONS NOT LISTED ABOVE,SIDESWIPE-SAME DIRECTION,STRAIGHT & GRADE,DAYLIGHT,I 0071,ZORN AVE,12/29/2020 8:30:59 AM,False,8278,Accepted,
27631028,0568000,LOUISVILLE METRO POLICE DEPT,Accepted,JEFFERSON,US0031E,,BARDSTOWN,RD,,,,,PARIS,US0031E,US31E CROSSOVER,38.201788858,-85.663807910,11.267,12/28/2020 12:00:00 AM,2126,2,2,0,0,CLEAR,DRY,False,REAR END IN TRAFFIC LANES BOTH VEHICLES MOVING,REAR END,STRAIGHT & LEVEL,DARK-HWY LIGHTED/ON,,,1/4/2021 9:52:24 AM,False,7200,Accepted,
27630962,0568000,LOUISVILLE METRO POLICE DEPT,Accepted,JEFFERSON,,10000,DIXIE,HWY,,,,,,,,38.228704360,-85.790359574,1.414,12/28/2020 12:00:00 AM,1200,2,2,0,0,CLOUDY,DRY,False,HEAD-ON COLLISION,HEAD ON,STRAIGHT & LEVEL,DAYLIGHT,,,1/4/2021 9:45:55 AM,False,2738,Accepted,
27611794,0568000,LOUISVILLE METRO POLICE DEPT,Accepted,JEFFERSON,,,MARKET,ST,W,US0031W,22ND,,,,,38.258611865,-85.786656653,0.007,12/28/2020 12:00:00 AM,1652,2,2,0,0,CLEAR,DRY,False,SIDESWIPE-SAME DIRECTION,SIDESWIPE-SAME DIRECTION,STRAIGHT & LEVEL,DAYLIGHT,,,12/29/2020 8:31:35 AM,False,7361,Accepted,
27611803,0568000,LOUISVILLE METRO POLICE DEPT,Accepted,JEFFERSON,US0150,,BROADWAY,,W,,18TH,,,,,38.248862083,-85.781124837,1.092,12/28/2020 12:00:00 AM,2308,2,2,0,1,CLEAR,DRY,False,OTHER INTERSECTION COLLISIONS,REAR END,STRAIGHT & LEVEL,DARK-HWY LIGHTED/ON,,,12/29/2020 8:32:12 AM,False,5008,Accepted,
27611800,0568000,LOUISVILLE METRO POLICE DEPT,Accepted,JEFFERSON,KY1727,6600,TERRY,RD,,,,,,,,38.155270506,-85.868509134,2.348,12/28/2020 12:00:00 AM,1606,2,1,0,0,CLEAR,DRY,False,OTHER ROADWAY OR MID-BLOCK COLLISION,SINGLE VEHICLE,STRAIGHT & LEVEL,DAYLIGHT,,,12/29/2020 8:31:59 AM,False,7356,Accepted,
27611801,0568000,LOUISVILLE METRO POLICE DEPT,Accepted,JEFFERSON,,,LOWER HUNTERS,TRCE,,,CROCKETT,,,,,38.168518197,-85.872869724,2.305,12/28/2020 12:00:00 AM,1650,1,1,0,0,CLEAR,DRY,False,COLLISION WITH FIXED OBJECT IN INTERSECTION - FIRST EVENT COLLISION 09 - 32,SINGLE VEHICLE,STRAIGHT & LEVEL,DAYLIGHT,,,12/29/2020 8:32:03 AM,False,7356,Accepted,
27611802,0568000,LOUISVILLE METRO POLICE DEPT,Accepted,JEFFERSON,I 0265,,I265 E,,,,,,,,,38.193795423,-85.508429767,23.476,12/28/2020 12:00:00 AM,2014,1,1,0,1,CLEAR,DRY,False,COLLISION WITH FIXED OBJECT NON - INTERSECTION - FIRST EVENT COLLISION 09 - 32 EXCLUDING 16,SINGLE VEHICLE,STRAIGHT & LEVEL,DARK-HWY LIGHTED/ON,,,12/29/2020 8:32:08 AM,False,7713,Accepted,
27611808,0568000,LOUISVILLE METRO POLICE DEPT,Accepted,JEFFERSON,KY0061,,PRESTON,HWY,,,,,,,,38.098326205,-85.670889930,1.029,12/28/2020 12:00:00 AM,1258,2,2,0,1,CLEAR,DRY,False,REAR END IN TRAFFIC LANES BOTH VEHICLES MOVING,REAR END,STRAIGHT & LEVEL,DAYLIGHT,,,12/29/2020 8:32:42 AM,False,4693,Accepted,
27608360,0568000,LOUISVILLE METRO POLICE DEPT,Accepted,JEFFERSON,US0150,,BROADWAY,,W,US0031W,DR W J HODGE,,,,,38.249120895,-85.786497492,0.822,12/28/2020 12:00:00 AM,0149,2,2,0,0,CLEAR,DRY,False,ANGLE COLLISION - OTHER,ANGLE,STRAIGHT & LEVEL,DARK-HWY LIGHTED/ON,,,12/28/2020 10:48:50 AM,True,5271,Accepted,
27611792,0568000,LOUISVILLE METRO POLICE DEPT,Accepted,JEFFERSON,,,AMBROSSE,LN,,KY1747,HURSTBOURNE,,,,,38.193028175,-85.604716143,,12/28/2020 12:00:00 AM,1612,2,2,0,1,CLEAR,DRY,False,ANGLE COLLISION - ONE VEHICLE TURNING LEFT,ANGLE,STRAIGHT & LEVEL,DAYLIGHT,,,12/29/2020 8:31:26 AM,False,7864,Accepted,
27611793,0568000,LOUISVILLE METRO POLICE DEPT,Accepted,JEFFERSON,KY0864,,CHESTNUT,ST,E,US0031E,BAXTER,,,,,38.251012366,-85.733004704,15.958,12/28/2020 12:00:00 AM,1401,2,2,0,0,CLEAR,DRY,False,SIDESWIPE-SAME DIRECTION,SIDESWIPE-SAME DIRECTION,STRAIGHT & LEVEL,DAYLIGHT,,,12/29/2020 8:31:31 AM,False,7969,Accepted,
27611799,0568000,LOUISVILLE METRO POLICE DEPT,Accepted,JEFFERSON,KY1020,8161,NATIONAL,TPKE,,,,,,,,38.133974831,-85.751655489,4.161,12/28/2020 12:00:00 AM,1816,2,2,0,0,CLEAR,DRY,False,COLLISION IN PARKING LOT,ANGLE,STRAIGHT & LEVEL,DARK-HWY NOT LIGHTED,,,12/29/2020 8:31:54 AM,False,7252,Accepted,
27608343,0568000,LOUISVILLE METRO POLICE DEPT,Accepted,JEFFERSON,,,HUDSON,LN,,,IDLEWOOD,,,,,38.168598985,-85.584054267,0.059,12/27/2020 12:00:00 AM,1808,2,2,0,0,CLEAR,DRY,False,ANGLE COLLISION - OTHER,ANGLE,STRAIGHT & LEVEL,DARK (UNKNOWN ROADWAY LIGHTING),,,12/28/2020 10:46:51 AM,False,7255,Accepted,
27608350,0568000,LOUISVILLE METRO POLICE DEPT,Accepted,JEFFERSON,KY1934,,GREENBELT,HWY,,,,KY1230,LOWER RIVER,US0031W,US31W RAMP FROM KY1934,38.095668773,-85.889214608,0.803,12/27/2020 12:00:00 AM,2122,1,1,0,2,CLEAR,WET,False,COLLISION WITH FIXED OBJECT NON - INTERSECTION - FIRST EVENT COLLISION 09 - 32 EXCLUDING 16,SINGLE VEHICLE,CURVE & LEVEL,DARK-HWY NOT LIGHTED,,,12/28/2020 10:47:32 AM,False,5211,Accepted,
27608351,0568000,LOUISVILLE METRO POLICE DEPT,Accepted,JEFFERSON,,1923,UPPER HUNTERS,TRCE,,,,,,,,38.168654069,-85.833553097,0.276,12/27/2020 12:00:00 AM,2251,1,1,0,1,RAINING,WET,False,OTHER ROADWAY OR MID-BLOCK COLLISION,SINGLE VEHICLE,CURVE & LEVEL,DUSK,,,12/28/2020 10:47:37 AM,False,5059,Accepted,
27608358,0568000,LOUISVILLE METRO POLICE DEPT,Accepted,JEFFERSON,,,HUBBARDS,LN,N,,HILL TOP,,,,,38.265746760,-85.645899797,1.041,12/27/2020 12:00:00 AM,2311,1,1,0,1,RAINING,WET,False,COLLISION WITH FIXED OBJECT IN INTERSECTION - FIRST EVENT COLLISION 09 - 32,SINGLE VEHICLE,STRAIGHT & HILLCREST,DARK-HWY LIGHTED/ON,,,12/28/2020 10:48:33 AM,False,5117,Accepted,
27608359,0568000,LOUISVILLE METRO POLICE DEPT,Accepted,JEFFERSON,KY3084,,OLD HENRY,RD,,,,,,,,38.270960372,-85.498737491,1.294,12/27/2020 12:00:00 AM,1856,2,2,0,0,CLEAR,DRY,False,REAR END IN TRAFFIC LANES BOTH VEHICLES MOVING,REAR END,STRAIGHT & LEVEL,DAYLIGHT,,,12/28/2020 10:48:42 AM,False,7475,Accepted,
27616063,0568000,LOUISVILLE METRO POLICE DEPT,Accepted,JEFFERSON,US0031E,,MARKET,ST,E,KY0061,PRESTON,,,,,38.254064734,-85.746092832,17.375,12/27/2020 12:00:00 AM,0746,2,2,0,0,CLEAR,DRY,False,ANGLE COLLISION - OTHER,ANGLE,STRAIGHT & LEVEL,DAYLIGHT,,,12/30/2020 8:04:53 AM,False,7266,Accepted,
27608324,0568000,LOUISVILLE METRO POLICE DEPT,Accepted,JEFFERSON,KY0841,,GENE SNYDER,FWY,,,,,,,,38.321219798,-85.613975729,36.527,12/27/2020 12:00:00 AM,0317,2,2,0,0,CLEAR,DRY,True,SIDESWIPE COLLISION - SAME DIRECTION,SIDESWIPE-SAME DIRECTION,STRAIGHT & LEVEL,DARK-HWY LIGHTED/ON,,,12/28/2020 10:45:30 AM,True,5155,Accepted,
27608348,0568000,LOUISVILLE METRO POLICE DEPT,Accepted,JEFFERSON,I 0065,,I65 S,,,,,,,,,38.209759437,-85.753033755,132.735,12/27/2020 12:00:00 AM,2230,3,3,0,0,RAINING,WET,False,REAR END IN TRAFFIC LANES BOTH VEHICLES MOVING,REAR END,CURVE & LEVEL,DARK-HWY LIGHTED/ON,,,12/28/2020 10:47:25 AM,False,5175,Accepted,
27608357,0568000,LOUISVILLE METRO POLICE DEPT,Accepted,JEFFERSON,,,POPE,ST,,,CHARLTON,,,,,38.253713711,-85.718270320,0.449,12/27/2020 12:00:00 AM,2122,1,1,0,0,CLEAR,DRY,False,COLLISION WITH FIXED OBJECT IN INTERSECTION - FIRST EVENT COLLISION 09 - 32,SINGLE VEHICLE,CURVE & LEVEL,DARK-HWY NOT LIGHTED,,,12/28/2020 10:48:24 AM,False,5117,Accepted,
27608361,0568000,LOUISVILLE METRO POLICE DEPT,Accepted,JEFFERSON,I 0264,,,,,KY2801,SOUTHERN HEIGHTS,,,,,38.189239277,-85.766729327,0.258,12/27/2020 12:00:00 AM,0109,2,2,0,0,CLOUDY,DRY,False,OTHER INTERSECTION COLLISIONS,REAR END,STRAIGHT & LEVEL,DARK (UNKNOWN ROADWAY LIGHTING),,,12/28/2020 10:48:55 AM,False,5287,Accepted,
27608362,0568000,LOUISVILLE METRO POLICE DEPT,Accepted,JEFFERSON,,,13TH,ST,S,,,US0150,BROADWAY,,BRECKINRIDGE,38.247532260,-85.773310458,0.653,12/27/2020 12:00:00 AM,2120,1,1,0,1,CLEAR,DRY,False,OCCUPANT FELL FROM MOVING VEHICLE,SINGLE VEHICLE,STRAIGHT & LEVEL,DARK-HWY LIGHTED/ON,,,12/28/2020 10:49:01 AM,False,7111,Accepted,
27608336,0568000,LOUISVILLE METRO POLICE DEPT,Accepted,JEFFERSON,,2704,GOLDSMITH,LN,,,,,,,,38.213036420,-85.659268343,1.680,12/27/2020 12:00:00 AM,1145,1,1,0,0,CLEAR,DRY,False,COLLISION WITH FIXED OBJECT NON - INTERSECTION - FIRST EVENT COLLISION 09 - 32 EXCLUDING 16,SINGLE VEHICLE,CURVE & LEVEL,DAYLIGHT,,,12/28/2020 10:46:14 AM,False,7739,Accepted,
27608338,0568000,LOUISVILLE METRO POLICE DEPT,Accepted,JEFFERSON,,,BROAD RUN,RD,,,,,,,,38.110051736,-85.533009774,2.659,12/27/2020 12:00:00 AM,1500,2,2,0,0,CLEAR,DRY,False,SIDESWIPE COLLISION - OPPOSITE DIRECTION,SIDESWIPE-OPPOSITE DIRECTION,CURVE & LEVEL,DAYLIGHT,,,12/28/2020 10:46:28 AM,False,7698,Accepted,
27608352,0568000,LOUISVILLE METRO POLICE DEPT,Accepted,JEFFERSON,KY1631,2900,CRITTENDEN,DR,,,,,,,,38.201713865,-85.750803109,0.931,12/27/2020 12:00:00 AM,2210,1,1,0,0,RAINING,WET,False,COLLISION WITH FIXED OBJECT NON - INTERSECTION - FIRST EVENT COLLISION 09 - 32 EXCLUDING 16,SINGLE VEHICLE,STRAIGHT & LEVEL,DUSK,,,12/28/2020 10:47:44 AM,False,7291,Accepted,
27641275,0568000,LOUISVILLE METRO POLICE DEPT,Accepted,JEFFERSON,,,DIXIE,HWY,,,GAULBERT,,,,,38.227407491,-85.790853258,1.561,12/27/2020 12:00:00 AM,0350,1,1,1,0,CLEAR,DRY,False,COLLISION WITH FIXED OBJECT IN INTERSECTION - FIRST EVENT COLLISION 09 - 32,SINGLE VEHICLE,STRAIGHT & LEVEL,DARK-HWY LIGHTED/ON,,,1/6/2021 2:52:45 PM,False,2142,Accepted,
27608346,0568000,LOUISVILLE METRO POLICE DEPT,Accepted,JEFFERSON,,3415,VIRGINIA,AVE,,,,,,,,38.239012473,-85.810549423,0.784,12/27/2020 12:00:00 AM,2113,2,2,0,0,CLEAR,DRY,True,1 VEHICLE PARKED POSITION (NOT PARKING LOT/DRIVEWAY),REAR END,STRAIGHT & LEVEL,DARK-HWY LIGHTED/OFF,,,12/28/2020 10:47:05 AM,False,5285,Accepted,
27608347,0568000,LOUISVILLE METRO POLICE DEPT,Accepted,JEFFERSON,I 0264,,I264 W,,,,,,,,,38.192096958,-85.713871837,12.958,12/27/2020 12:00:00 AM,1835,2,2,0,0,CLEAR,DRY,False,REAR END IN TRAFFIC LANES BOTH VEHICLES MOVING,REAR END,STRAIGHT & LEVEL,DARK-HWY LIGHTED/ON,,,12/28/2020 10:47:14 AM,False,5174,Accepted,
27763485,0568000,LOUISVILLE METRO POLICE DEPT,Accepted,JEFFERSON,,222,18TH,ST,N,,,,COLUMBIA,,DUNCAN,38.261342657,-85.779320244,0.151,12/27/2020 12:00:00 AM,2239,2,2,0,0,CLEAR,DRY,False,1 VEHICLE PARKED POSITION (NOT PARKING LOT/DRIVEWAY),ANGLE,STRAIGHT & LEVEL,DAYLIGHT,,,2/8/2021 2:26:23 PM,False,5199,Accepted,
27616082,0568000,LOUISVILLE METRO POLICE DEPT,Accepted,JEFFERSON,KY0061,7121,PRESTON,HWY,,,,,CHATEAU,,CANAL,38.147762294,-85.691894030,4.653,12/27/2020 12:00:00 AM,1931,2,1,1,1,CLOUDY,DRY,False,COLLISION WITH PEDESTRIAN NON - INTERSECTION,SINGLE VEHICLE,STRAIGHT & LEVEL,DARK-HWY NOT LIGHTED,,,12/30/2020 8:06:14 AM,False,2308,Accepted,
27611805,0568000,LOUISVILLE METRO POLICE DEPT,Accepted,JEFFERSON,,,WHIPPS MILL,RD,,,,,LAKEVIEW,,MILL STREAM,38.254929378,-85.591302506,0.772,12/27/2020 12:00:00 AM,1838,1,1,0,1,CLEAR,DRY,False,COLLISION WITH FIXED OBJECT NON - INTERSECTION - FIRST EVENT COLLISION 09 - 32 EXCLUDING 16,SINGLE VEHICLE,CURVE & LEVEL,DARK-HWY NOT LIGHTED,,,12/29/2020 8:32:25 AM,False,7633,Accepted,
27686495,0568000,LOUISVILLE METRO POLICE DEPT,Accepted,JEFFERSON,US0031W,,DIXIE,HWY,,KY0907,VALLEY STATION,,,,,38.107644556,-85.866717292,8.634,12/27/2020 12:00:00 AM,1800,2,2,0,1,CLEAR,DRY,False,OTHER INTERSECTION COLLISIONS,REAR END,STRAIGHT & LEVEL,DARK-HWY NOT LIGHTED,,,1/19/2021 8:12:58 AM,False,7817,Accepted,
27712688,0568000,LOUISVILLE METRO POLICE DEPT,Accepted,JEFFERSON,,,MARKET,ST,W,,,,,,,38.260503802,-85.802729643,0.894,12/27/2020 12:00:00 AM,1316,2,1,0,1,CLEAR,DRY,False,1 VEHICLE ENTERING/LEAVING ENTRANCE,ANGLE,STRAIGHT & LEVEL,DAYLIGHT,,,1/26/2021 10:42:32 AM,False,5148,Accepted,
27681771,0560300,ST. MATTHEWS POLICE DEPARTMENT,Accepted,JEFFERSON,US0060,5000,SHELBYVILLE,RD,,,,,,,,38.250398696,-85.622930458,5.325,12/26/2020 12:00:00 AM,1530,2,2,0,0,CLEAR,DRY,True,COLLISION IN PARKING LOT,SIDESWIPE-SAME DIRECTION,,DAYLIGHT,,,1/17/2021 9:49:53 PM,False,9186,Accepted,
27614697,0566900,LOUISVILLE AIRPORT POLICE,Accepted,JEFFERSON,,,TERMINAL,DR,,,,,,,,38.186461356,-85.746141566,0.036,12/26/2020 12:00:00 AM,2355,1,1,0,0,CLEAR,DRY,True,COLLISION IN PARKING LOT,SINGLE VEHICLE,STRAIGHT & LEVEL,DUSK,,,12/29/2020 9:40:41 PM,False,5879,Accepted,
27641238,0568000,LOUISVILLE METRO POLICE DEPT,Accepted,JEFFERSON,KY0864,,POPLAR LEVEL,RD,,,,,GILMORE,,WILLOW,38.183234238,-85.698701602,10.326,12/26/2020 12:00:00 AM,1716,2,2,0,0,CLEAR,DRY,False,1 VEHICLE ENTERING/LEAVING ENTRANCE,ANGLE,STRAIGHT & LEVEL,DARK-HWY LIGHTED/ON,,,1/6/2021 2:50:12 PM,False,7431,Accepted,
27608354,0568000,LOUISVILLE METRO POLICE DEPT,Accepted,JEFFERSON,,,WATTERSON,TRL,S,,GLASER,,,,,38.144366208,-85.615157366,2.822,12/26/2020 12:00:00 AM,2006,2,2,0,0,CLEAR,DRY,False,ANGLE COLLISION - OTHER,ANGLE,STRAIGHT & LEVEL,DARK-HWY NOT LIGHTED,,,12/28/2020 10:48:02 AM,False,7415,Accepted,
27608355,0568000,LOUISVILLE METRO POLICE DEPT,Accepted,JEFFERSON,US0150,,BROADWAY,,W,KY1020,2ND,,,,,38.245837705,-85.755047010,2.560,12/26/2020 12:00:00 AM,0307,2,2,0,0,CLEAR,DRY,False,ANGLE COLLISION - OTHER,ANGLE,STRAIGHT & LEVEL,DARK-HWY LIGHTED/ON,,,12/28/2020 10:48:09 AM,False,7325,Accepted,
27608353,0568000,LOUISVILLE METRO POLICE DEPT,Accepted,JEFFERSON,KY2052,,SHEPHERDSVILLE,RD,,KY1747,FERN VALLEY,,,,,38.156279896,-85.659796787,1.226,12/26/2020 12:00:00 AM,2100,3,3,0,0,CLEAR,DRY,False,OTHER INTERSECTION COLLISIONS,REAR END,STRAIGHT & LEVEL,DARK-HWY NOT LIGHTED,,,12/28/2020 10:47:49 AM,False,7415,Accepted,
27608337,0568000,LOUISVILLE METRO POLICE DEPT,Accepted,JEFFERSON,,,JEANINE,DR,,,SERENE,,,,,38.160651935,-85.688357219,0.207,12/26/2020 12:00:00 AM,1438,2,2,0,3,CLEAR,DRY,False,ANGLE COLLISION - OTHER,ANGLE,STRAIGHT & LEVEL,DAYLIGHT,,,12/28/2020 10:46:20 AM,False,5305,Accepted,
27608312,0568000,LOUISVILLE METRO POLICE DEPT,Accepted,JEFFERSON,I 0264,,I264 E,,,,,,,,,38.189994976,-85.751579446,10.876,12/26/2020 12:00:00 AM,1250,1,1,0,0,CLEAR,DRY,False,OTHER ROADWAY OR MID-BLOCK COLLISION,SINGLE VEHICLE,STRAIGHT & LEVEL,DARK-HWY NOT LIGHTED,,,12/28/2020 10:44:16 AM,False,2745,Accepted,
27608319,0568000,LOUISVILLE METRO POLICE DEPT,Accepted,JEFFERSON,KY1065,,OUTER,LOOP,,,,,,,,38.138060815,-85.678540349,6.508,12/26/2020 12:00:00 AM,2201,2,2,0,0,CLEAR,DRY,True,REAR END IN TRAFFIC LANES BOTH VEHICLES MOVING,REAR END,STRAIGHT & LEVEL,DARK-HWY NOT LIGHTED,,,12/28/2020 10:45:12 AM,False,5138,Accepted,
27608320,0568000,LOUISVILLE METRO POLICE DEPT,Accepted,JEFFERSON,KY0907,,3RD ST,RD,,KY1065,OUTER,,,,,38.127587537,-85.794897724,4.667,12/26/2020 12:00:00 AM,2253,2,2,0,0,CLEAR,DRY,False,OTHER INTERSECTION COLLISIONS,REAR END,CURVE & LEVEL,DARK-HWY NOT LIGHTED,,,12/28/2020 10:45:17 AM,False,5304,Accepted,
27608304,0568000,LOUISVILLE METRO POLICE DEPT,Accepted,JEFFERSON,I 0071,,I71 S,,,,,,,,,38.302165187,-85.607401752,7.421,12/26/2020 12:00:00 AM,1023,1,1,0,1,CLEAR,DRY,False,OTHER COLLISIONS ON SHOULDER,SINGLE VEHICLE,CURVE & LEVEL,DAYLIGHT,,,12/28/2020 10:43:32 AM,False,6929,Accepted,
27608329,0568000,LOUISVILLE METRO POLICE DEPT,Accepted,JEFFERSON,,,3RD,ST,S,,WOODLAWN,,,,,38.181590238,-85.766233116,1.320,12/26/2020 12:00:00 AM,2123,2,2,0,0,CLEAR,DRY,False,ANGLE COLLISION - OTHER,ANGLE,STRAIGHT & LEVEL,DARK-HWY LIGHTED/ON,,,12/28/2020 10:45:50 AM,False,7010,Accepted,
27608330,0568000,LOUISVILLE METRO POLICE DEPT,Accepted,JEFFERSON,I 0064,,I64 E,,,,,,,,,38.218002939,-85.418649539,23.638,12/26/2020 12:00:00 AM,1911,2,2,0,0,CLEAR,DRY,True,REAR END IN TRAFFIC LANES BOTH VEHICLES MOVING,REAR END,,DARK-HWY LIGHTED/ON,,,12/28/2020 10:45:54 AM,False,7440,Accepted,
27608297,0568000,LOUISVILLE METRO POLICE DEPT,Accepted,JEFFERSON,,,YORK,ST,,KY1020,3RD,,,,,38.243896393,-85.756182433,0.503,12/26/2020 12:00:00 AM,0305,2,2,0,1,CLEAR,DRY,True,ANGLE COLLISION - OTHER,ANGLE,STRAIGHT & LEVEL,DARK-HWY LIGHTED/ON,,,12/28/2020 10:42:54 AM,False,5152,Accepted,
27611791,0568000,LOUISVILLE METRO POLICE DEPT,Accepted,JEFFERSON,,1950,RUSSELL LEE,DR,,,,,,,,38.225990830,-85.818692671,0.020,12/26/2020 12:00:00 AM,,2,2,0,0,CLEAR,DRY,True,1 VEHICLE PARKED POSITION (NOT PARKING LOT/DRIVEWAY),SIDESWIPE-SAME DIRECTION,STRAIGHT & LEVEL,DARK-HWY NOT LIGHTED,,,12/29/2020 8:31:23 AM,False,7191,Accepted,
27630972,0568000,LOUISVILLE METRO POLICE DEPT,Accepted,JEFFERSON,KY1020,,3RD,ST,S,,KENTUCKY,,,,,38.238751915,-85.757977377,11.598,12/26/2020 12:00:00 AM,0109,2,2,0,0,CLEAR,DRY,False,ANGLE COLLISION - OTHER,ANGLE,STRAIGHT & LEVEL,DARK-HWY LIGHTED/ON,,,1/4/2021 9:47:03 AM,False,5236,Accepted,
27608316,0568000,LOUISVILLE METRO POLICE DEPT,Accepted,JEFFERSON,,,HALE,AVE,,,40TH,,,,,38.241147995,-85.818679190,2.111,12/26/2020 12:00:00 AM,2037,2,2,0,0,CLEAR,DRY,False,ANGLE COLLISION - OTHER,ANGLE,STRAIGHT & LEVEL,DARK-HWY LIGHTED/ON,,,12/28/2020 10:44:50 AM,False,5285,Accepted,
27608318,0568000,LOUISVILLE METRO POLICE DEPT,Accepted,JEFFERSON,,,18TH,ST,N,,DUNCAN,,,,,38.261839747,-85.779238420,0.184,12/26/2020 12:00:00 AM,2143,2,2,0,0,CLEAR,DRY,True,ANGLE COLLISION - OTHER,ANGLE,STRAIGHT & LEVEL,DARK-HWY LIGHTED/ON,,,12/28/2020 10:45:06 AM,False,5172,Accepted,
27608332,0568000,LOUISVILLE METRO POLICE DEPT,Accepted,JEFFERSON,,,JEANINE,DR,,,INDIAN,,,,,38.170714603,-85.688656454,0.907,12/26/2020 12:00:00 AM,1542,2,2,0,3,CLEAR,DRY,False,ANGLE COLLISION - ONE VEHICLE TURNING LEFT,ANGLE,STRAIGHT & LEVEL,DAYLIGHT,,,12/28/2020 10:45:58 AM,False,5305,Accepted,
27608333,0568000,LOUISVILLE METRO POLICE DEPT,Accepted,JEFFERSON,KY0864,,LOGAN,ST,,KY0864,GOSS,,,,,38.230397817,-85.740408634,14.425,12/26/2020 12:00:00 AM,1909,2,1,0,1,CLEAR,DRY,True,COLLISION WITH PEDESTRIAN IN INTERSECTION,SINGLE VEHICLE,CURVE & LEVEL,DARK-HWY LIGHTED/ON,,,12/28/2020 10:46:03 AM,False,5196,Accepted,