IncidentID,AgencyORI,AgencyName,IncidentStatusDesc,County,RdwyNumber,Street,RoadwayName,StreetSfx,StreetDir,IntersectionRdwy,IntersectionRdwyName,BetweenStRdwy1,BetweenStRdwyName1,BetweenStRdwy2,BetweenStRdwyName2,Latitude,Longitude,Milepoint,CollisionDate,CollisionTime,UnitsInvolved,MotorVehiclesInvolved,NumberKilled,NumberInjured,Weather,RdwyConditionCode,HitandRun,DirAnalysisCode,MannerofCollision,RdwyCharacter,LightCondition,RampFromRdwyId,RampToRdwyId,AcceptedDate,IsSecondaryCollision,OwnerBadge,IncidentStatus,
27608341,0568000,LOUISVILLE METRO POLICE DEPT,Accepted,JEFFERSON,KY1065,,OUTER,LOOP,,,NOLTEMEYER WYNDE,,,,,38.138369915,-85.680508738,6.413,12/26/2020 12:00:00 AM,1918,2,2,0,1,CLEAR,DRY,False,ANGLE COLLISION - OTHER,ANGLE,STRAIGHT & LEVEL,DARK-HWY LIGHTED/ON,,,12/28/2020 10:46:40 AM,False,5042,Accepted,
27608306,0568000,LOUISVILLE METRO POLICE DEPT,Accepted,JEFFERSON,,,ZORN,AVE,,,,,,,,38.274049283,-85.696392732,1.469,12/26/2020 12:00:00 AM,1053,1,1,0,1,CLEAR,DRY,False,OTHER COLLISIONS ON SHOULDER,SINGLE VEHICLE,STRAIGHT & LEVEL,DAYLIGHT,,,12/28/2020 10:43:40 AM,False,5317,Accepted,
27608307,0568000,LOUISVILLE METRO POLICE DEPT,Accepted,JEFFERSON,KY1819,5513,BILLTOWN,RD,,,,,,,,38.164726107,-85.567856653,7.007,12/26/2020 12:00:00 AM,1420,2,2,0,2,CLEAR,DRY,False,HEAD-ON COLLISION,HEAD ON,STRAIGHT & LEVEL,DAYLIGHT,,,12/28/2020 10:43:44 AM,False,7486,Accepted,
27608308,0568000,LOUISVILLE METRO POLICE DEPT,Accepted,JEFFERSON,,1321,1ST,ST,S,,,,,,,38.229849086,-85.756173595,1.826,12/26/2020 12:00:00 AM,1601,3,3,0,1,CLEAR,DRY,False,1 VEHICLE PARKED POSITION (NOT PARKING LOT/DRIVEWAY),HEAD ON,STRAIGHT & LEVEL,DAYLIGHT,,,12/28/2020 10:43:50 AM,False,7433,Accepted,
27608309,0568000,LOUISVILLE METRO POLICE DEPT,Accepted,JEFFERSON,I 0264,,I264 W,,,,,,,,,38.217916086,-85.822337722,4.358,12/26/2020 12:00:00 AM,1455,1,1,0,1,CLEAR,DRY,False,COLLISION WITH FIXED OBJECT NON - INTERSECTION - FIRST EVENT COLLISION 09 - 32 EXCLUDING 16,SINGLE VEHICLE,STRAIGHT & LEVEL,DAYLIGHT,,,12/28/2020 10:43:56 AM,False,2569,Accepted,
27608310,0568000,LOUISVILLE METRO POLICE DEPT,Accepted,JEFFERSON,KY0155,,TAYLORSVILLE,RD,,I 0265,I265 W EXIT23 ON RAMP FROM KY155,,,,,38.188645476,-85.510489010,6.143,12/26/2020 12:00:00 AM,1359,2,2,0,1,CLEAR,DRY,False,ANGLE COLLISION - ONE VEHICLE TURNING LEFT,ANGLE,STRAIGHT & LEVEL,DAYLIGHT,,,12/28/2020 10:44:01 AM,False,7465,Accepted,
27608342,0568000,LOUISVILLE METRO POLICE DEPT,Accepted,JEFFERSON,KY0155,,TAYLORSVILLE,RD,,,MCMAHAN,,,,,38.219688320,-85.619620555,12.975,12/26/2020 12:00:00 AM,1411,2,2,0,2,CLEAR,DRY,False,ANGLE COLLISION - ONE VEHICLE TURNING LEFT,ANGLE,STRAIGHT & LEVEL,DAYLIGHT,,,12/28/2020 10:46:47 AM,False,7482,Accepted,
27608301,0568000,LOUISVILLE METRO POLICE DEPT,Accepted,JEFFERSON,,,MITCHELL HILL,RD,,,HOLSCLAW HILL,,,,,38.093266356,-85.764780744,0.961,12/26/2020 12:00:00 AM,0154,1,1,0,0,CLEAR,ICE,False,COLLISION WITH FIXED OBJECT IN INTERSECTION - FIRST EVENT COLLISION 09 - 32,SINGLE VEHICLE,CURVE & LEVEL,DARK-HWY NOT LIGHTED,,,12/28/2020 10:43:13 AM,False,5220,Accepted,
27608292,0568000,LOUISVILLE METRO POLICE DEPT,Accepted,JEFFERSON,US0150,,BROADWAY,,W,,16TH,,,,,38.248585580,-85.778234400,1.288,12/25/2020 12:00:00 AM,1025,2,2,0,2,CLEAR,DRY,False,ANGLE COLLISION - ONE VEHICLE TURNING LEFT,ANGLE,STRAIGHT & LEVEL,DAYLIGHT,,,12/28/2020 10:42:10 AM,False,7361,Accepted,
27608293,0568000,LOUISVILLE METRO POLICE DEPT,Accepted,JEFFERSON,,,MAGAZINE,ST,,,,,,,,38.249073408,-85.768962389,0.247,12/25/2020 12:00:00 AM,1055,1,1,0,0,CLEAR,DRY,False,1 VEHICLE ENTERING OR LEAVING PARKED POSITION (NOT PARKING LOT),SINGLE VEHICLE,STRAIGHT & LEVEL,DAYLIGHT,,,12/28/2020 10:42:14 AM,False,7852,Accepted,
27608298,0568000,LOUISVILLE METRO POLICE DEPT,Accepted,JEFFERSON,,,CHAMBERLAIN,LN,,KY1447,WESTPORT,,,,,38.299382527,-85.541716425,2.111,12/25/2020 12:00:00 AM,1846,2,2,0,1,CLEAR,DRY,False,HEAD-ON COLLISION,HEAD ON,STRAIGHT & LEVEL,DARK-HWY LIGHTED/ON,,,12/28/2020 10:43:02 AM,False,5155,Accepted,
27608300,0568000,LOUISVILLE METRO POLICE DEPT,Accepted,JEFFERSON,KY1934,,GREENBELT,HWY,,KY1931,GREENWOOD,,,,,38.146960442,-85.886489934,4.444,12/25/2020 12:00:00 AM,2115,2,2,0,3,CLEAR,DRY,False,ANGLE COLLISION - OTHER,ANGLE,STRAIGHT & LEVEL,DARK-HWY NOT LIGHTED,,,12/28/2020 10:43:07 AM,False,5059,Accepted,
27616072,0568000,LOUISVILLE METRO POLICE DEPT,Accepted,JEFFERSON,KY1934,,CANE RUN,RD,,KY1727,TERRY,,,,,38.178398403,-85.861304516,7.219,12/25/2020 12:00:00 AM,0119,2,2,0,0,SNOWING,SNOW/SLUSH,True,OTHER INTERSECTION COLLISIONS,REAR END,STRAIGHT & LEVEL,DARK-HWY LIGHTED/ON,,,12/30/2020 8:05:36 AM,False,5170,Accepted,
27608315,0568000,LOUISVILLE METRO POLICE DEPT,Accepted,JEFFERSON,US0060A,1728,BERRY,BLVD,,,,,,,,38.196711835,-85.796807176,0.710,12/25/2020 12:00:00 AM,2228,1,1,0,1,OTHER,DRY,False,COLLISION WITH FIXED OBJECT NON - INTERSECTION - FIRST EVENT COLLISION 09 - 32 EXCLUDING 16,SINGLE VEHICLE,STRAIGHT & LEVEL,DARK-HWY LIGHTED/ON,,,12/28/2020 10:44:46 AM,False,5175,Accepted,
27619136,0568000,LOUISVILLE METRO POLICE DEPT,Accepted,JEFFERSON,,,HALE,AVE,,,GARRS,,,,,38.241116460,-85.817578261,2.052,12/25/2020 12:00:00 AM,2056,2,2,0,0,CLEAR,DRY,False,ANGLE COLLISION - ONE VEHICLE TURNING LEFT,ANGLE,STRAIGHT & LEVEL,DARK-HWY LIGHTED/ON,,,12/31/2020 7:06:33 AM,False,5164,Accepted,
27608294,0568000,LOUISVILLE METRO POLICE DEPT,Accepted,JEFFERSON,,139,SOUTHERN HEIGHTS,AVE,E,,,,,,,38.188772861,-85.758918586,0.251,12/25/2020 12:00:00 AM,1655,1,1,0,0,CLOUDY,DRY,True,COLLISION WITH FIXED OBJECT NON - INTERSECTION - FIRST EVENT COLLISION 09 - 32 EXCLUDING 16,SINGLE VEHICLE,STRAIGHT & LEVEL,DUSK,,,12/28/2020 10:42:18 AM,False,7048,Accepted,
27608295,0568000,LOUISVILLE METRO POLICE DEPT,Accepted,JEFFERSON,KY0061,,JACKSON,ST,S,,ST CATHERINE,,,,,38.235350619,-85.747276284,11.614,12/25/2020 12:00:00 AM,2029,2,2,0,1,CLEAR,DRY,False,SIDESWIPE-SAME DIRECTION,SIDESWIPE-SAME DIRECTION,STRAIGHT & LEVEL,DARK-HWY LIGHTED/ON,,,12/28/2020 10:42:24 AM,False,5332,Accepted,
27608296,0568000,LOUISVILLE METRO POLICE DEPT,Accepted,JEFFERSON,,C3,LOTUS,AVE,,,,,,,,38.172767161,-85.717956812,0.067,12/25/2020 12:00:00 AM,2150,2,1,0,1,CLEAR,DRY,True,COLLISION IN PARKING LOT,SINGLE VEHICLE,STRAIGHT & LEVEL,DARK-HWY LIGHTED/ON,,,12/28/2020 10:42:44 AM,False,5174,Accepted,
27608302,0568000,LOUISVILLE METRO POLICE DEPT,Accepted,JEFFERSON,KY0841,,GENE SNYDER,FWY,,,,,,,,38.318994622,-85.605444376,36.040,12/25/2020 12:00:00 AM,1050,2,2,0,0,SNOWING,SNOW/SLUSH,False,REAR END IN TRAFFIC LANES BOTH VEHICLES MOVING,REAR END,STRAIGHT & LEVEL,DAYLIGHT,,,12/28/2020 10:43:17 AM,False,7358,Accepted,
27608289,0568000,LOUISVILLE METRO POLICE DEPT,Accepted,JEFFERSON,I 0065,,,,,,,,,,,38.115877682,-85.705385868,0.475,12/25/2020 12:00:00 AM,0620,2,2,0,0,BLOWING SAND/SOIL/DIRT/SNOW,ICE,False,OTHER RAMP RELATED COLLISIONS NOT LISTED ABOVE,REAR END,CURVE & GRADE,DARK-HWY LIGHTED/OFF,I 0065,KY0481,12/28/2020 10:41:53 AM,False,5270,Accepted,
27608314,0568000,LOUISVILLE METRO POLICE DEPT,Accepted,JEFFERSON,,,HILL,ST,E,,BROOK,,,,,38.225272789,-85.755234470,0.456,12/25/2020 12:00:00 AM,1816,2,2,0,1,CLOUDY,DRY,False,ANGLE COLLISION - ONE VEHICLE TURNING LEFT,ANGLE,STRAIGHT & HILLCREST,DARK-HWY LIGHTED/ON,,,12/28/2020 10:44:41 AM,False,7441,Accepted,
27608339,0568000,LOUISVILLE METRO POLICE DEPT,Accepted,JEFFERSON,,,RANGELAND,RD,,,RIDGECREST,,,,,38.164916857,-85.669094217,0.694,12/25/2020 12:00:00 AM,1606,2,2,0,1,CLEAR,DRY,False,SIDESWIPE-SAME DIRECTION,SIDESWIPE-SAME DIRECTION,STRAIGHT & LEVEL,DARK-HWY LIGHTED/ON,,,12/28/2020 10:46:34 AM,False,7283,Accepted,
27611806,0568000,LOUISVILLE METRO POLICE DEPT,Accepted,JEFFERSON,KY1747,,HURSTBOURNE,PKWY,N,,GARWOOD,,,,,38.299675177,-85.574091984,17.946,12/25/2020 12:00:00 AM,0552,2,2,0,0,SNOWING,SNOW/SLUSH,False,OTHER INTERSECTION COLLISIONS,REAR END,STRAIGHT & GRADE,DARK-HWY LIGHTED/ON,,,12/29/2020 8:32:31 AM,False,5056,Accepted,
27630958,0568000,LOUISVILLE METRO POLICE DEPT,Accepted,JEFFERSON,,,UTAH,AVE,,,CENTRAL,,,,,38.209637071,-85.778779171,0.418,12/25/2020 12:00:00 AM,1240,1,1,0,0,SNOWING,DRY,False,COLLISION WITH FIXED OBJECT IN INTERSECTION - FIRST EVENT COLLISION 09 - 32,SINGLE VEHICLE,STRAIGHT & LEVEL,DAYLIGHT,,,1/4/2021 9:45:20 AM,False,7450,Accepted,
27630973,0568000,LOUISVILLE METRO POLICE DEPT,Accepted,JEFFERSON,,6609,SKY BLUE,AVE,,,,,,,,38.154015295,-85.851257122,0.691,12/25/2020 12:00:00 AM,1747,1,1,0,0,CLOUDY,DRY,False,RAN OFF ROADWAY (1 VEHICLE WITH/EARTH EMBANKMENT/DITCH),SINGLE VEHICLE,CURVE & LEVEL,DARK-HWY NOT LIGHTED,,,1/4/2021 9:47:22 AM,False,7817,Accepted,
27608264,0568000,LOUISVILLE METRO POLICE DEPT,Accepted,JEFFERSON,KY1934,,GREENBELT,HWY,,,GLOBAL,,,,,38.139524681,-85.887583075,3.908,12/24/2020 12:00:00 AM,0725,2,2,0,1,CLOUDY,DRY,False,OTHER INTERSECTION COLLISIONS,REAR END,STRAIGHT & LEVEL,DARK-HWY NOT LIGHTED,,,12/28/2020 10:38:51 AM,False,7772,Accepted,
27608269,0568000,LOUISVILLE METRO POLICE DEPT,Accepted,JEFFERSON,US0060,,FRANKFORT,AVE,,,,,CLIFTON,,CLIFTON,38.253692327,-85.706600784,0.751,12/24/2020 12:00:00 AM,1500,2,2,0,3,CLEAR,DRY,False,REAR END IN TRAFFIC LANES BOTH VEHICLES MOVING,REAR END,STRAIGHT & LEVEL,DAYLIGHT,,,12/28/2020 10:39:24 AM,False,2413,Accepted,
27608270,0568000,LOUISVILLE METRO POLICE DEPT,Accepted,JEFFERSON,,,BROADWAY,,W,,,,28TH,,27TH,38.249530600,-85.796908444,0.474,12/24/2020 12:00:00 AM,1523,2,2,0,1,SNOWING,DRY,False,1 VEHICLE ENTERING/LEAVING ENTRANCE,ANGLE,STRAIGHT & LEVEL,DAYLIGHT,,,12/28/2020 10:39:31 AM,False,7463,Accepted,
27608271,0568000,LOUISVILLE METRO POLICE DEPT,Accepted,JEFFERSON,,,GARLAND,AVE,,,,,CECIL,,41ST,38.246879314,-85.820860745,2.912,12/24/2020 12:00:00 AM,1400,2,2,0,0,CLOUDY,DRY,False,REAR END IN TRAFFIC LANES BOTH VEHICLES MOVING,REAR END,STRAIGHT & LEVEL,DAYLIGHT,,,12/28/2020 10:39:36 AM,False,7328,Accepted,
27608272,0568000,LOUISVILLE METRO POLICE DEPT,Accepted,JEFFERSON,US0060A,,TAYLOR,BLVD,,,,,,,,38.201353039,-85.782343645,1.853,12/24/2020 12:00:00 AM,1723,3,3,0,0,CLOUDY,DRY,True,REAR END IN TRAFFIC LANES BOTH VEHICLES MOVING,REAR END,CURVE & LEVEL,DUSK,,,12/28/2020 10:39:43 AM,False,5334,Accepted,
27608279,0568000,LOUISVILLE METRO POLICE DEPT,Accepted,JEFFERSON,US0031W,,DIXIE,HWY,,,BERNHEIM,,,,,38.221418650,-85.793248644,17.510,12/24/2020 12:00:00 AM,1737,3,3,0,1,SNOWING,WET,False,COLLISION WITH FIXED OBJECT IN INTERSECTION - FIRST EVENT COLLISION 09 - 32,HEAD ON,STRAIGHT & LEVEL,DARK-HWY LIGHTED/ON,,,12/28/2020 10:40:40 AM,False,5161,Accepted,
27608280,0568000,LOUISVILLE METRO POLICE DEPT,Accepted,JEFFERSON,,445,MARRET,AVE,,,,,,,,38.229853841,-85.749207806,0.053,12/24/2020 12:00:00 AM,1900,2,2,0,0,SNOWING,DRY,False,1 VEHICLE PARKED POSITION (NOT PARKING LOT/DRIVEWAY),ANGLE,STRAIGHT & LEVEL,DARK-HWY NOT LIGHTED,,,12/28/2020 10:40:47 AM,False,7298,Accepted,
27608287,0568000,LOUISVILLE METRO POLICE DEPT,Accepted,JEFFERSON,KY0061,5001,PRESTON,HWY,,,,,,,,38.175812180,-85.713591062,6.973,12/24/2020 12:00:00 AM,2240,1,1,0,1,CLEAR,DRY,False,COLLISION WITH FIXED OBJECT NON - INTERSECTION - FIRST EVENT COLLISION 09 - 32 EXCLUDING 16,SINGLE VEHICLE,STRAIGHT & LEVEL,DARK-HWY LIGHTED/ON,,,12/28/2020 10:41:43 AM,False,5286,Accepted,
27608288,0568000,LOUISVILLE METRO POLICE DEPT,Accepted,JEFFERSON,KY0864,,POPLAR LEVEL,RD,,,INDIAN,,,,,38.171551013,-85.685017115,9.216,12/24/2020 12:00:00 AM,0300,2,2,0,2,RAINING,WET,False,ANGLE COLLISION - OTHER,ANGLE,STRAIGHT & LEVEL,DARK-HWY LIGHTED/ON,,,12/28/2020 10:41:49 AM,False,5286,Accepted,
27608285,0568000,LOUISVILLE METRO POLICE DEPT,Accepted,JEFFERSON,,,12TH,ST,S,,OAK,,,,,38.236273408,-85.773705547,1.162,12/24/2020 12:00:00 AM,2351,1,1,0,1,CLEAR,DRY,False,COLLISION WITH FIXED OBJECT IN INTERSECTION - FIRST EVENT COLLISION 09 - 32,SINGLE VEHICLE,STRAIGHT & LEVEL,DARK-HWY LIGHTED/ON,,,12/28/2020 10:41:31 AM,False,5229,Accepted,
27608281,0568000,LOUISVILLE METRO POLICE DEPT,Accepted,JEFFERSON,KY0864,,POPLAR LEVEL,RD,,I 0264,I264 E EXIT14 ON RAMP FROM KY864 N,,,,,38.194141254,-85.707085783,11.216,12/24/2020 12:00:00 AM,1831,2,2,0,4,SNOWING,SNOW/SLUSH,True,REAR END - ONE VEHICLE TURNING LEFT,REAR END,STRAIGHT & HILLCREST,DARK-HWY LIGHTED/ON,,,12/28/2020 10:40:54 AM,False,5106,Accepted,
27608282,0568000,LOUISVILLE METRO POLICE DEPT,Accepted,JEFFERSON,,,WHISPERING HILLS,BLVD,,,FLIRTATION,,,,,38.149057980,-85.657359216,0.148,12/24/2020 12:00:00 AM,2125,1,1,0,0,SNOWING,DRY,True,COLLISION WITH FIXED OBJECT IN INTERSECTION - FIRST EVENT COLLISION 09 - 32,SINGLE VEHICLE,CURVE & LEVEL,DARK-HWY NOT LIGHTED,,,12/28/2020 10:41:01 AM,False,5198,Accepted,
27608290,0568000,LOUISVILLE METRO POLICE DEPT,Accepted,JEFFERSON,,4100,MURPHY,LN,,,,,,,,38.303107444,-85.533350088,0.086,12/24/2020 12:00:00 AM,1746,2,2,0,0,CLOUDY,DRY,False,OTHER ROADWAY OR MID-BLOCK COLLISION,OPPOSING LEFT TURN,STRAIGHT & LEVEL,DARK-HWY NOT LIGHTED,,,12/28/2020 10:41:57 AM,False,7751,Accepted,
27600320,0568000,LOUISVILLE METRO POLICE DEPT,Accepted,JEFFERSON,,,LIBERTY,ST,E,CS1003F,FLOYD,,,,,38.251854265,-85.747767670,0.248,12/24/2020 12:00:00 AM,0315,1,1,0,0,RAINING,WET,False,OTHER ROADWAY OR MID-BLOCK COLLISION,SINGLE VEHICLE,STRAIGHT & LEVEL,DARK-HWY LIGHTED/ON,,,12/24/2020 7:07:00 AM,False,2103,Accepted,
27608265,0568000,LOUISVILLE METRO POLICE DEPT,Accepted,JEFFERSON,US0031E,,MARKET,ST,E,KY0061,PRESTON,,,,,38.254060511,-85.746097485,17.375,12/24/2020 12:00:00 AM,1107,2,2,0,0,CLEAR,DRY,False,ANGLE COLLISION - OTHER,ANGLE,STRAIGHT & LEVEL,DAYLIGHT,,,12/28/2020 10:38:56 AM,False,7266,Accepted,
27608266,0568000,LOUISVILLE METRO POLICE DEPT,Accepted,JEFFERSON,,,CHESTNUT,ST,W,,26TH,,,,,38.253000192,-85.794495842,0.352,12/24/2020 12:00:00 AM,1442,2,2,0,0,CLOUDY,DRY,True,ANGLE COLLISION - OTHER,ANGLE,STRAIGHT & LEVEL,DAYLIGHT,,,12/28/2020 10:39:01 AM,False,7463,Accepted,
27608268,0568000,LOUISVILLE METRO POLICE DEPT,Accepted,JEFFERSON,KY1865,,TAYLOR,BLVD,,,MANITAU,,,,,38.184894872,-85.784002991,5.388,12/24/2020 12:00:00 AM,1125,2,2,0,0,CLOUDY,DRY,True,OTHER INTERSECTION COLLISIONS,REAR END,STRAIGHT & LEVEL,DAYLIGHT,,,12/28/2020 10:39:19 AM,False,5296,Accepted,
27608273,0568000,LOUISVILLE METRO POLICE DEPT,Accepted,JEFFERSON,KY1865,,TAYLOR,BLVD,,,BROOKLINE,,,,,38.175060089,-85.782590178,4.713,12/24/2020 12:00:00 AM,1528,2,2,0,0,CLOUDY,WET,False,ANGLE COLLISION - ONE VEHICLE TURNING LEFT,ANGLE,STRAIGHT & LEVEL,DAYLIGHT,,,12/28/2020 10:39:50 AM,False,5221,Accepted,
27608274,0568000,LOUISVILLE METRO POLICE DEPT,Accepted,JEFFERSON,,,BLUEGRASS,AVE,,,HAZELWOOD,,,,,38.179483471,-85.788268090,0.577,12/24/2020 12:00:00 AM,0911,2,2,0,0,CLOUDY,DRY,False,ANGLE COLLISION - OTHER,ANGLE,STRAIGHT & GRADE,DAYLIGHT,,,12/28/2020 10:39:57 AM,False,5337,Accepted,
27608257,0568000,LOUISVILLE METRO POLICE DEPT,Accepted,JEFFERSON,KY1447,,WESTPORT,RD,,,CHAMBERLAIN,,,,,38.299363062,-85.541721084,7.038,12/23/2020 12:00:00 AM,2108,2,2,0,0,RAINING,WET,False,OTHER INTERSECTION COLLISIONS,REAR END,STRAIGHT & LEVEL,DARK-HWY LIGHTED/ON,,,12/28/2020 10:38:00 AM,False,7159,Accepted,
27608259,0568000,LOUISVILLE METRO POLICE DEPT,Accepted,JEFFERSON,KY1865,,TAYLOR,BLVD,,,LEHIGH,,,,,38.180521267,-85.783422259,5.095,12/23/2020 12:00:00 AM,2048,2,2,0,0,RAINING,WET,False,OPPOSING LEFT TURN,OPPOSING LEFT TURN,STRAIGHT & LEVEL,DARK-HWY LIGHTED/ON,,,12/28/2020 10:38:12 AM,False,7426,Accepted,
27600303,0568000,LOUISVILLE METRO POLICE DEPT,Accepted,JEFFERSON,KY0061,,PRESTON,HWY,,,,,,,,38.088534117,-85.668060067,0.346,12/23/2020 12:00:00 AM,1632,3,3,0,0,CLOUDY,DRY,False,REAR END IN TRAFFIC LANES BOTH VEHICLES MOVING,REAR END,STRAIGHT & LEVEL,DAYLIGHT,,,12/24/2020 7:06:09 AM,False,7989,Accepted,
27600304,0568000,LOUISVILLE METRO POLICE DEPT,Accepted,JEFFERSON,KY1230,,CANE RUN,RD,,,DISTRIBUTION,,,,,38.151463727,-85.895762908,5.046,12/23/2020 12:00:00 AM,1352,1,1,0,0,CLOUDY,DRY,False,NON-COLLISION OBJECT COLLISION,SINGLE VEHICLE,STRAIGHT & LEVEL,DAYLIGHT,,,12/24/2020 7:06:12 AM,False,5312,Accepted,
27600318,0568000,LOUISVILLE METRO POLICE DEPT,Accepted,JEFFERSON,,,MUHAMMAD ALI,BLVD,W,,,,,,,38.256692008,-85.807696136,3.031,12/23/2020 12:00:00 AM,1945,2,2,0,0,RAINING,WET,True,COLLISION WITH FIXED OBJECT NON - INTERSECTION - FIRST EVENT COLLISION 09 - 32 EXCLUDING 16,ANGLE,STRAIGHT & LEVEL,DARK-HWY LIGHTED/ON,,,12/24/2020 7:06:54 AM,False,5216,Accepted,
27608267,0568000,LOUISVILLE METRO POLICE DEPT,Accepted,JEFFERSON,I 0264,,,,,,,,,,,38.186630216,-85.783884156,0.288,12/23/2020 12:00:00 AM,1500,3,3,0,0,CLOUDY,DRY,True,OTHER RAMP RELATED COLLISIONS NOT LISTED ABOVE,REAR END,STRAIGHT & LEVEL,DAYLIGHT,I 0264,KY1865,12/28/2020 10:39:08 AM,True,5296,Accepted,
27600319,0568000,LOUISVILLE METRO POLICE DEPT,Accepted,JEFFERSON,,7100,RAGGARD,RD,,,,,,,,38.173288458,-85.870279510,0.101,12/23/2020 12:00:00 AM,2029,2,1,0,1,RAINING,WET,False,COLLISION IN PARKING LOT,SINGLE VEHICLE,STRAIGHT & LEVEL,DARK-HWY LIGHTED/ON,,,12/24/2020 7:06:57 AM,False,5170,Accepted,
27608275,0568000,LOUISVILLE METRO POLICE DEPT,Accepted,JEFFERSON,,,35TH,ST,S,,BROADWAY,,,,,38.249918434,-85.809834657,0.586,12/23/2020 12:00:00 AM,1730,2,2,0,3,CLEAR,DRY,False,ANGLE COLLISION - OTHER,ANGLE,STRAIGHT & LEVEL,DAYLIGHT,,,12/28/2020 10:40:02 AM,False,7329,Accepted,
27600301,0568000,LOUISVILLE METRO POLICE DEPT,Accepted,JEFFERSON,I 0064,,,,,,GRINSTEAD,,,,,38.246612869,-85.700360856,0.034,12/23/2020 12:00:00 AM,1545,2,2,0,2,CLOUDY,DRY,False,OTHER INTERSECTION COLLISIONS,REAR END,CURVE & LEVEL,DAYLIGHT,,,12/24/2020 7:06:02 AM,False,7740,Accepted,
27600312,0568000,LOUISVILLE METRO POLICE DEPT,Accepted,JEFFERSON,US0031E,,BARDSTOWN,RD,,,,,GLENWORTH,,HEATHER,38.204697527,-85.666140289,11.506,12/23/2020 12:00:00 AM,1527,3,3,0,0,CLEAR,DRY,False,1 VEHICLE ENTERING/LEAVING ENTRANCE,ANGLE,STRAIGHT & LEVEL,DAYLIGHT,,,12/24/2020 7:06:33 AM,False,5247,Accepted,
27600313,0568000,LOUISVILLE METRO POLICE DEPT,Accepted,JEFFERSON,I 0071,,I71 S,,,,,,,,,38.309123736,-85.593682814,8.321,12/23/2020 12:00:00 AM,2145,1,1,0,0,RAINING,WET,False,COLLISION WITH FIXED OBJECT NON - INTERSECTION - FIRST EVENT COLLISION 09 - 32 EXCLUDING 16,SINGLE VEHICLE,STRAIGHT & LEVEL,DARK (UNKNOWN ROADWAY LIGHTING),,,12/24/2020 7:06:37 AM,False,5004,Accepted,
27601666,0560600,WEST BUECHEL POLICE DEPT.,Accepted,JEFFERSON,,2100,BASHFORD MANOR,LN,,,,,,,,38.201874400,-85.666513331,0.134,12/23/2020 12:00:00 AM,1215,2,2,0,0,CLEAR,DRY,False,1 VEHICLE ENTERING/LEAVING ENTRANCE,ANGLE,STRAIGHT & LEVEL,DAYLIGHT,,,12/25/2020 1:14:50 AM,False,1272,Accepted,
27611785,0568000,LOUISVILLE METRO POLICE DEPT,Accepted,JEFFERSON,,,TAYLOR,AVE,,,JACKSON,,,,,38.199635673,-85.707250305,0.684,12/23/2020 12:00:00 AM,2045,2,2,0,0,RAINING,WET,False,ANGLE COLLISION - OTHER,ANGLE,STRAIGHT & LEVEL,DARK-HWY LIGHTED/ON,,,12/29/2020 8:30:36 AM,False,7334,Accepted,
27600298,0568000,LOUISVILLE METRO POLICE DEPT,Accepted,JEFFERSON,KY0864,,POPLAR LEVEL,RD,,,PRODUCE,,,,,38.179229022,-85.691880578,9.859,12/23/2020 12:00:00 AM,0952,3,3,0,0,CLOUDY,DRY,False,ANGLE COLLISION - ONE VEHICLE TURNING RIGHT,ANGLE,STRAIGHT & LEVEL,DAYLIGHT,,,12/24/2020 7:05:52 AM,False,4693,Accepted,
27600299,0568000,LOUISVILLE METRO POLICE DEPT,Accepted,JEFFERSON,US0031E,,BARDSTOWN,RD,,,EMRICH,,,,,38.167923594,-85.603554242,7.142,12/23/2020 12:00:00 AM,1503,2,2,0,0,CLOUDY,DRY,False,ANGLE COLLISION - OTHER,ANGLE,STRAIGHT & LEVEL,DAYLIGHT,,,12/24/2020 7:05:56 AM,False,7755,Accepted,
27600300,0568000,LOUISVILLE METRO POLICE DEPT,Accepted,JEFFERSON,,,LONG RUN,RD,,US0060,SHELBYVILLE,,,,,38.237269387,-85.439358090,0.012,12/23/2020 12:00:00 AM,1320,2,2,0,0,CLOUDY,DRY,False,OTHER INTERSECTION COLLISIONS,REAR END,STRAIGHT & LEVEL,DAYLIGHT,,,12/24/2020 7:05:59 AM,False,2013,Accepted,
27600306,0568000,LOUISVILLE METRO POLICE DEPT,Accepted,JEFFERSON,KY1020,,2ND,ST,S,,JEFFERSON,,,,,38.253540413,-85.753869304,12.636,12/23/2020 12:00:00 AM,1802,2,2,0,0,CLOUDY,DRY,False,ANGLE COLLISION - OTHER,ANGLE,CURVE & LEVEL,DARK-HWY LIGHTED/ON,,,12/24/2020 7:06:19 AM,False,2404,Accepted,