IncidentID,AgencyORI,AgencyName,IncidentStatusDesc,County,RdwyNumber,Street,RoadwayName,StreetSfx,StreetDir,IntersectionRdwy,IntersectionRdwyName,BetweenStRdwy1,BetweenStRdwyName1,BetweenStRdwy2,BetweenStRdwyName2,Latitude,Longitude,Milepoint,CollisionDate,CollisionTime,UnitsInvolved,MotorVehiclesInvolved,NumberKilled,NumberInjured,Weather,RdwyConditionCode,HitandRun,DirAnalysisCode,MannerofCollision,RdwyCharacter,LightCondition,RampFromRdwyId,RampToRdwyId,AcceptedDate,IsSecondaryCollision,OwnerBadge,IncidentStatus,
27600307,0568000,LOUISVILLE METRO POLICE DEPT,Accepted,JEFFERSON,KY0061,,PRESTON,HWY,,,HUNTINGTON,,,,,38.141699424,-85.688531047,4.196,12/23/2020 12:00:00 AM,1831,2,2,0,3,CLEAR,DRY,False,ANGLE COLLISION - OTHER,ANGLE,STRAIGHT & LEVEL,DARK (UNKNOWN ROADWAY LIGHTING),,,12/24/2020 7:06:22 AM,False,2324,Accepted,
27600309,0568000,LOUISVILLE METRO POLICE DEPT,Accepted,JEFFERSON,KY0146,,NEW LA GRANGE,RD,,US0060,SHELBYVILLE,,,,,38.249653002,-85.615142646,0.011,12/23/2020 12:00:00 AM,2027,4,4,0,0,RAINING,WET,False,OPPOSING LEFT TURN,OPPOSING LEFT TURN,STRAIGHT & LEVEL,DARK-HWY LIGHTED/ON,,,12/24/2020 7:06:29 AM,False,5212,Accepted,
27600314,0568000,LOUISVILLE METRO POLICE DEPT,Accepted,JEFFERSON,KY0155,,TAYLORSVILLE,RD,,,,,,,,38.222648522,-85.664672345,15.447,12/23/2020 12:00:00 AM,1931,2,2,0,1,CLEAR,DRY,False,REAR END IN TRAFFIC LANES BOTH VEHICLES MOVING,REAR END,STRAIGHT & LEVEL,DARK-HWY LIGHTED/ON,,,12/24/2020 7:06:40 AM,False,5104,Accepted,
27600315,0568000,LOUISVILLE METRO POLICE DEPT,Accepted,JEFFERSON,US0031W,,DIXIE,HWY,,,,,,,,38.079423763,-85.883117178,6.491,12/23/2020 12:00:00 AM,2115,2,1,0,1,RAINING,WET,False,COLLISION WITH PEDESTRIAN NON - INTERSECTION,SINGLE VEHICLE,STRAIGHT & LEVEL,DARK-HWY NOT LIGHTED,,,12/24/2020 7:06:44 AM,False,5259,Accepted,
27608260,0568000,LOUISVILLE METRO POLICE DEPT,Accepted,JEFFERSON,,,CHRISTIAN,WAY,,,,US0060,SHELBYVILLE,,CHRISTIAN,38.246825430,-85.607006290,0.141,12/23/2020 12:00:00 AM,1221,2,2,0,0,CLOUDY,DRY,False,SIDESWIPE COLLISION - SAME DIRECTION,SIDESWIPE-SAME DIRECTION,STRAIGHT & LEVEL,DAYLIGHT,,,12/28/2020 10:38:18 AM,False,7751,Accepted,
27608261,0568000,LOUISVILLE METRO POLICE DEPT,Accepted,JEFFERSON,I 0264,,I264 E EXIT20 TRANSIT,,,,,I 0264,I264 E EXIT20B ON RAMP FROM US60 E,I 0264,I264 E EXIT20A OFF RAMP TO US60 E,38.248301341,-85.619686032,0.146,12/23/2020 12:00:00 AM,1419,3,3,0,0,CLOUDY,DRY,False,REAR END IN TRAFFIC LANES BOTH VEHICLES MOVING,REAR END,STRAIGHT & HILLCREST,DAYLIGHT,,,12/28/2020 10:38:27 AM,False,7751,Accepted,
27608263,0568000,LOUISVILLE METRO POLICE DEPT,Accepted,JEFFERSON,,,CHAMBERLAIN,LN,,,,,WINCHESTER ACRES,I 0265,I265 S EXIT33 OFF RAMP TO  CHAMBERLAIN LN,38.288004135,-85.524192468,0.733,12/23/2020 12:00:00 AM,1800,1,1,0,0,CLOUDY,DRY,True,COLLISION WITH FIXED OBJECT NON - INTERSECTION - FIRST EVENT COLLISION 09 - 32 EXCLUDING 16,SINGLE VEHICLE,STRAIGHT & LEVEL,DARK-HWY LIGHTED/ON,,,12/28/2020 10:38:47 AM,False,7751,Accepted,
27596705,0568000,LOUISVILLE METRO POLICE DEPT,Accepted,JEFFERSON,KY1142,,PALATKA,RD,,,,KY0907,SOUTHSIDE,KY1865,NEW CUT,38.149009352,-85.772284683,1.701,12/23/2020 12:00:00 AM,0436,1,1,0,0,CLEAR,DRY,False,RAN OFF ROADWAY (1 VEHICLE WITH/EARTH EMBANKMENT/DITCH),SINGLE VEHICLE,STRAIGHT & LEVEL,DARK-HWY LIGHTED/ON,,,12/23/2020 8:00:40 AM,False,5110,Accepted,
27600305,0568000,LOUISVILLE METRO POLICE DEPT,Accepted,JEFFERSON,,,BURWELL,AVE,,US0031W,22ND,,,,,38.226224635,-85.793977070,0.133,12/23/2020 12:00:00 AM,1612,2,2,0,0,CLOUDY,DRY,False,ANGLE COLLISION - OTHER,ANGLE,STRAIGHT & LEVEL,DAYLIGHT,,,12/24/2020 7:06:15 AM,False,7381,Accepted,
27600316,0568000,LOUISVILLE METRO POLICE DEPT,Accepted,JEFFERSON,US0031E,,BARDSTOWN,RD,,,,,,,,38.225714789,-85.696489854,13.799,12/23/2020 12:00:00 AM,1959,2,2,0,0,RAINING,WET,True,REAR END IN TRAFFIC LANES BOTH VEHICLES MOVING,REAR END,STRAIGHT & LEVEL,DARK (UNKNOWN ROADWAY LIGHTING),,,12/24/2020 7:06:47 AM,False,5311,Accepted,
27600297,0568000,LOUISVILLE METRO POLICE DEPT,Accepted,JEFFERSON,US0042,1985,BROWNSBORO,RD,,,,,,,,38.259829714,-85.707989607,1.470,12/23/2020 12:00:00 AM,1117,2,1,0,1,CLEAR,DRY,False,COLLISION IN PARKING LOT,SINGLE VEHICLE,STRAIGHT & LEVEL,DAYLIGHT,,,12/24/2020 7:05:49 AM,False,5330,Accepted,
27611798,0568000,LOUISVILLE METRO POLICE DEPT,Accepted,JEFFERSON,,,JEFFERSON,BLVD,,,BATES,,,,,38.139473824,-85.675039249,0.108,12/23/2020 12:00:00 AM,1845,2,2,0,0,RAINING,WET,False,SIDESWIPE-SAME DIRECTION,SIDESWIPE-SAME DIRECTION,STRAIGHT & LEVEL,DUSK,,,12/29/2020 8:31:50 AM,False,7812,Accepted,
27675592,0568000,LOUISVILLE METRO POLICE DEPT,Accepted,JEFFERSON,US0031E,,BARDSTOWN,RD,,,,,LONGEST,,ROSEWOOD,38.235617605,-85.715852390,15.053,12/23/2020 12:00:00 AM,1547,2,2,0,1,CLOUDY,DRY,False,REAR END IN TRAFFIC LANES BOTH VEHICLES MOVING,REAR END,STRAIGHT & LEVEL,DAYLIGHT,,,1/15/2021 2:44:57 PM,False,2228,Accepted,
27699285,0568000,LOUISVILLE METRO POLICE DEPT,Accepted,JEFFERSON,KY1865,,TAYLOR,BLVD,,,WALTER,,,,,38.175927764,-85.782659882,4.756,12/23/2020 12:00:00 AM,2300,2,2,0,4,RAINING,WET,False,OPPOSITE DIRECTION - BOTH VEHICLES GOING STRAIGHT AHEAD,SIDESWIPE-OPPOSITE DIRECTION,STRAIGHT & LEVEL,DARK-HWY LIGHTED/ON,,,1/22/2021 8:26:11 AM,False,7493,Accepted,
27666488,0568000,LOUISVILLE METRO POLICE DEPT,Accepted,JEFFERSON,KY1931,5002,GREENWOOD,RD,,,,,,,,38.143926765,-85.849250092,2.614,12/23/2020 12:00:00 AM,1625,2,2,0,0,CLOUDY,DRY,False,OTHER ROADWAY OR MID-BLOCK COLLISION,REAR END,CURVE & LEVEL,DAYLIGHT,,,1/13/2021 10:13:39 AM,False,2669,Accepted,
27631878,0568000,LOUISVILLE METRO POLICE DEPT,Accepted,JEFFERSON,I 0264,,,,,,,,,,,38.246033318,-85.620334777,0.401,12/22/2020 12:00:00 AM,1413,4,4,0,1,CLEAR,DRY,False,OTHER RAMP RELATED COLLISIONS NOT LISTED ABOVE,REAR END,STRAIGHT & GRADE,DAYLIGHT,I 0264,US0060,1/4/2021 11:53:51 AM,False,8278,Accepted,
27619126,0568000,LOUISVILLE METRO POLICE DEPT,Accepted,JEFFERSON,I 0264,,I264 W,,,,,,,,,38.226841674,-85.639535966,17.691,12/22/2020 12:00:00 AM,1700,3,3,0,0,CLOUDY,DRY,True,REAR END IN TRAFFIC LANES BOTH VEHICLES MOVING,REAR END,STRAIGHT & LEVEL,DUSK,,,12/31/2020 7:05:58 AM,False,7793,Accepted,
27725130,0568000,LOUISVILLE METRO POLICE DEPT,Accepted,JEFFERSON,KY1934,,CANE RUN,RD,,,KRISTIN,,,,,38.197530774,-85.839641429,9.008,12/22/2020 12:00:00 AM,1800,2,2,0,0,CLEAR,DRY,False,ANGLE COLLISION - OTHER,ANGLE,STRAIGHT & LEVEL,DARK-HWY LIGHTED/ON,,,1/29/2021 8:39:24 AM,False,5253,Accepted,
27624747,0560400,SHIVELY POLICE DEPARTMENT,Accepted,JEFFERSON,I 0264,,I264 W,,,,,,,,,38.186138335,-85.817471276,7.282,12/22/2020 12:00:00 AM,0425,2,2,0,0,CLEAR,DRY,True,SIDESWIPE COLLISION - SAME DIRECTION,SIDESWIPE-SAME DIRECTION,STRAIGHT & LEVEL,DARK-HWY LIGHTED/ON,,,1/2/2021 11:21:49 AM,False,7130,Accepted,
27611788,0568000,LOUISVILLE METRO POLICE DEPT,Accepted,JEFFERSON,I 0264,,,,,,,,,,,38.228430323,-85.635303934,0.267,12/22/2020 12:00:00 AM,1515,1,1,0,0,CLEAR,DRY,False,COLLISION WITH FIXED OBJECT NOT IN GORE ,SINGLE VEHICLE,CURVE & GRADE,DAYLIGHT,I 0264,KY1932,12/29/2020 8:30:51 AM,False,8278,Accepted,
27611789,0568000,LOUISVILLE METRO POLICE DEPT,Accepted,JEFFERSON,I 0264,,I264 W,,,,,,,,,38.201142697,-85.694233017,14.217,12/22/2020 12:00:00 AM,1344,2,2,0,0,CLEAR,DRY,True,REAR END IN TRAFFIC LANES BOTH VEHICLES MOVING,REAR END,STRAIGHT & GRADE,DAYLIGHT,,,12/29/2020 8:30:55 AM,False,8278,Accepted,
27596707,0568000,LOUISVILLE METRO POLICE DEPT,Accepted,JEFFERSON,,,OLIVE,ST,,,BURNETT,,,,,38.232446993,-85.799617909,0.289,12/22/2020 12:00:00 AM,2134,2,2,0,0,CLEAR,DRY,True,ANGLE COLLISION - OTHER,ANGLE,STRAIGHT & LEVEL,DARK-HWY LIGHTED/ON,,,12/23/2020 8:00:50 AM,False,5261,Accepted,
27592417,0568000,LOUISVILLE METRO POLICE DEPT,Accepted,JEFFERSON,,4000B,BUECHEL BANK,RD,,,,,,,,38.178193210,-85.651867175,1.158,12/22/2020 12:00:00 AM,0547,2,2,0,0,CLEAR,DRY,False,OTHER ROADWAY OR MID-BLOCK COLLISION,REAR END,STRAIGHT & LEVEL,DARK (UNKNOWN ROADWAY LIGHTING),,,12/22/2020 8:14:21 AM,False,7492,Accepted,
27592418,0568000,LOUISVILLE METRO POLICE DEPT,Accepted,JEFFERSON,KY2860,,GRINSTEAD,DR,,,,,,,,38.242754625,-85.710793397,0.630,12/22/2020 12:00:00 AM,0459,1,1,0,0,CLEAR,DRY,False,COLLISION WITH FIXED OBJECT NON - INTERSECTION - FIRST EVENT COLLISION 09 - 32 EXCLUDING 16,SINGLE VEHICLE,STRAIGHT & LEVEL,DARK-HWY LIGHTED/ON,,,12/22/2020 8:14:27 AM,False,7785,Accepted,
27596679,0568000,LOUISVILLE METRO POLICE DEPT,Accepted,JEFFERSON,KY1703,,NEWBURG,RD,,,,,TARTAN,,DUNBARTON WYNDE,38.208906252,-85.693734203,2.845,12/22/2020 12:00:00 AM,1412,1,1,0,0,CLEAR,DRY,False,COLLISION WITH FIXED OBJECT NON - INTERSECTION - FIRST EVENT COLLISION 09 - 32 EXCLUDING 16,SINGLE VEHICLE,STRAIGHT & HILLCREST,DAYLIGHT,,,12/23/2020 7:58:25 AM,False,5331,Accepted,
27596687,0568000,LOUISVILLE METRO POLICE DEPT,Accepted,JEFFERSON,US0060,,FRANKFORT,AVE,,,,,CRESTMOOR,,MCCREADY,38.254306978,-85.674544154,2.510,12/22/2020 12:00:00 AM,1620,2,2,0,0,CLEAR,DRY,False,1 VEHICLE PARKED POSITION (NOT PARKING LOT/DRIVEWAY),REAR END,STRAIGHT & LEVEL,DAYLIGHT,,,12/23/2020 7:58:55 AM,False,7043,Accepted,
27596695,0568000,LOUISVILLE METRO POLICE DEPT,Accepted,JEFFERSON,,,KENTUCKY,ST,W,,,,,,,38.243771611,-85.800978830,1.272,12/22/2020 12:00:00 AM,1240,2,2,0,1,CLEAR,DRY,True,HEAD-ON COLLISION,HEAD ON,STRAIGHT & LEVEL,DAYLIGHT,,,12/23/2020 7:59:35 AM,False,5114,Accepted,
27596682,0568000,LOUISVILLE METRO POLICE DEPT,Accepted,JEFFERSON,I 0065,,I65 N,,,I 0064,I64 W,,,,,38.256402637,-85.741767847,136.302,12/22/2020 12:00:00 AM,1550,2,2,0,0,CLEAR,DRY,False,SIDESWIPE-SAME DIRECTION,SIDESWIPE-SAME DIRECTION,STRAIGHT & LEVEL,DAYLIGHT,,,12/23/2020 7:58:36 AM,False,6360,Accepted,
27596689,0568000,LOUISVILLE METRO POLICE DEPT,Accepted,JEFFERSON,KY0061,,JACKSON,ST,S,US0150,BROADWAY,,,,,38.245141171,-85.745606286,12.287,12/22/2020 12:00:00 AM,1237,2,2,0,2,CLEAR,DRY,False,ANGLE COLLISION - OTHER,ANGLE,STRAIGHT & LEVEL,DAYLIGHT,,,12/23/2020 7:59:03 AM,False,5173,Accepted,
27596690,0568000,LOUISVILLE METRO POLICE DEPT,Accepted,JEFFERSON,I 0064,,I64 E,,,,,I 0064,I64 E EXIT17 ON RAMP FROM KY913,I 0064,I64 E EXIT19A RAMP TO I265 S,38.222831484,-85.511509976,18.654,12/22/2020 12:00:00 AM,1656,2,2,0,0,CLEAR,DRY,False,REAR END IN TRAFFIC LANES BOTH VEHICLES MOVING,REAR END,STRAIGHT & LEVEL,DAYLIGHT,,,12/23/2020 7:59:09 AM,False,7337,Accepted,
27596696,0568000,LOUISVILLE METRO POLICE DEPT,Accepted,JEFFERSON,I 0264,,I264 E,,,I 0264,I264 E EXIT20 OFF RAMP TO US60,,,,,38.241866587,-85.621461839,19.209,12/22/2020 12:00:00 AM,1823,4,4,0,2,CLEAR,DRY,False,OTHER INTERSECTION COLLISIONS,REAR END,STRAIGHT & LEVEL,DARK-HWY LIGHTED/ON,,,12/23/2020 7:59:38 AM,False,7436,Accepted,
27596697,0568000,LOUISVILLE METRO POLICE DEPT,Accepted,JEFFERSON,,10909,STONESTREET,RD,,,,,,,,38.093831063,-85.823909360,2.900,12/22/2020 12:00:00 AM,1912,1,1,0,1,CLEAR,DRY,False,COLLISION WITH FIXED OBJECT NON - INTERSECTION - FIRST EVENT COLLISION 09 - 32 EXCLUDING 16,SINGLE VEHICLE,CURVE & GRADE,DARK-HWY NOT LIGHTED,,,12/23/2020 7:59:43 AM,False,5279,Accepted,
27596673,0568000,LOUISVILLE METRO POLICE DEPT,Accepted,JEFFERSON,KY1934,,CANE RUN,RD,,,,,,,,38.196631907,-85.841127413,8.901,12/22/2020 12:00:00 AM,0748,2,2,0,1,CLEAR,DRY,False,OTHER ROADWAY OR MID-BLOCK COLLISION,REAR TO REAR,STRAIGHT & LEVEL,DAYLIGHT,,,12/23/2020 7:58:02 AM,False,5257,Accepted,
27596680,0568000,LOUISVILLE METRO POLICE DEPT,Accepted,JEFFERSON,,,26TH,ST,N,KY3082,BANK,,,,,38.269328224,-85.790974821,0.618,12/22/2020 12:00:00 AM,1442,2,2,0,0,CLEAR,DRY,False,ANGLE COLLISION - OTHER,ANGLE,STRAIGHT & LEVEL,DAYLIGHT,,,12/23/2020 7:58:28 AM,False,5108,Accepted,
27630955,0568000,LOUISVILLE METRO POLICE DEPT,Accepted,JEFFERSON,I 0264,,I264 W,,,,,I 0264,I264 W EXIT14 OFF RAMP TO KY864,I 0264,I264 W EXIT15 ON RAMP FROM KY1703,38.201158278,-85.694145827,14.222,12/22/2020 12:00:00 AM,1517,3,3,0,0,CLEAR,DRY,False,REAR END IN TRAFFIC LANES BOTH VEHICLES MOVING,REAR END,STRAIGHT & LEVEL,DAYLIGHT,,,1/4/2021 9:44:52 AM,False,7938,Accepted,
27608334,0568000,LOUISVILLE METRO POLICE DEPT,Accepted,JEFFERSON,,1423,BELMAR,DR,,,,,RESERVOIR,,HICKMAN,38.196082647,-85.720414926,0.642,12/22/2020 12:00:00 AM,0920,2,2,0,0,CLEAR,DRY,False,1 VEHICLE PARKED POSITION (NOT PARKING LOT/DRIVEWAY),SIDESWIPE-SAME DIRECTION,STRAIGHT & LEVEL,DAYLIGHT,,,12/28/2020 10:46:06 AM,False,7938,Accepted,
27608291,0568000,LOUISVILLE METRO POLICE DEPT,Accepted,JEFFERSON,US0150,1209,BROADWAY,,W,,,,,,,38.247917231,-85.772134678,1.775,12/22/2020 12:00:00 AM,1846,3,3,0,1,CLEAR,DRY,True,COLLISION IN PARKING LOT,REAR END,STRAIGHT & LEVEL,DUSK,,,12/28/2020 10:42:02 AM,False,5173,Accepted,
27596694,0568000,LOUISVILLE METRO POLICE DEPT,Accepted,JEFFERSON,KY0841,,,,,,,,,,,38.119325688,-85.747954518,0.365,12/22/2020 12:00:00 AM,1845,2,2,0,0,CLEAR,DRY,False,OTHER RAMP RELATED COLLISIONS NOT LISTED ABOVE,REAR END,STRAIGHT & LEVEL,DUSK,KY0841,KY1020,12/23/2020 7:59:31 AM,False,5336,Accepted,
27596703,0568000,LOUISVILLE METRO POLICE DEPT,Accepted,JEFFERSON,I 0065,,I65 S,,,,,,,,,38.126022436,-85.702276603,125.920,12/22/2020 12:00:00 AM,2208,2,2,0,1,CLEAR,DRY,False,SIDESWIPE COLLISION - SAME DIRECTION,SIDESWIPE-SAME DIRECTION,STRAIGHT & LEVEL,DARK-HWY LIGHTED/ON,,,12/23/2020 8:00:23 AM,False,5182,Accepted,
27600293,0568000,LOUISVILLE METRO POLICE DEPT,Accepted,JEFFERSON,KY1865,,TAYLOR,BLVD,,,CAMDEN,,,,,38.192508884,-85.783213214,5.936,12/22/2020 12:00:00 AM,2100,2,2,0,0,CLEAR,DRY,False,COLLISION WITH PARKED VEHICLE,REAR END,STRAIGHT & LEVEL,DARK-HWY LIGHTED/ON,,,12/24/2020 7:05:30 AM,False,5175,Accepted,
27600294,0568000,LOUISVILLE METRO POLICE DEPT,Accepted,JEFFERSON,US0031E,,BARDSTOWN,RD,,,,,,,,38.204562573,-85.665692736,11.488,12/22/2020 12:00:00 AM,1306,2,2,0,4,CLEAR,DRY,False,1 VEHICLE ENTERING/LEAVING ENTRANCE,ANGLE,STRAIGHT & LEVEL,DAYLIGHT,,,12/24/2020 7:05:35 AM,False,4693,Accepted,
27596692,0568000,LOUISVILLE METRO POLICE DEPT,Accepted,JEFFERSON,,522,ST CATHERINE,ST,E,,,,,,,38.235253278,-85.746562034,0.826,12/22/2020 12:00:00 AM,1658,3,3,0,0,CLEAR,DRY,False,1 VEHICLE PARKED POSITION (NOT PARKING LOT/DRIVEWAY),REAR END,STRAIGHT & LEVEL,DAYLIGHT,,,12/23/2020 7:59:23 AM,False,7322,Accepted,
27596678,0568000,LOUISVILLE METRO POLICE DEPT,Accepted,JEFFERSON,KY1450,9220,BLUE LICK,RD,,,,,,,,38.114622367,-85.689499862,2.056,12/22/2020 12:00:00 AM,1006,1,1,0,0,CLEAR,DRY,False,COLLISION IN PARKING LOT,SINGLE VEHICLE,STRAIGHT & LEVEL,DAYLIGHT,,,12/23/2020 7:58:21 AM,False,4693,Accepted,
27592415,0568000,LOUISVILLE METRO POLICE DEPT,Accepted,JEFFERSON,,,RODMAN,ST,,,COMPTON,,,,,38.213822005,-85.769171968,0.524,12/22/2020 12:00:00 AM,0400,2,2,0,0,CLEAR,DRY,True,COLLISION WITH PARKED VEHICLE,REAR END,STRAIGHT & LEVEL,DARK-HWY LIGHTED/ON,,,12/22/2020 8:14:11 AM,False,5175,Accepted,
27592416,0568000,LOUISVILLE METRO POLICE DEPT,Accepted,JEFFERSON,,2908,VIRGINIA,AVE,,,,,,,,38.238223023,-85.802014139,0.265,12/22/2020 12:00:00 AM,0508,1,1,0,0,CLEAR,DRY,False,COLLISION WITH FIXED OBJECT NON - INTERSECTION - FIRST EVENT COLLISION 09 - 32 EXCLUDING 16,SINGLE VEHICLE,STRAIGHT & LEVEL,DARK-HWY LIGHTED/ON,,,12/22/2020 8:14:16 AM,False,7481,Accepted,
27596675,0568000,LOUISVILLE METRO POLICE DEPT,Accepted,JEFFERSON,US0031E,,BARDSTOWN,RD,,,,,WEBER,,WROCKLAGE,38.223622493,-85.687249767,13.277,12/22/2020 12:00:00 AM,1056,2,2,0,0,CLEAR,DRY,False,OTHER ROADWAY OR MID-BLOCK COLLISION,REAR END,STRAIGHT & LEVEL,DAYLIGHT,,,12/23/2020 7:58:10 AM,False,7570,Accepted,
27596683,0568000,LOUISVILLE METRO POLICE DEPT,Accepted,JEFFERSON,KY2052,,SHEPHERDSVILLE,RD,,,REGENT,,,,,38.174264356,-85.659366950,2.455,12/22/2020 12:00:00 AM,1638,2,2,0,0,CLEAR,DRY,False,ANGLE COLLISION - OTHER,ANGLE,STRAIGHT & LEVEL,DAYLIGHT,,,12/23/2020 7:58:39 AM,False,5315,Accepted,
27596691,0568000,LOUISVILLE METRO POLICE DEPT,Accepted,JEFFERSON,KY1934,,CANE RUN,RD,,KY1727,TERRY,,,,,38.178065187,-85.861859742,7.182,12/21/2020 12:00:00 AM,1421,3,3,0,0,CLEAR,DRY,False,ANGLE COLLISION - ONE VEHICLE TURNING LEFT,ANGLE,STRAIGHT & LEVEL,DAYLIGHT,,,12/23/2020 7:59:15 AM,False,7817,Accepted,
27592414,0568000,LOUISVILLE METRO POLICE DEPT,Accepted,JEFFERSON,I 0264,,I264 W,,,,,,,,,38.224546577,-85.644626291,17.384,12/21/2020 12:00:00 AM,2100,4,4,0,0,CLOUDY,DRY,True,SIDESWIPE COLLISION - SAME DIRECTION,SIDESWIPE-SAME DIRECTION,STRAIGHT & HILLCREST,DARK-HWY LIGHTED/ON,,,12/22/2020 8:14:04 AM,False,7916,Accepted,
27592408,0568000,LOUISVILLE METRO POLICE DEPT,Accepted,JEFFERSON,,,7TH,ST,S,KY2054,ALGONQUIN,,,,,38.220086954,-85.777378506,0.002,12/21/2020 12:00:00 AM,1659,2,2,0,0,CLEAR,DRY,True,ANGLE COLLISION - OTHER,ANGLE,STRAIGHT & LEVEL,DAYLIGHT,,,12/22/2020 8:13:42 AM,False,7091,Accepted,
27592380,0568000,LOUISVILLE METRO POLICE DEPT,Accepted,JEFFERSON,US0060,9913,SHELBYVILLE,RD,,,,,,,,38.246027356,-85.572161991,8.119,12/21/2020 12:00:00 AM,1032,2,2,0,1,CLOUDY,DRY,False,OTHER ROADWAY OR MID-BLOCK COLLISION,OPPOSING LEFT TURN,STRAIGHT & LEVEL,DAYLIGHT,,,12/22/2020 8:09:49 AM,False,7337,Accepted,
27592405,0568000,LOUISVILLE METRO POLICE DEPT,Accepted,JEFFERSON,I 0264,,I264 E,,,,,,,,,38.207167690,-85.677231409,15.244,12/21/2020 12:00:00 AM,1202,2,2,0,0,CLOUDY,DRY,False,HEAD-ON COLLISION,HEAD ON,STRAIGHT & LEVEL,DAYLIGHT,,,12/22/2020 8:13:33 AM,False,4903,Accepted,
27588738,0568000,LOUISVILLE METRO POLICE DEPT,Accepted,JEFFERSON,I 0065,,I65 S,,,,,,,,,38.175860808,-85.719567570,129.576,12/21/2020 12:00:00 AM,0309,2,2,0,2,CLEAR,DRY,False,REAR END IN TRAFFIC LANES BOTH VEHICLES MOVING,REAR END,STRAIGHT & LEVEL,DARK-HWY LIGHTED/ON,,,12/21/2020 8:44:32 AM,False,5144,Accepted,
27590017,0561000,JEFFERSONTOWN POLICE DEPT,Accepted,JEFFERSON,,,TUCKER STATION,RD,,,,,BLUEGRASS,,PLANTSIDE,38.214190558,-85.530308778,2.424,12/21/2020 12:00:00 AM,0944,2,2,0,0,CLEAR,WET,False,SIDESWIPE COLLISION - OPPOSITE DIRECTION,SIDESWIPE-OPPOSITE DIRECTION,STRAIGHT & GRADE,DAYLIGHT,,,12/21/2020 3:35:31 PM,False,8308,Accepted,
27596693,0568000,LOUISVILLE METRO POLICE DEPT,Accepted,JEFFERSON,,4300 BLK,BISHOP,LN,,,,,,,,38.199784207,-85.686075914,1.396,12/21/2020 12:00:00 AM,1607,2,2,0,0,CLEAR,DRY,False,1 VEHICLE ENTERING/LEAVING ENTRANCE,ANGLE,STRAIGHT & LEVEL,DAYLIGHT,,,12/23/2020 7:59:28 AM,False,7319,Accepted,
27596681,0568000,LOUISVILLE METRO POLICE DEPT,Accepted,JEFFERSON,KY0061,6231,PRESTON,HWY,,,,,,,,38.161342150,-85.699528682,5.698,12/21/2020 12:00:00 AM,1458,3,3,0,0,CLEAR,DRY,True,COLLISION IN PARKING LOT,BACKING,STRAIGHT & LEVEL,DAYLIGHT,,,12/23/2020 7:58:32 AM,False,5027,Accepted,
27596674,0568000,LOUISVILLE METRO POLICE DEPT,Accepted,JEFFERSON,KY1747,2805,FERN VALLEY,RD,,,,,,,,38.157099107,-85.712371759,1.088,12/21/2020 12:00:00 AM,1637,3,3,0,2,CLEAR,DRY,False,1 VEHICLE ENTERING/LEAVING ENTRANCE,ANGLE,STRAIGHT & LEVEL,DAYLIGHT,,,12/23/2020 7:58:06 AM,True,7669,Accepted,
27595559,0560300,ST. MATTHEWS POLICE DEPARTMENT,Accepted,JEFFERSON,,,DUTCHMANS,LN,,,DUTCHMANS,,,,,38.230664697,-85.639036928,0.943,12/21/2020 12:00:00 AM,2100,2,2,0,0,CLOUDY,DRY,False,SIDESWIPE-SAME DIRECTION,SIDESWIPE-SAME DIRECTION,STRAIGHT & LEVEL,DARK-HWY LIGHTED/ON,,,12/22/2020 10:15:54 PM,False,9193,Accepted,
27588741,0568000,LOUISVILLE METRO POLICE DEPT,Accepted,JEFFERSON,,,BLANTON,LN,,,BROOKLAWN,,,,,38.152507813,-85.819928217,0.862,12/21/2020 12:00:00 AM,0412,2,2,0,0,CLEAR,DRY,False,OPPOSING LEFT TURN,OPPOSING LEFT TURN,STRAIGHT & LEVEL,DARK-HWY LIGHTED/ON,,,12/21/2020 8:44:42 AM,False,7115,Accepted,
27592378,0568000,LOUISVILLE METRO POLICE DEPT,Accepted,JEFFERSON,KY1631,,CRITTENDEN,DR,,I 0065,I65 S EXIT132 ON RAMP FROM  CRITTENDEN DR,,,,,38.205995440,-85.750852623,1.241,12/21/2020 12:00:00 AM,0736,2,2,0,1,CLOUDY,DRY,False,OPPOSING LEFT TURN,OPPOSING LEFT TURN,STRAIGHT & LEVEL,DAYLIGHT,,,12/22/2020 8:09:40 AM,False,7872,Accepted,