IncidentID,AgencyORI,AgencyName,IncidentStatusDesc,County,RdwyNumber,Street,RoadwayName,StreetSfx,StreetDir,IntersectionRdwy,IntersectionRdwyName,BetweenStRdwy1,BetweenStRdwyName1,BetweenStRdwy2,BetweenStRdwyName2,Latitude,Longitude,Milepoint,CollisionDate,CollisionTime,UnitsInvolved,MotorVehiclesInvolved,NumberKilled,NumberInjured,Weather,RdwyConditionCode,HitandRun,DirAnalysisCode,MannerofCollision,RdwyCharacter,LightCondition,RampFromRdwyId,RampToRdwyId,AcceptedDate,IsSecondaryCollision,OwnerBadge,IncidentStatus,
27579379,0568000,LOUISVILLE METRO POLICE DEPT,Accepted,JEFFERSON,KY1934,,GREENBELT,HWY,,,,,,,,38.146587462,-85.886531520,4.417,12/17/2020 12:00:00 AM,2045,2,2,0,0,CLEAR,DRY,True,REAR END IN TRAFFIC LANES BOTH VEHICLES MOVING,REAR END,STRAIGHT & LEVEL,DARK-HWY LIGHTED/ON,,,12/18/2020 8:27:35 AM,False,5136,Accepted,
27579380,0568000,LOUISVILLE METRO POLICE DEPT,Accepted,JEFFERSON,,,26TH,ST,S,,MUHAMMAD ALI,,,,,38.255201518,-85.794261670,0.384,12/17/2020 12:00:00 AM,2003,2,2,0,0,CLEAR,DRY,False,ANGLE COLLISION - OTHER,ANGLE,STRAIGHT & LEVEL,DARK-HWY LIGHTED/ON,,,12/18/2020 8:27:49 AM,False,5172,Accepted,
27588641,0568000,LOUISVILLE METRO POLICE DEPT,Accepted,JEFFERSON,US0031E,,BARDSTOWN,RD,,,,,,,,38.208075967,-85.668853477,11.753,12/17/2020 12:00:00 AM,1425,2,2,0,1,CLOUDY,DRY,False,REAR END IN TRAFFIC LANES BOTH VEHICLES MOVING,REAR END,STRAIGHT & LEVEL,DAYLIGHT,,,12/21/2020 8:38:53 AM,False,4693,Accepted,
27588673,0568000,LOUISVILLE METRO POLICE DEPT,Accepted,JEFFERSON,I 0065,,I65 S,,,,,,,,,38.184900078,-85.724417500,130.267,12/17/2020 12:00:00 AM,2045,4,4,0,5,CLOUDY,DRY,False,REAR END IN TRAFFIC LANES BOTH VEHICLES MOVING,REAR END,STRAIGHT & LEVEL,DARK-HWY LIGHTED/ON,,,12/21/2020 8:40:37 AM,True,7578,Accepted,
27588677,0568000,LOUISVILLE METRO POLICE DEPT,Accepted,JEFFERSON,I 0065,,,,,,,,,,,38.192412302,-85.729768884,0.478,12/17/2020 12:00:00 AM,1119,2,2,0,0,CLEAR,DRY,False,OTHER RAMP RELATED COLLISIONS NOT LISTED ABOVE,SIDESWIPE-SAME DIRECTION,CURVE & GRADE,DAYLIGHT,I 0264,I 0065,12/21/2020 8:40:54 AM,False,2142,Accepted,
27579374,0568000,LOUISVILLE METRO POLICE DEPT,Accepted,JEFFERSON,KY1065,,OUTER,LOOP,,KY1865,NEW CUT,,,,,38.126413982,-85.776204846,1.024,12/17/2020 12:00:00 AM,0651,2,2,0,0,CLEAR,DRY,False,ANGLE COLLISION - OTHER,ANGLE,STRAIGHT & LEVEL,DARK-HWY LIGHTED/ON,,,12/18/2020 8:26:50 AM,False,5209,Accepted,
27579375,0568000,LOUISVILLE METRO POLICE DEPT,Accepted,JEFFERSON,I 0265,,I265 N,,,,,,,,,38.300664776,-85.553037238,32.863,12/17/2020 12:00:00 AM,1958,2,2,0,0,CLEAR,DRY,False,SIDESWIPE COLLISION - SAME DIRECTION,SIDESWIPE-SAME DIRECTION,STRAIGHT & LEVEL,DARK-HWY LIGHTED/ON,,,12/18/2020 8:26:56 AM,False,5155,Accepted,
27579376,0568000,LOUISVILLE METRO POLICE DEPT,Accepted,JEFFERSON,,,BLANTON,LN,,,,,MILLS,,MILLS,38.155220255,-85.827454647,0.438,12/17/2020 12:00:00 AM,1856,1,1,0,0,CLEAR,DRY,True,OTHER COLLISIONS ON SHOULDER,SINGLE VEHICLE,STRAIGHT & LEVEL,DARK-HWY NOT LIGHTED,,,12/18/2020 8:27:03 AM,False,5298,Accepted,
27579382,0568000,LOUISVILLE METRO POLICE DEPT,Accepted,JEFFERSON,US0031W,,DIXIE,HWY,,KY1931,ST ANDREWS CHURCH,,,,,38.144559137,-85.838987166,11.756,12/17/2020 12:00:00 AM,2048,1,1,0,0,CLEAR,DRY,False,OTHER INTERSECTION COLLISIONS,SINGLE VEHICLE,STRAIGHT & LEVEL,DARK-HWY LIGHTED/ON,,,12/18/2020 8:28:00 AM,False,5211,Accepted,
27579390,0568000,LOUISVILLE METRO POLICE DEPT,Accepted,JEFFERSON,I 0265,,I265 W,,,,,I 0064,I64 E EXIT19A RAMP TO I265 S,I 0265,I265 W EXIT23 OFF RAMP TO KY155,38.197985921,-85.508473352,23.732,12/17/2020 12:00:00 AM,2139,2,2,0,0,CLOUDY,DRY,False,SIDESWIPE COLLISION - SAME DIRECTION,SIDESWIPE-SAME DIRECTION,STRAIGHT & LEVEL,DARK-HWY LIGHTED/ON,,,12/18/2020 8:29:01 AM,False,7735,Accepted,
27579398,0568000,LOUISVILLE METRO POLICE DEPT,Accepted,JEFFERSON,,,ROY WILKINS,AVE,,US0150,BROADWAY,,,,,38.246841312,-85.766680335,0.748,12/17/2020 12:00:00 AM,0522,2,1,0,1,CLEAR,DRY,False,COLLISION WITH PEDESTRIAN IN INTERSECTION,SINGLE VEHICLE,STRAIGHT & LEVEL,DARK-HWY LIGHTED/ON,,,12/18/2020 8:29:58 AM,False,7316,Accepted,
27579358,0568000,LOUISVILLE METRO POLICE DEPT,Accepted,JEFFERSON,US0031E,,BARDSTOWN,RD,,,ICHABOD,,,,,38.131558934,-85.578211195,4.172,12/17/2020 12:00:00 AM,1550,3,3,0,4,CLOUDY,WET,False,COLLISION WITH FIXED OBJECT IN INTERSECTION - FIRST EVENT COLLISION 09 - 32,ANGLE,STRAIGHT & LEVEL,DAYLIGHT,,,12/18/2020 8:25:09 AM,False,7465,Accepted,
27578471,0560400,SHIVELY POLICE DEPARTMENT,Accepted,JEFFERSON,US0031W,4700 BLK,DIXIE,HWY,,,,,STALLINGS,KY2051,ROCKFORD,38.174449936,-85.823314242,13.845,12/17/2020 12:00:00 AM,1701,2,2,0,0,CLEAR,DRY,True,REAR END IN TRAFFIC LANES BOTH VEHICLES MOVING,REAR END,STRAIGHT & LEVEL,DAYLIGHT,,,12/18/2020 1:21:42 AM,False,7124,Accepted,
27579342,0568000,LOUISVILLE METRO POLICE DEPT,Accepted,JEFFERSON,,,MARKET,ST,W,,24TH,,,,,38.259159587,-85.790211659,0.173,12/17/2020 12:00:00 AM,1100,2,2,0,0,CLOUDY,DRY,False,ANGLE COLLISION - OTHER,ANGLE,STRAIGHT & LEVEL,DAYLIGHT,,,12/18/2020 8:23:09 AM,False,2403,Accepted,
27575622,0568000,LOUISVILLE METRO POLICE DEPT,Accepted,JEFFERSON,KY0864,,POPLAR LEVEL,RD,,,,I 0264,I264 E EXIT14 ON RAMP FROM KY864 S,I 0264,I264 W EXIT14 OFF RAMP TO KY864 S,38.195299905,-85.707492184,11.304,12/17/2020 12:00:00 AM,0030,2,2,0,0,CLEAR,DRY,False,REAR END IN TRAFFIC LANES BOTH VEHICLES MOVING,REAR END,STRAIGHT & LEVEL,DARK-HWY LIGHTED/ON,,,12/17/2020 9:21:26 AM,False,5165,Accepted,
27596684,0568000,LOUISVILLE METRO POLICE DEPT,Accepted,JEFFERSON,I 0065,,I65 N,,,,,,,,,38.213274166,-85.752592294,132.983,12/17/2020 12:00:00 AM,1005,3,3,0,0,CLOUDY,DRY,False,REAR END IN TRAFFIC LANES BOTH VEHICLES MOVING,REAR END,CURVE & LEVEL,DAYLIGHT,,,12/23/2020 7:58:42 AM,False,7772,Accepted,
27588744,0568000,LOUISVILLE METRO POLICE DEPT,Accepted,JEFFERSON,,,34TH,ST,S,,,,,,,38.241895755,-85.809767197,1.431,12/17/2020 12:00:00 AM,0700,1,1,0,0,CLOUDY,DRY,False,COLLISION WITH FIXED OBJECT NON - INTERSECTION - FIRST EVENT COLLISION 09 - 32 EXCLUDING 16,SINGLE VEHICLE,STRAIGHT & GRADE,DAYLIGHT,,,12/21/2020 8:44:51 AM,False,7357,Accepted,
27592379,0568000,LOUISVILLE METRO POLICE DEPT,Accepted,JEFFERSON,I 0071,,,,,,,,,,,38.289271437,-85.646827867,0.057,12/17/2020 12:00:00 AM,1535,2,2,0,0,CLOUDY,DRY,False,OTHER RAMP RELATED COLLISIONS NOT LISTED ABOVE,ANGLE,STRAIGHT & LEVEL,DAYLIGHT,I 0264,I 0071,12/22/2020 8:09:46 AM,False,2738,Accepted,
27593441,0568000,LOUISVILLE METRO POLICE DEPT,Accepted,JEFFERSON,I 0264,,I264 W,,,,,,,,,38.224923007,-85.643754482,17.435,12/17/2020 12:00:00 AM,1428,2,1,0,0,CLOUDY,DRY,False,COLLISION WITH FIXED OBJECT NON - INTERSECTION - FIRST EVENT COLLISION 09 - 32 EXCLUDING 16,REAR END,STRAIGHT & LEVEL,DAYLIGHT,,,12/22/2020 12:58:48 PM,False,2738,Accepted,
27593431,0568000,LOUISVILLE METRO POLICE DEPT,Accepted,JEFFERSON,I 0065,,I65 S,,,,,,,,,38.206542883,-85.747072950,132.304,12/17/2020 12:00:00 AM,2046,3,1,0,2,CLEAR,DRY,False,REAR END IN TRAFFIC LANES BOTH VEHICLES MOVING,REAR END,STRAIGHT & LEVEL,DARK-HWY LIGHTED/ON,,,12/22/2020 12:54:21 PM,False,2142,Accepted,
27751917,0568000,LOUISVILLE METRO POLICE DEPT,Accepted,JEFFERSON,KY1865,,NEW CUT,RD,,,,,,,,38.148187950,-85.775954530,2.831,12/17/2020 12:00:00 AM,1706,2,2,0,1,CLEAR,DRY,False,1 VEHICLE ENTERING/LEAVING ENTRANCE,ANGLE,STRAIGHT & LEVEL,DARK-HWY LIGHTED/ON,,,2/5/2021 8:06:00 AM,False,7331,Accepted,
27657286,0568000,LOUISVILLE METRO POLICE DEPT,Accepted,JEFFERSON,KY1065,,OUTER,LOOP,,,,,,,,38.125679640,-85.758018519,2.011,12/17/2020 12:00:00 AM,1857,3,3,0,1,CLEAR,DRY,False,REAR END IN TRAFFIC LANES BOTH VEHICLES MOVING,REAR END,STRAIGHT & LEVEL,DARK-HWY LIGHTED/ON,,,1/11/2021 8:46:44 AM,False,7221,Accepted,
27666008,0568000,LOUISVILLE METRO POLICE DEPT,Accepted,JEFFERSON,KY1932,,BRECKENRIDGE,LN,,,,,SIX MILE,KY6158,PUMP STATE ACCESS,38.197448760,-85.625146854,1.116,12/16/2020 12:00:00 AM,1950,2,1,1,0,RAINING,WET,False,COLLISION WITH PEDESTRIAN NON - INTERSECTION,SINGLE VEHICLE,STRAIGHT & GRADE,DARK-HWY NOT LIGHTED,,,1/13/2021 8:09:17 AM,False,2142,Accepted,
27588717,0568000,LOUISVILLE METRO POLICE DEPT,Accepted,JEFFERSON,I 0065,,I65 S,,,,,,,,,38.196194015,-85.733640839,131.200,12/16/2020 12:00:00 AM,1433,1,1,0,1,RAINING,WET,False,OTHER ROADWAY OR MID-BLOCK COLLISION,SINGLE VEHICLE,CURVE & GRADE,DAYLIGHT,,,12/21/2020 8:43:16 AM,False,8278,Accepted,
27588718,0568000,LOUISVILLE METRO POLICE DEPT,Accepted,JEFFERSON,I 0264,,I264 W,,,,,,,,,38.198311916,-85.703753991,13.657,12/16/2020 12:00:00 AM,1627,3,3,0,4,CLOUDY,WET,False,REAR END IN TRAFFIC LANES BOTH VEHICLES MOVING,REAR END,CURVE & GRADE,DAYLIGHT,,,12/21/2020 8:43:22 AM,False,8278,Accepted,
27608305,0568000,LOUISVILLE METRO POLICE DEPT,Accepted,JEFFERSON,,,BUECHEL BANK,RD,,,,,,,,38.180953090,-85.648460325,0.789,12/16/2020 12:00:00 AM,1033,1,1,0,0,CLOUDY,WET,False,COLLISION WITH FIXED OBJECT NON - INTERSECTION - FIRST EVENT COLLISION 09 - 32 EXCLUDING 16,SINGLE VEHICLE,STRAIGHT & LEVEL,DAYLIGHT,,,12/28/2020 10:43:36 AM,False,5159,Accepted,
27596676,0568000,LOUISVILLE METRO POLICE DEPT,Accepted,JEFFERSON,US0060A,2828,TAYLOR,BLVD,,,,,,,,38.208512070,-85.773483699,2.477,12/16/2020 12:00:00 AM,1600,3,3,0,1,CLOUDY,WET,True,REAR END IN TRAFFIC LANES BOTH VEHICLES MOVING,REAR END,STRAIGHT & LEVEL,DAYLIGHT,,,12/23/2020 7:58:14 AM,False,5045,Accepted,
27596677,0568000,LOUISVILLE METRO POLICE DEPT,Accepted,JEFFERSON,,,3RD,ST,S,KY2801,FLORENCE,,,,,38.191177129,-85.764892462,0.650,12/16/2020 12:00:00 AM,1643,2,2,0,1,CLOUDY,WET,False,OPPOSING LEFT TURN,OPPOSING LEFT TURN,STRAIGHT & GRADE,DAYLIGHT,,,12/23/2020 7:58:18 AM,False,5045,Accepted,
27575623,0568000,LOUISVILLE METRO POLICE DEPT,Accepted,JEFFERSON,,,7TH,ST,S,,OAK,,,,,38.235452426,-85.765089542,1.257,12/16/2020 12:00:00 AM,1810,2,1,0,1,CLEAR,DRY,False,COLLISION WITH PEDESTRIAN IN INTERSECTION,SINGLE VEHICLE,STRAIGHT & LEVEL,DUSK,,,12/17/2020 9:21:42 AM,False,7433,Accepted,
27579366,0568000,LOUISVILLE METRO POLICE DEPT,Accepted,JEFFERSON,KY1020,,3RD,ST,S,US0060A,WINKLER,,,,,38.210155299,-85.763014249,9.865,12/16/2020 12:00:00 AM,1327,2,2,0,1,CLOUDY,WET,False,OTHER INTERSECTION COLLISIONS,REAR END,STRAIGHT & LEVEL,DAYLIGHT,,,12/18/2020 8:25:50 AM,False,5201,Accepted,
27575573,0568000,LOUISVILLE METRO POLICE DEPT,Accepted,JEFFERSON,,7503,MANSLICK,RD,,,,,,,,38.147926975,-85.790388532,0.319,12/16/2020 12:00:00 AM,0808,1,1,0,0,RAINING,WET,False,COLLISION WITH FIXED OBJECT NON - INTERSECTION - FIRST EVENT COLLISION 09 - 32 EXCLUDING 16,SINGLE VEHICLE,CURVE & GRADE,DAWN,,,12/17/2020 9:14:20 AM,False,5336,Accepted,
27575579,0568000,LOUISVILLE METRO POLICE DEPT,Accepted,JEFFERSON,KY1065,,OUTER,LOOP,,,NOLTEMEYER WYNDE,,,,,38.138279091,-85.681313416,6.437,12/16/2020 12:00:00 AM,1708,2,2,0,0,RAINING,WET,True,SIDESWIPE-SAME DIRECTION,SIDESWIPE-SAME DIRECTION,STRAIGHT & LEVEL,DUSK,,,12/17/2020 9:15:54 AM,False,5264,Accepted,
27575581,0568000,LOUISVILLE METRO POLICE DEPT,Accepted,JEFFERSON,,,FEGENBUSH,LN,,KY1747,FERN VALLEY,,,,,38.161297266,-85.640895589,1.805,12/16/2020 12:00:00 AM,1620,2,2,0,0,CLOUDY,WET,False,SIDESWIPE-SAME DIRECTION,SIDESWIPE-SAME DIRECTION,STRAIGHT & LEVEL,DAYLIGHT,,,12/17/2020 9:15:58 AM,False,7484,Accepted,
27575582,0568000,LOUISVILLE METRO POLICE DEPT,Accepted,JEFFERSON,US0031E,3420,BARDSTOWN,RD,,,,,,,,38.205869168,-85.667041942,11.586,12/16/2020 12:00:00 AM,1723,1,1,0,0,RAINING,WET,False,COLLISION WITH FIXED OBJECT NON - INTERSECTION - FIRST EVENT COLLISION 09 - 32 EXCLUDING 16,SINGLE VEHICLE,STRAIGHT & LEVEL,DARK-HWY LIGHTED/ON,,,12/17/2020 9:16:07 AM,False,7448,Accepted,
27575604,0568000,LOUISVILLE METRO POLICE DEPT,Accepted,JEFFERSON,KY1934,,CANE RUN,RD,,,MARGEE,,,,,38.192567449,-85.846262011,8.507,12/16/2020 12:00:00 AM,1748,2,2,0,0,RAINING,WET,True,OTHER INTERSECTION COLLISIONS,REAR END,STRAIGHT & LEVEL,DARK-HWY NOT LIGHTED,,,12/17/2020 9:16:50 AM,False,5253,Accepted,
27575605,0568000,LOUISVILLE METRO POLICE DEPT,Accepted,JEFFERSON,,6410,SHAFFER,LN,,,,,,,,38.152757606,-85.560228315,0.096,12/16/2020 12:00:00 AM,1831,1,1,0,0,RAINING,WET,False,COLLISION WITH FIXED OBJECT NON - INTERSECTION - FIRST EVENT COLLISION 09 - 32 EXCLUDING 16,SINGLE VEHICLE,CURVE & LEVEL,DARK (UNKNOWN ROADWAY LIGHTING),,,12/17/2020 9:16:57 AM,False,7465,Accepted,
27575614,0568000,LOUISVILLE METRO POLICE DEPT,Accepted,JEFFERSON,,,WHITNEY,AVE,W,,CLIFF,,,,,38.193888685,-85.774869202,0.450,12/16/2020 12:00:00 AM,2214,2,2,0,2,SLEET HAIL FREEZING RAIN,WET,False,ANGLE COLLISION - OTHER,ANGLE,STRAIGHT & LEVEL,DARK-HWY LIGHTED/ON,,,12/17/2020 9:19:06 AM,False,5183,Accepted,
27575615,0568000,LOUISVILLE METRO POLICE DEPT,Accepted,JEFFERSON,,,GRADE,LN,,I 0065,I65 N EXIT130 ON RAMP FROM KY61,,,,,38.177967153,-85.720394044,0.191,12/16/2020 12:00:00 AM,2129,2,2,0,1,CLOUDY,WET,False,OPPOSING LEFT TURN,OPPOSING LEFT TURN,STRAIGHT & LEVEL,DARK-HWY LIGHTED/ON,,,12/17/2020 9:19:21 AM,False,5174,Accepted,
27579373,0568000,LOUISVILLE METRO POLICE DEPT,Accepted,JEFFERSON,,2728,HALE,AVE,,,,,,,,38.239382293,-85.799321410,1.153,12/16/2020 12:00:00 AM,1215,4,4,0,0,CLOUDY,WET,False,1 VEHICLE PARKED POSITION (NOT PARKING LOT/DRIVEWAY),SIDESWIPE-SAME DIRECTION,STRAIGHT & LEVEL,DAYLIGHT,,,12/18/2020 8:26:37 AM,False,5273,Accepted,
27575612,0568000,LOUISVILLE METRO POLICE DEPT,Accepted,JEFFERSON,US0042,2200,BROWNSBORO,RD,,,,,,,,38.258389465,-85.704156767,1.717,12/16/2020 12:00:00 AM,2246,2,2,0,0,CLEAR,DRY,False,COLLISION IN PARKING LOT,BACKING,STRAIGHT & LEVEL,DARK-HWY LIGHTED/ON,,,12/17/2020 9:18:42 AM,False,5243,Accepted,
27579346,0568000,LOUISVILLE METRO POLICE DEPT,Accepted,JEFFERSON,I 0064,,I64 W,,,,,I 0064,I64 W EXIT8 ON RAMP FROM  GRINSTEAD DR,I 0064,I64 TURN AROUND7,38.249548682,-85.708194749,7.355,12/16/2020 12:00:00 AM,1816,4,4,0,0,RAINING,WET,False,OTHER ROADWAY OR MID-BLOCK COLLISION,REAR END,STRAIGHT & LEVEL,DARK-HWY NOT LIGHTED,,,12/18/2020 8:23:41 AM,True,5331,Accepted,
27575610,0568000,LOUISVILLE METRO POLICE DEPT,Accepted,JEFFERSON,I 0064,,,,,,,,,,,38.257893347,-85.723682776,0.151,12/16/2020 12:00:00 AM,2129,1,1,0,0,RAINING,WET,False,COLLISION WITH FIXED OBJECT NOT IN GORE ,SINGLE VEHICLE,CURVE & GRADE,DARK-HWY LIGHTED/ON,I 0064,STORY AVE,12/17/2020 9:18:04 AM,False,7038,Accepted,
27575617,0568000,LOUISVILLE METRO POLICE DEPT,Accepted,JEFFERSON,US0060A,,EASTERN,PKWY,,,BRADLEY,,,,,38.212532545,-85.747059071,4.278,12/16/2020 12:00:00 AM,2320,1,1,0,0,CLOUDY,WET,False,COLLISION WITH FIXED OBJECT IN INTERSECTION - FIRST EVENT COLLISION 09 - 32,SINGLE VEHICLE,CURVE & LEVEL,DARK-HWY LIGHTED/ON,,,12/17/2020 9:19:33 AM,False,5196,Accepted,
27575575,0568000,LOUISVILLE METRO POLICE DEPT,Accepted,JEFFERSON,KY1747,,HURSTBOURNE,PKWY,S,,SIX MILE,,,,,38.198580294,-85.603180248,9.579,12/16/2020 12:00:00 AM,0745,2,2,0,0,RAINING,WET,False,ANGLE COLLISION - OTHER,ANGLE,STRAIGHT & LEVEL,DARK (UNKNOWN ROADWAY LIGHTING),,,12/17/2020 9:14:50 AM,False,4693,Accepted,
27575576,0568000,LOUISVILLE METRO POLICE DEPT,Accepted,JEFFERSON,KY0061,,PRESTON,HWY,,,,,,,,38.167066639,-85.704783379,6.187,12/16/2020 12:00:00 AM,1050,2,2,0,0,RAINING,WET,True,1 VEHICLE ENTERING/LEAVING ENTRANCE,ANGLE,STRAIGHT & LEVEL,DAYLIGHT,,,12/17/2020 9:15:05 AM,False,4693,Accepted,
27575577,0568000,LOUISVILLE METRO POLICE DEPT,Accepted,JEFFERSON,KY1747,,FERN VALLEY,RD,,KY0061,PRESTON,,,,,38.156804480,-85.696829101,1.924,12/16/2020 12:00:00 AM,1543,2,1,0,1,CLOUDY,WET,False,COLLISION WITH PEDESTRIAN IN INTERSECTION,SINGLE VEHICLE,STRAIGHT & LEVEL,DAYLIGHT,,,12/17/2020 9:15:29 AM,False,7269,Accepted,
27575578,0568000,LOUISVILLE METRO POLICE DEPT,Accepted,JEFFERSON,,,BURNETT,AVE,E,,,,PRESTON,,MERIWETHER,38.226010824,-85.749681482,0.390,12/16/2020 12:00:00 AM,1608,2,2,0,1,CLOUDY,WET,False,1 VEHICLE ENTERING/LEAVING ENTRANCE,ANGLE,STRAIGHT & LEVEL,DAYLIGHT,,,12/17/2020 9:15:50 AM,False,7418,Accepted,
27575583,0568000,LOUISVILLE METRO POLICE DEPT,Accepted,JEFFERSON,US0031W,,DIXIE,HWY,,,ASHBY,,,,,38.102962316,-85.869653659,8.275,12/16/2020 12:00:00 AM,1050,2,2,0,0,RAINING,WET,False,ANGLE COLLISION - OTHER,ANGLE,STRAIGHT & LEVEL,DAYLIGHT,,,12/17/2020 9:16:13 AM,False,2311,Accepted,
27575584,0568000,LOUISVILLE METRO POLICE DEPT,Accepted,JEFFERSON,,,OAK,ST,W,,,,,,,38.236511871,-85.776869377,1.179,12/16/2020 12:00:00 AM,1249,1,1,0,0,CLOUDY,WET,False,OTHER ROADWAY OR MID-BLOCK COLLISION,SINGLE VEHICLE,STRAIGHT & HILLCREST,DAYLIGHT,,,12/17/2020 9:16:17 AM,False,5179,Accepted,
27575585,0568000,LOUISVILLE METRO POLICE DEPT,Accepted,JEFFERSON,KY2051,,ROCKFORD,LN,,,,,,,,38.181511848,-85.853215104,1.774,12/16/2020 12:00:00 AM,1235,1,1,0,1,CLOUDY,WET,False,COLLISION WITH FIXED OBJECT NON - INTERSECTION - FIRST EVENT COLLISION 09 - 32 EXCLUDING 16,SINGLE VEHICLE,CURVE & LEVEL,DAYLIGHT,,,12/17/2020 9:16:20 AM,False,7340,Accepted,
27575601,0568000,LOUISVILLE METRO POLICE DEPT,Accepted,JEFFERSON,KY1142,,PALATKA,RD,,,DOGWOOD,,,,,38.154067501,-85.795617951,0.363,12/16/2020 12:00:00 AM,1307,1,1,0,0,CLOUDY,WET,False,COLLISION WITH FIXED OBJECT IN INTERSECTION - FIRST EVENT COLLISION 09 - 32,SINGLE VEHICLE,CURVE & GRADE,DAYLIGHT,,,12/17/2020 9:16:31 AM,False,5336,Accepted,
27572035,0568000,LOUISVILLE METRO POLICE DEPT,Accepted,JEFFERSON,KY0022,,BROWNSBORO,RD,,,NORTON HEALTHCARE,,,,,38.310910633,-85.570102204,4.273,12/16/2020 12:00:00 AM,0552,2,2,0,0,RAINING,WET,False,OTHER INTERSECTION COLLISIONS,REAR END,STRAIGHT & LEVEL,DARK-HWY LIGHTED/ON,,,12/16/2020 8:31:59 AM,False,5004,Accepted,
27575602,0568000,LOUISVILLE METRO POLICE DEPT,Accepted,JEFFERSON,US0150,,BROADWAY,,W,US0031W,DR W J HODGE,,,,,38.249166210,-85.786538607,0.824,12/16/2020 12:00:00 AM,1736,2,2,0,0,RAINING,WET,False,ANGLE COLLISION - OTHER,ANGLE,STRAIGHT & LEVEL,DARK-HWY LIGHTED/ON,,,12/17/2020 9:16:35 AM,False,5332,Accepted,
27572032,0568000,LOUISVILLE METRO POLICE DEPT,Accepted,JEFFERSON,,,CHAMBERLAIN,LN,,,HAMPTON LAKE,,,,,38.301066729,-85.548501651,2.540,12/15/2020 12:00:00 AM,2121,2,2,0,0,CLEAR,DRY,False,ANGLE COLLISION - OTHER,ANGLE,STRAIGHT & LEVEL,DARK-HWY LIGHTED/ON,,,12/16/2020 8:31:02 AM,False,7159,Accepted,
27568233,0568000,LOUISVILLE METRO POLICE DEPT,Accepted,JEFFERSON,,,SMYRNA,PKWY,,,COOPER CHAPEL,,,,,38.110525461,-85.645638713,1.916,12/15/2020 12:00:00 AM,0249,1,1,0,1,CLEAR,DRY,False,OTHER INTERSECTION COLLISIONS,SINGLE VEHICLE,STRAIGHT & LEVEL,DARK-HWY NOT LIGHTED,,,12/15/2020 9:59:25 AM,False,5198,Accepted,
27572018,0568000,LOUISVILLE METRO POLICE DEPT,Accepted,JEFFERSON,KY0907,8314,3RD ST,RD,,,,,,,,38.121716923,-85.802660450,4.056,12/15/2020 12:00:00 AM,0840,2,2,0,0,CLEAR,ICE,False,REAR END IN TRAFFIC LANES BOTH VEHICLES MOVING,REAR END,CURVE & LEVEL,DAYLIGHT,,,12/16/2020 8:26:57 AM,False,7768,Accepted,
27572025,0568000,LOUISVILLE METRO POLICE DEPT,Accepted,JEFFERSON,KY1932,,BRECKENRIDGE,LN,,,REDDING,,,,,38.189887533,-85.625803624,0.596,12/15/2020 12:00:00 AM,0747,2,2,0,2,CLEAR,DRY,False,OPPOSING LEFT TURN,OPPOSING LEFT TURN,STRAIGHT & LEVEL,DARK (UNKNOWN ROADWAY LIGHTING),,,12/16/2020 8:29:20 AM,False,4693,Accepted,
27572026,0568000,LOUISVILLE METRO POLICE DEPT,Accepted,JEFFERSON,,,GOLDSMITH,LN,,,TRAFALGAR,,,,,38.207655339,-85.670198250,0.968,12/15/2020 12:00:00 AM,1345,2,2,0,0,CLOUDY,DRY,False,ANGLE COLLISION - OTHER,ANGLE,STRAIGHT & LEVEL,DAYLIGHT,,,12/16/2020 8:29:37 AM,False,4693,Accepted,
27588697,0568000,LOUISVILLE METRO POLICE DEPT,Accepted,JEFFERSON,US0031E,3290,BARDSTOWN,RD,,,,I 0264,I264 E EXIT16 OFF RAMP TO US31E S,,GOLDSMITH,38.208537446,-85.669245416,11.793,12/15/2020 12:00:00 AM,0058,2,2,0,0,CLOUDY,DRY,False,1 VEHICLE PARKED POSITION (NOT PARKING LOT/DRIVEWAY),ANGLE,STRAIGHT & LEVEL,DARK-HWY LIGHTED/ON,,,12/21/2020 8:41:58 AM,False,7851,Accepted,
27572031,0568000,LOUISVILLE METRO POLICE DEPT,Accepted,JEFFERSON,I 0064,,I64 W,,,,,I 0064,I64 W EXIT7 OFF RAMP TO  MELLWOOD AVE,I 0064,I64 TURN AROUND7,38.251935518,-85.717149593,6.837,12/15/2020 12:00:00 AM,2239,1,1,0,0,CLEAR,DRY,False,OTHER COLLISIONS ON SHOULDER,SINGLE VEHICLE,STRAIGHT & LEVEL,DARK-HWY LIGHTED/ON,,,12/16/2020 8:30:39 AM,False,5311,Accepted,