IncidentID,AgencyORI,AgencyName,IncidentStatusDesc,County,RdwyNumber,Street,RoadwayName,StreetSfx,StreetDir,IntersectionRdwy,IntersectionRdwyName,BetweenStRdwy1,BetweenStRdwyName1,BetweenStRdwy2,BetweenStRdwyName2,Latitude,Longitude,Milepoint,CollisionDate,CollisionTime,UnitsInvolved,MotorVehiclesInvolved,NumberKilled,NumberInjured,Weather,RdwyConditionCode,HitandRun,DirAnalysisCode,MannerofCollision,RdwyCharacter,LightCondition,RampFromRdwyId,RampToRdwyId,AcceptedDate,IsSecondaryCollision,OwnerBadge,IncidentStatus,
27572613,0561500,UNIV. OF LOUISVILLE POLICE,Accepted,JEFFERSON,,,RIVER,RD,,,,,,,,38.259318047,-85.744829722,0.115,12/15/2020 12:00:00 AM,1006,2,2,0,0,CLEAR,DRY,False,SIDESWIPE COLLISION - SAME DIRECTION,SIDESWIPE-SAME DIRECTION,STRAIGHT & LEVEL,DAYLIGHT,,,12/16/2020 11:24:36 AM,False,5618,Accepted,
27575571,0568000,LOUISVILLE METRO POLICE DEPT,Accepted,JEFFERSON,,,HANCOCK,ST,S,,GRAY,,,,,38.246032420,-85.743357152,0.621,12/15/2020 12:00:00 AM,1118,2,2,0,0,CLEAR,DRY,False,ANGLE COLLISION - OTHER,ANGLE,STRAIGHT & LEVEL,DAYLIGHT,,,12/17/2020 9:13:58 AM,False,7058,Accepted,
27571730,0560400,SHIVELY POLICE DEPARTMENT,Accepted,JEFFERSON,I 0264,,I264 W,,,I 0264,I264 E EXIT8B OFF RAMP TO US31W S,,,,,38.185576679,-85.809855682,7.753,12/15/2020 12:00:00 AM,0912,1,1,0,2,CLEAR,DRY,False,COLLISION WITH FIXED OBJECT IN INTERSECTION - FIRST EVENT COLLISION 09 - 32,SINGLE VEHICLE,STRAIGHT & LEVEL,DAYLIGHT,,,12/16/2020 7:41:51 AM,False,7103,Accepted,
27572019,0568000,LOUISVILLE METRO POLICE DEPT,Accepted,JEFFERSON,KY3084,,OLD HENRY,RD,,I 0265,I265 S EXIT29 ON RAMP FROM KY3084,,,,,38.269327980,-85.502928006,1.047,12/15/2020 12:00:00 AM,0930,2,2,0,2,CLEAR,DRY,False,OTHER INTERSECTION COLLISIONS,REAR END,STRAIGHT & GRADE,DAYLIGHT,,,12/16/2020 8:27:20 AM,False,2109,Accepted,
27572028,0568000,LOUISVILLE METRO POLICE DEPT,Accepted,JEFFERSON,KY1747,,HURSTBOURNE,PKWY,N,,,,,,,38.294543466,-85.574769244,17.577,12/15/2020 12:00:00 AM,2008,1,1,0,1,CLOUDY,DRY,False,COLLISION WITH FIXED OBJECT NON - INTERSECTION - FIRST EVENT COLLISION 09 - 32 EXCLUDING 16,SINGLE VEHICLE,STRAIGHT & GRADE,DARK-HWY LIGHTED/OFF,,,12/16/2020 8:30:10 AM,False,5004,Accepted,
27579326,0568000,LOUISVILLE METRO POLICE DEPT,Accepted,JEFFERSON,I 0064,,I64 W,,,I 0064,I264 W EXIT19 RAMP FROM I264 W,,,,,38.237656870,-85.629451655,11.910,12/15/2020 12:00:00 AM,1210,2,2,0,0,CLEAR,DRY,False,SIDESWIPE-SAME DIRECTION,SIDESWIPE-SAME DIRECTION,CURVE & GRADE,DAYLIGHT,,,12/18/2020 8:23:01 AM,False,7720,Accepted,
27631081,0568000,LOUISVILLE METRO POLICE DEPT,Accepted,JEFFERSON,,,DENNY CRUM OVERPASS,,,,2ND,,,,,38.204631321,-85.763152250,0.038,12/15/2020 12:00:00 AM,2115,2,2,0,2,CLEAR,DRY,False,OTHER INTERSECTION COLLISIONS,REAR END,STRAIGHT & HILLCREST,DARK-HWY LIGHTED/ON,,,1/4/2021 9:55:45 AM,False,5163,Accepted,
27613135,0568000,LOUISVILLE METRO POLICE DEPT,Accepted,JEFFERSON,,7401,TRADE PORT,DR,,KY1934,GREENBELT,,,,,38.125208656,-85.892191904,0.336,12/14/2020 12:00:00 AM,2248,2,2,0,0,CLEAR,DRY,False,OTHER INTERSECTION COLLISIONS,REAR END,STRAIGHT & LEVEL,DARK-HWY LIGHTED/ON,,,12/29/2020 3:03:55 PM,False,5263,Accepted,
27572029,0568000,LOUISVILLE METRO POLICE DEPT,Accepted,JEFFERSON,KY0864,,POPLAR LEVEL,RD,,,NAOMI,,,,,38.165364327,-85.680225059,8.718,12/14/2020 12:00:00 AM,1901,2,2,0,0,CLEAR,DRY,False,ANGLE COLLISION - OTHER,ANGLE,STRAIGHT & LEVEL,DAYLIGHT,,,12/16/2020 8:30:26 AM,False,5269,Accepted,
27579368,0568000,LOUISVILLE METRO POLICE DEPT,Accepted,JEFFERSON,KY1934,,GREENBELT,HWY,,,RIVERPORT,,,,,38.161254488,-85.881624232,5.512,12/14/2020 12:00:00 AM,0543,2,2,0,2,CLEAR,DRY,False,ANGLE COLLISION - OTHER,ANGLE,STRAIGHT & LEVEL,DARK-HWY LIGHTED/ON,,,12/18/2020 8:26:13 AM,False,5298,Accepted,
27616064,0568000,LOUISVILLE METRO POLICE DEPT,Accepted,JEFFERSON,,,BROOK,ST,S,,GRAY,,,,,38.246896232,-85.751444903,2.850,12/14/2020 12:00:00 AM,1624,2,2,0,0,CLEAR,DRY,False,ANGLE COLLISION - OTHER,ANGLE,STRAIGHT & LEVEL,DAYLIGHT,,,12/30/2020 8:04:59 AM,False,7266,Accepted,
27596686,0568000,LOUISVILLE METRO POLICE DEPT,Accepted,JEFFERSON,KY0907,9600,3RD ST,RD,,,,,HOLIDAY,,JAMES HILL,38.114927889,-85.828441983,2.463,12/14/2020 12:00:00 AM,1936,2,2,0,3,CLOUDY,DRY,True,HEAD-ON COLLISION,HEAD ON,STRAIGHT & GRADE,DARK-HWY NOT LIGHTED,,,12/23/2020 7:58:52 AM,False,7772,Accepted,
27568228,0568000,LOUISVILLE METRO POLICE DEPT,Accepted,JEFFERSON,KY1065,,BEULAH CHURCH,RD,,,,,FERNVIEW,,FERN CREEK,38.147098893,-85.595454006,11.340,12/14/2020 12:00:00 AM,2023,2,2,0,0,CLEAR,DRY,False,REAR END IN TRAFFIC LANES BOTH VEHICLES MOVING,REAR END,STRAIGHT & LEVEL,DARK-HWY LIGHTED/ON,,,12/15/2020 9:59:09 AM,False,7120,Accepted,
27568229,0568000,LOUISVILLE METRO POLICE DEPT,Accepted,JEFFERSON,I 0065,,,,,,,,,,,38.132880028,-85.703575811,0.179,12/14/2020 12:00:00 AM,1226,1,1,0,1,CLOUDY,DRY,False,COLLISION WITH FIXED OBJECT NOT IN GORE ,SINGLE VEHICLE,CURVE & LEVEL,DAYLIGHT,I 0065,KY1065,12/15/2020 9:59:13 AM,False,8278,Accepted,
27567659,0560300,ST. MATTHEWS POLICE DEPARTMENT,Accepted,JEFFERSON,,,DUTCHMANS,LN,,,,,,,,38.230916208,-85.639685577,1.010,12/14/2020 12:00:00 AM,1220,2,2,0,0,CLOUDY,DRY,True,SIDESWIPE COLLISION - SAME DIRECTION,SIDESWIPE-SAME DIRECTION,STRAIGHT & LEVEL,DAYLIGHT,,,12/15/2020 7:37:30 AM,False,9155,Accepted,
27568212,0568000,LOUISVILLE METRO POLICE DEPT,Accepted,JEFFERSON,,,BRIARCLIFF,RD,,,,KY1065,OUTER,,OLD OUTER,38.135669824,-85.697130167,0.032,12/14/2020 12:00:00 AM,1545,2,2,0,0,CLOUDY,DRY,False,OTHER ROADWAY OR MID-BLOCK COLLISION,REAR END,STRAIGHT & LEVEL,DAYLIGHT,,,12/15/2020 9:58:29 AM,False,2324,Accepted,
27568210,0568000,LOUISVILLE METRO POLICE DEPT,Accepted,JEFFERSON,,315,MUHAMMAD ALI,BLVD,W,,,,,,,38.250916919,-85.755043080,0.137,12/14/2020 12:00:00 AM,1309,2,2,0,0,CLOUDY,DRY,False,1 VEHICLE PARKED POSITION (NOT PARKING LOT/DRIVEWAY),SIDESWIPE-SAME DIRECTION,STRAIGHT & LEVEL,DAYLIGHT,,,12/15/2020 9:58:26 AM,False,5105,Accepted,
27568217,0568000,LOUISVILLE METRO POLICE DEPT,Accepted,JEFFERSON,I 0065,,I65 S,,,,,,,,,38.199388853,-85.734232486,131.429,12/14/2020 12:00:00 AM,0724,2,2,0,1,RAINING,WET,False,SIDESWIPE COLLISION - SAME DIRECTION,SIDESWIPE-SAME DIRECTION,STRAIGHT & LEVEL,DARK-HWY LIGHTED/ON,,,12/15/2020 9:58:42 AM,False,5334,Accepted,
27568226,0568000,LOUISVILLE METRO POLICE DEPT,Accepted,JEFFERSON,KY1865,,TAYLOR,BLVD,,,CAMDEN,,,,,38.192554231,-85.783234059,5.932,12/14/2020 12:00:00 AM,1720,2,2,0,1,CLOUDY,DRY,False,ANGLE COLLISION - OTHER,ANGLE,STRAIGHT & LEVEL,DAYLIGHT,,,12/15/2020 9:59:03 AM,False,7468,Accepted,
27572022,0568000,LOUISVILLE METRO POLICE DEPT,Accepted,JEFFERSON,I 0264,,I264 E,,,,,,,,,38.217880981,-85.658331515,16.514,12/14/2020 12:00:00 AM,0245,2,2,0,1,CLOUDY,WET,False,SIDESWIPE COLLISION - SAME DIRECTION,SIDESWIPE-SAME DIRECTION,STRAIGHT & LEVEL,DARK-HWY LIGHTED/ON,,,12/16/2020 8:27:42 AM,False,7916,Accepted,
27568504,0561500,UNIV. OF LOUISVILLE POLICE,Accepted,JEFFERSON,US0060A,,EASTERN,PKWY,,,,,,,,38.213380578,-85.758864962,3.596,12/14/2020 12:00:00 AM,1500,2,2,0,0,CLOUDY,DRY,True,1 VEHICLE PARKED POSITION (NOT PARKING LOT/DRIVEWAY),SIDESWIPE-OPPOSITE DIRECTION,STRAIGHT & LEVEL,DAYLIGHT,,,12/15/2020 10:49:58 AM,False,5714,Accepted,
27568231,0568000,LOUISVILLE METRO POLICE DEPT,Accepted,JEFFERSON,KY1727,,TERRY,RD,,,PAGES,,,,,38.131054907,-85.874212082,0.636,12/14/2020 12:00:00 AM,2235,2,2,0,0,CLOUDY,DRY,False,OPPOSING LEFT TURN,OPPOSING LEFT TURN,STRAIGHT & LEVEL,DARK-HWY LIGHTED/ON,,,12/15/2020 9:59:18 AM,False,7160,Accepted,
27572024,0568000,LOUISVILLE METRO POLICE DEPT,Accepted,JEFFERSON,,3800,SHANKS,LN,,,,,,,,38.197472416,-85.851547274,0.379,12/14/2020 12:00:00 AM,1619,2,1,0,1,CLOUDY,WET,False,COLLISION WITH PEDESTRIAN NON - INTERSECTION,SINGLE VEHICLE,STRAIGHT & LEVEL,DAYLIGHT,,,12/16/2020 8:28:59 AM,False,5208,Accepted,
27568225,0568000,LOUISVILLE METRO POLICE DEPT,Accepted,JEFFERSON,,,GOLDSMITH,LN,,,TRAFALGAR,,,,,38.207658121,-85.670246006,0.967,12/14/2020 12:00:00 AM,1633,2,2,0,1,CLEAR,DRY,True,OPPOSING LEFT TURN,OPPOSING LEFT TURN,STRAIGHT & LEVEL,DAYLIGHT,,,12/15/2020 9:59:00 AM,False,5233,Accepted,
27572027,0568000,LOUISVILLE METRO POLICE DEPT,Accepted,JEFFERSON,,,LOWER HUNTERS,TRCE,,,SKY BLUE,,,,,38.158607174,-85.849392043,0.830,12/14/2020 12:00:00 AM,1450,2,2,0,0,CLOUDY,DRY,False,OTHER INTERSECTION COLLISIONS,REAR END,STRAIGHT & LEVEL,DAYLIGHT,,,12/16/2020 8:29:48 AM,False,7356,Accepted,
27562951,0568000,LOUISVILLE METRO POLICE DEPT,Accepted,JEFFERSON,,2019,22ND,ST,S,,,,,,,38.221922136,-85.795417755,0.001,12/14/2020 12:00:00 AM,0250,1,1,0,2,CLOUDY,WET,False,COLLISION WITH FIXED OBJECT NON - INTERSECTION - FIRST EVENT COLLISION 09 - 32 EXCLUDING 16,SINGLE VEHICLE,CURVE & LEVEL,DARK-HWY LIGHTED/ON,,,12/14/2020 8:56:08 AM,False,6886,Accepted,
27562952,0568000,LOUISVILLE METRO POLICE DEPT,Accepted,JEFFERSON,KY0061,3102,PRESTON,HWY,,,HESS,,,,,38.204897313,-85.736342532,9.337,12/14/2020 12:00:00 AM,0213,1,1,0,0,RAINING,WATER (STANDING OR MOVING),False,COLLISION WITH FIXED OBJECT IN INTERSECTION - FIRST EVENT COLLISION 09 - 32,SINGLE VEHICLE,STRAIGHT & LEVEL,DARK-HWY LIGHTED/ON,,,12/14/2020 8:56:11 AM,False,5174,Accepted,
27568206,0568000,LOUISVILLE METRO POLICE DEPT,Accepted,JEFFERSON,,,MUD,LN,,,,,,,,38.088419938,-85.683567414,1.186,12/14/2020 12:00:00 AM,0715,3,3,0,0,CLEAR,WET,False,1 VEHICLE ENTERING/LEAVING ENTRANCE,ANGLE,STRAIGHT & LEVEL,DARK-HWY NOT LIGHTED,,,12/15/2020 9:58:15 AM,False,7989,Accepted,
27568208,0568000,LOUISVILLE METRO POLICE DEPT,Accepted,JEFFERSON,,,ROBERTS,AVE,,,,,,,,38.157565234,-85.764086341,0.050,12/14/2020 12:00:00 AM,1224,1,1,0,0,CLOUDY,DRY,False,OTHER ROADWAY OR MID-BLOCK COLLISION,SINGLE VEHICLE,STRAIGHT & LEVEL,DAYLIGHT,,,12/15/2020 9:58:22 AM,False,7768,Accepted,
27568224,0568000,LOUISVILLE METRO POLICE DEPT,Accepted,JEFFERSON,,,PORTLAND,AVE,,US0150,22ND,,,,,38.268390899,-85.782537857,0.696,12/14/2020 12:00:00 AM,1515,2,2,0,2,CLOUDY,DRY,False,SIDESWIPE-SAME DIRECTION,SIDESWIPE-SAME DIRECTION,STRAIGHT & LEVEL,DAYLIGHT,,,12/15/2020 9:58:56 AM,False,7463,Accepted,
27568207,0568000,LOUISVILLE METRO POLICE DEPT,Accepted,JEFFERSON,,,BROOK,ST,S,,MUHAMMAD ALI,,,,,38.250494798,-85.751602317,3.107,12/14/2020 12:00:00 AM,1332,2,2,0,0,CLOUDY,DRY,False,SIDESWIPE-SAME DIRECTION,SIDESWIPE-SAME DIRECTION,STRAIGHT & LEVEL,DAYLIGHT,,,12/15/2020 9:58:19 AM,False,7239,Accepted,
27568214,0568000,LOUISVILLE METRO POLICE DEPT,Accepted,JEFFERSON,I 0064,,I64 E,,,,,I 0064,I64 E EXIT8 ON RAMP FROM  GRINSTEAD DR,I 0064,I64 TURN AROUND9,38.244920688,-85.697773253,8.287,12/14/2020 12:00:00 AM,0928,2,2,0,0,CLEAR,DRY,False,REAR END IN TRAFFIC LANES BOTH VEHICLES MOVING,REAR END,STRAIGHT & LEVEL,DAYLIGHT,,,12/15/2020 9:58:32 AM,False,7632,Accepted,
27568222,0568000,LOUISVILLE METRO POLICE DEPT,Accepted,JEFFERSON,KY1934,,GREENBELT,HWY,,,LOGISTICS,,,,,38.165401807,-85.878566110,5.850,12/14/2020 12:00:00 AM,1108,2,2,0,0,CLEAR,DRY,False,ANGLE COLLISION - OTHER,ANGLE,STRAIGHT & LEVEL,DAYLIGHT,,,12/15/2020 9:58:53 AM,False,7485,Accepted,
27568230,0568000,LOUISVILLE METRO POLICE DEPT,Accepted,JEFFERSON,I 0065,,I65 N,,,,,,,,,38.216128751,-85.752192369,133.181,12/14/2020 12:00:00 AM,1711,1,1,0,1,CLOUDY,DRY,False,OTHER ROADWAY OR MID-BLOCK COLLISION,SINGLE VEHICLE,STRAIGHT & GRADE,DUSK,,,12/15/2020 9:59:16 AM,False,8278,Accepted,
27562949,0568000,LOUISVILLE METRO POLICE DEPT,Accepted,JEFFERSON,KY1450,,BLUE LICK,RD,,KY0061,PRESTON,,,,,38.133779769,-85.684186220,3.541,12/13/2020 12:00:00 AM,2101,2,2,0,1,RAINING,WET,False,ANGLE COLLISION - OTHER,ANGLE,STRAIGHT & LEVEL,DARK-HWY LIGHTED/ON,,,12/14/2020 8:56:01 AM,False,7449,Accepted,
27562933,0568000,LOUISVILLE METRO POLICE DEPT,Accepted,JEFFERSON,,,LEXINGTON,RD,,,,,,,,38.247783060,-85.708514048,1.469,12/13/2020 12:00:00 AM,1637,1,1,0,0,CLOUDY,DRY,False,COLLISION WITH FIXED OBJECT NON - INTERSECTION - FIRST EVENT COLLISION 09 - 32 EXCLUDING 16,SINGLE VEHICLE,CURVE & LEVEL,DUSK,,,12/14/2020 8:55:04 AM,False,5331,Accepted,
27562935,0568000,LOUISVILLE METRO POLICE DEPT,Accepted,JEFFERSON,US0031E,4100B,BARDSTOWN,RD,,,,,,,,38.189684296,-85.642677520,9.783,12/13/2020 12:00:00 AM,1654,2,2,0,2,CLEAR,DRY,False,1 VEHICLE ENTERING/LEAVING ENTRANCE,ANGLE,STRAIGHT & LEVEL,DAYLIGHT,,,12/14/2020 8:55:09 AM,False,7739,Accepted,
27562940,0568000,LOUISVILLE METRO POLICE DEPT,Accepted,JEFFERSON,US0031E,,BARDSTOWN,RD,,,GOLDSMITH,,,,,38.208273671,-85.669089140,11.769,12/13/2020 12:00:00 AM,2127,2,2,0,0,RAINING,WET,False,SIDESWIPE-SAME DIRECTION,SIDESWIPE-SAME DIRECTION,STRAIGHT & LEVEL,DARK (UNKNOWN ROADWAY LIGHTING),,,12/14/2020 8:55:27 AM,False,7492,Accepted,
27562942,0568000,LOUISVILLE METRO POLICE DEPT,Accepted,JEFFERSON,,,26TH,ST,S,,DUMESNIL,,,,,38.236410022,-85.796422070,1.685,12/13/2020 12:00:00 AM,2107,2,1,0,1,RAINING,WET,True,COLLISION WITH PEDESTRIAN IN INTERSECTION,SINGLE VEHICLE,STRAIGHT & LEVEL,DARK-HWY LIGHTED/ON,,,12/14/2020 8:55:34 AM,False,7481,Accepted,
27562944,0568000,LOUISVILLE METRO POLICE DEPT,Accepted,JEFFERSON,,3917,SIX MILE,LN,,,,,,,,38.195198356,-85.652863483,0.015,12/13/2020 12:00:00 AM,0348,2,2,0,2,CLEAR,DRY,False,1 VEHICLE PARKED POSITION (NOT PARKING LOT/DRIVEWAY),ANGLE,STRAIGHT & LEVEL,DARK-HWY LIGHTED/ON,,,12/14/2020 8:55:38 AM,False,5189,Accepted,
27571493,0560500,ANCHORAGE POLICE DEPARTMENT,Accepted,JEFFERSON,,,FREYS HILL,RD,,,,,,,,38.288454869,-85.556695613,0.391,12/13/2020 12:00:00 AM,0031,1,1,0,0,CLEAR,DRY,False,COLLISION WITH ANIMAL NON INTERSECTION,SINGLE VEHICLE,STRAIGHT & LEVEL,DARK-HWY NOT LIGHTED,,,12/16/2020 4:17:38 AM,False,8531,Accepted,
27562936,0568000,LOUISVILLE METRO POLICE DEPT,Accepted,JEFFERSON,KY1865,,NEW CUT,RD,,,SOUTHERN,,,,,38.169751569,-85.781217660,4.338,12/13/2020 12:00:00 AM,1754,2,2,0,2,CLEAR,DRY,False,ANGLE COLLISION - OTHER,ANGLE,STRAIGHT & LEVEL,DARK-HWY LIGHTED/ON,,,12/14/2020 8:55:12 AM,False,5336,Accepted,
27562937,0568000,LOUISVILLE METRO POLICE DEPT,Accepted,JEFFERSON,I 0064,,I64 W,,,,,I 0064,I64 W EXIT8 OFF RAMP TO  GRINSTEAD DR,I 0064,I64 TURN AROUND9,38.242960450,-85.694963153,8.295,12/13/2020 12:00:00 AM,0558,1,1,0,1,CLEAR,DRY,False,COLLISION WITH FIXED OBJECT NON - INTERSECTION - FIRST EVENT COLLISION 09 - 32 EXCLUDING 16,SINGLE VEHICLE,CURVE & LEVEL,DARK-HWY LIGHTED/ON,,,12/14/2020 8:55:16 AM,False,7049,Accepted,
27562945,0568000,LOUISVILLE METRO POLICE DEPT,Accepted,JEFFERSON,,,GOLDSMITH,LN,,US0031E,BARDSTOWN,,,,,38.208506970,-85.668922536,1.055,12/13/2020 12:00:00 AM,2027,2,2,0,0,RAINING,WET,False,OTHER INTERSECTION COLLISIONS,REAR END,STRAIGHT & LEVEL,DARK (UNKNOWN ROADWAY LIGHTING),,,12/14/2020 8:55:42 AM,False,5320,Accepted,
27562946,0568000,LOUISVILLE METRO POLICE DEPT,Accepted,JEFFERSON,KY1934,,CANE RUN,RD,,,KRAMERS,,,,,38.201160646,-85.835053308,9.364,12/13/2020 12:00:00 AM,0638,2,2,0,2,CLOUDY,DRY,False,OTHER INTERSECTION COLLISIONS,REAR END,STRAIGHT & LEVEL,DAWN,,,12/14/2020 8:55:45 AM,False,7181,Accepted,
27562947,0568000,LOUISVILLE METRO POLICE DEPT,Accepted,JEFFERSON,KY1934,4590,CANE RUN,RD,,,,,COVENTRY,,COVENTRY,38.193618291,-85.845006639,8.605,12/13/2020 12:00:00 AM,2020,2,2,0,0,RAINING,WET,False,REAR END IN TRAFFIC LANES BOTH VEHICLES MOVING,REAR END,STRAIGHT & LEVEL,DARK-HWY LIGHTED/ON,,,12/14/2020 8:55:50 AM,False,2877,Accepted,
27562948,0568000,LOUISVILLE METRO POLICE DEPT,Accepted,JEFFERSON,KY0061,420,BRANDEIS,AVE,E,,,,,,,38.218719727,-85.750354139,10.806,12/13/2020 12:00:00 AM,0236,3,3,0,0,CLOUDY,DRY,False,1 VEHICLE PARKED POSITION (NOT PARKING LOT/DRIVEWAY),REAR END,STRAIGHT & LEVEL,DARK-HWY LIGHTED/ON,,,12/14/2020 8:55:57 AM,False,5196,Accepted,
27562954,0568000,LOUISVILLE METRO POLICE DEPT,Accepted,JEFFERSON,KY1934,,CANE RUN,RD,,,,,,,,38.193479314,-85.845318263,8.586,12/13/2020 12:00:00 AM,2024,3,3,0,0,RAINING,WET,False,OTHER ROADWAY OR MID-BLOCK COLLISION,REAR END,STRAIGHT & LEVEL,DARK-HWY LIGHTED/ON,,,12/14/2020 8:56:20 AM,False,5232,Accepted,
27562928,0568000,LOUISVILLE METRO POLICE DEPT,Accepted,JEFFERSON,KY1230,8806,CANE RUN,RD,,,,,,,,38.126412976,-85.898134563,3.351,12/13/2020 12:00:00 AM,0824,1,1,0,0,CLOUDY,DRY,False,COLLISION WITH FIXED OBJECT NON - INTERSECTION - FIRST EVENT COLLISION 09 - 32 EXCLUDING 16,SINGLE VEHICLE,STRAIGHT & LEVEL,DAYLIGHT,,,12/14/2020 8:54:45 AM,False,7073,Accepted,
27562922,0568000,LOUISVILLE METRO POLICE DEPT,Accepted,JEFFERSON,,2823,VIRGINIA,AVE,,,,,,,,38.238176937,-85.801536866,0.274,12/13/2020 12:00:00 AM,0030,3,3,0,0,CLEAR,DRY,False,1 VEHICLE PARKED POSITION (NOT PARKING LOT/DRIVEWAY),SIDESWIPE-SAME DIRECTION,STRAIGHT & LEVEL,DARK-HWY LIGHTED/ON,,,12/14/2020 8:54:23 AM,False,5261,Accepted,
27575574,0568000,LOUISVILLE METRO POLICE DEPT,Accepted,JEFFERSON,,,GERALD,CT,,,,,,,,38.200878906,-85.660946839,0.078,12/13/2020 12:00:00 AM,1459,2,2,0,0,CLEAR,DRY,False,HEAD-ON COLLISION,HEAD ON,CURVE & LEVEL,DAYLIGHT,,,12/17/2020 9:14:35 AM,False,7448,Accepted,
27575572,0568000,LOUISVILLE METRO POLICE DEPT,Accepted,JEFFERSON,US0060A,3720,LEXINGTON,RD,,,,,MACON,,BAUER,38.252039308,-85.659915152,10.394,12/12/2020 12:00:00 AM,1524,1,1,0,0,CLEAR,DRY,False,COLLISION IN PARKING LOT,SINGLE VEHICLE,STRAIGHT & LEVEL,DAYLIGHT,,,12/17/2020 9:14:06 AM,True,7180,Accepted,
27562923,0568000,LOUISVILLE METRO POLICE DEPT,Accepted,JEFFERSON,,,ST CATHERINE,ST,E,,BROOK,,,,,38.236708152,-85.753294441,1.225,12/12/2020 12:00:00 AM,0225,2,2,0,0,RAINING,WET,False,ANGLE COLLISION - OTHER,ANGLE,STRAIGHT & LEVEL,DARK-HWY LIGHTED/ON,,,12/14/2020 8:54:29 AM,False,5152,Accepted,
27562930,0568000,LOUISVILLE METRO POLICE DEPT,Accepted,JEFFERSON,,,GREENWOOD,AVE,,,34TH,,,,,38.243196424,-85.809530938,1.216,12/12/2020 12:00:00 AM,1320,2,1,0,1,CLEAR,DRY,False,COLLISION WITH BICYCLE IN INTERSECTION,SINGLE VEHICLE,STRAIGHT & LEVEL,DAYLIGHT,,,12/14/2020 8:54:54 AM,False,5338,Accepted,
27562913,0568000,LOUISVILLE METRO POLICE DEPT,Accepted,JEFFERSON,,4126,5TH,ST,S,,,,CAMDEN,,LANSING,38.192611797,-85.768301305,1.168,12/12/2020 12:00:00 AM,1812,3,3,0,0,CLEAR,DRY,True,1 VEHICLE PARKED POSITION (NOT PARKING LOT/DRIVEWAY),REAR END,STRAIGHT & LEVEL,DARK-HWY LIGHTED/ON,,,12/14/2020 8:53:45 AM,False,5328,Accepted,
27562914,0568000,LOUISVILLE METRO POLICE DEPT,Accepted,JEFFERSON,US0031E,,BARDSTOWN,RD,,I 0265,I265 E EXIT17 OFF RAMP TO US31E,,,,,38.139613853,-85.582310718,4.773,12/12/2020 12:00:00 AM,1633,2,2,0,1,CLEAR,DRY,False,ANGLE COLLISION - ONE VEHICLE TURNING LEFT,ANGLE,STRAIGHT & LEVEL,DUSK,,,12/14/2020 8:53:48 AM,False,7484,Accepted,
27562921,0568000,LOUISVILLE METRO POLICE DEPT,Accepted,JEFFERSON,US0150,,BROADWAY,,E,KY0061,JACKSON,,,,,38.245232303,-85.745629831,3.068,12/12/2020 12:00:00 AM,2310,2,2,0,2,CLEAR,DRY,False,ANGLE COLLISION - OTHER,ANGLE,STRAIGHT & LEVEL,DARK-HWY LIGHTED/ON,,,12/14/2020 8:54:15 AM,False,5135,Accepted,
27562911,0568000,LOUISVILLE METRO POLICE DEPT,Accepted,JEFFERSON,,,WILSON,AVE,,,26TH,,,,,38.234094189,-85.796642855,1.197,12/12/2020 12:00:00 AM,1330,2,2,0,1,CLEAR,DRY,True,OTHER INTERSECTION COLLISIONS,REAR TO REAR,STRAIGHT & LEVEL,DAYLIGHT,,,12/14/2020 8:53:37 AM,False,5273,Accepted,
27562912,0568000,LOUISVILLE METRO POLICE DEPT,Accepted,JEFFERSON,,,MAGNOLIA,AVE,W,,,,4TH,,ST JAMES,38.229186035,-85.762134337,0.316,12/12/2020 12:00:00 AM,0931,2,2,0,0,CLOUDY,WET,False,1 VEHICLE PARKED POSITION (NOT PARKING LOT/DRIVEWAY),SIDESWIPE-SAME DIRECTION,STRAIGHT & LEVEL,DAYLIGHT,,,12/14/2020 8:53:41 AM,False,7418,Accepted,
27562929,0568000,LOUISVILLE METRO POLICE DEPT,Accepted,JEFFERSON,,,BROADWAY,,W,,CECIL,,,,,38.250331770,-85.820864322,1.714,12/12/2020 12:00:00 AM,1131,1,1,0,0,CLOUDY,WET,False,COLLISION IN PARKING LOT,SINGLE VEHICLE,STRAIGHT & LEVEL,DAYLIGHT,,,12/14/2020 8:54:49 AM,False,5338,Accepted,
27562955,0568000,LOUISVILLE METRO POLICE DEPT,Accepted,JEFFERSON,KY0864,,POPLAR LEVEL,RD,,,GILMORE,,,,,38.182659212,-85.698466056,10.294,12/12/2020 12:00:00 AM,0514,2,2,0,1,RAINING,WET,False,ANGLE COLLISION - OTHER,ANGLE,STRAIGHT & LEVEL,DARK-HWY LIGHTED/ON,,,12/14/2020 8:56:23 AM,False,7720,Accepted,