IncidentID,AgencyORI,AgencyName,IncidentStatusDesc,County,RdwyNumber,Street,RoadwayName,StreetSfx,StreetDir,IntersectionRdwy,IntersectionRdwyName,BetweenStRdwy1,BetweenStRdwyName1,BetweenStRdwy2,BetweenStRdwyName2,Latitude,Longitude,Milepoint,CollisionDate,CollisionTime,UnitsInvolved,MotorVehiclesInvolved,NumberKilled,NumberInjured,Weather,RdwyConditionCode,HitandRun,DirAnalysisCode,MannerofCollision,RdwyCharacter,LightCondition,RampFromRdwyId,RampToRdwyId,AcceptedDate,IsSecondaryCollision,OwnerBadge,IncidentStatus,
27562920,0568000,LOUISVILLE METRO POLICE DEPT,Accepted,JEFFERSON,US0031W,,DIXIE,HWY,,,PENDLETON,,,,,38.062343566,-85.886651388,5.294,12/12/2020 12:00:00 AM,1852,3,3,0,0,CLEAR,DRY,True,OTHER INTERSECTION COLLISIONS,REAR END,STRAIGHT & LEVEL,DARK-HWY NOT LIGHTED,,,12/14/2020 8:54:12 AM,False,5279,Accepted,
27566295,0560400,SHIVELY POLICE DEPARTMENT,Accepted,JEFFERSON,US0031W,,DIXIE,HWY,,,WATHEN,,,,,38.216462967,-85.795262756,17.158,12/12/2020 12:00:00 AM,1850,2,2,0,0,CLOUDY,DRY,False,ANGLE COLLISION - OTHER,ANGLE,STRAIGHT & LEVEL,DARK-HWY LIGHTED/ON,,,12/14/2020 7:26:41 PM,False,7128,Accepted,
27562894,0568000,LOUISVILLE METRO POLICE DEPT,Accepted,JEFFERSON,KY1747,,HURSTBOURNE,PKWY,S,,PATRIOTS CROSSING,,,,,38.162386498,-85.633719924,5.569,12/12/2020 12:00:00 AM,0839,2,2,0,0,RAINING,WET,False,ANGLE COLLISION - OTHER,ANGLE,CURVE & GRADE,DAYLIGHT,,,12/14/2020 8:52:26 AM,False,5005,Accepted,
27562895,0568000,LOUISVILLE METRO POLICE DEPT,Accepted,JEFFERSON,KY1065,4414,OUTER,LOOP,,,,,,,,38.138181635,-85.682369610,6.298,12/12/2020 12:00:00 AM,1121,2,2,0,0,RAINING,WET,False,COLLISION IN PARKING LOT,BACKING,STRAIGHT & LEVEL,DAYLIGHT,,,12/14/2020 8:52:29 AM,False,7962,Accepted,
27562896,0568000,LOUISVILLE METRO POLICE DEPT,Accepted,JEFFERSON,US0060,,FRANKFORT,AVE,,,,,MCCREADY,,CRESTMOOR,38.254302335,-85.674459734,2.515,12/12/2020 12:00:00 AM,0653,2,2,0,0,RAINING,WET,True,1 VEHICLE PARKED POSITION (NOT PARKING LOT/DRIVEWAY),REAR END,STRAIGHT & LEVEL,DARK-HWY LIGHTED/ON,,,12/14/2020 8:52:34 AM,False,7043,Accepted,
27562897,0568000,LOUISVILLE METRO POLICE DEPT,Accepted,JEFFERSON,KY1065,,OUTER,LOOP,,,,,,,,38.138335220,-85.683424408,6.239,12/12/2020 12:00:00 AM,1303,3,3,0,2,CLOUDY,DRY,False,1 VEHICLE ENTERING/LEAVING ENTRANCE,ANGLE,STRAIGHT & LEVEL,DAYLIGHT,,,12/14/2020 8:52:38 AM,True,6933,Accepted,
27562904,0568000,LOUISVILLE METRO POLICE DEPT,Accepted,JEFFERSON,KY0155,4318,TAYLORSVILLE,RD,,,,,,,,38.219328228,-85.616271789,12.811,12/12/2020 12:00:00 AM,1321,2,2,0,1,CLEAR,DRY,False,REAR END IN TRAFFIC LANES BOTH VEHICLES MOVING,REAR END,STRAIGHT & LEVEL,DAYLIGHT,,,12/14/2020 8:53:12 AM,False,7448,Accepted,
27562905,0568000,LOUISVILLE METRO POLICE DEPT,Accepted,JEFFERSON,KY1932,,BRECKENRIDGE,LN,,,GREENWICH,,,,,38.193600817,-85.625524248,0.845,12/12/2020 12:00:00 AM,1510,2,2,0,0,CLEAR,DRY,False,COLLISION WITH PARKED VEHICLE,REAR END,STRAIGHT & LEVEL,DAYLIGHT,,,12/14/2020 8:53:15 AM,False,7739,Accepted,
27562903,0568000,LOUISVILLE METRO POLICE DEPT,Accepted,JEFFERSON,KY1931,,ST ANDREWS CHURCH,RD,,,BLANTON,,,,,38.151842258,-85.819349276,4.416,12/12/2020 12:00:00 AM,1348,3,3,0,1,CLEAR,DRY,False,OTHER INTERSECTION COLLISIONS,REAR END,STRAIGHT & LEVEL,DAYLIGHT,,,12/14/2020 8:53:07 AM,False,7817,Accepted,
27562950,0568000,LOUISVILLE METRO POLICE DEPT,Accepted,JEFFERSON,,,CHESTNUT,ST,W,,20TH,,,,,38.251974108,-85.785085290,0.868,12/12/2020 12:00:00 AM,2116,2,2,0,2,CLEAR,DRY,False,ANGLE COLLISION - OTHER,ANGLE,STRAIGHT & LEVEL,DARK-HWY LIGHTED/ON,,,12/14/2020 8:56:05 AM,False,5021,Accepted,
27562924,0568000,LOUISVILLE METRO POLICE DEPT,Accepted,JEFFERSON,,7923,WESTWARD,LOOP,,,,,,,,38.201732965,-85.610021262,0.005,12/12/2020 12:00:00 AM,0653,1,1,0,0,RAINING,WET,True,COLLISION IN PARKING LOT,SINGLE VEHICLE,STRAIGHT & LEVEL,DARK (UNKNOWN ROADWAY LIGHTING),,,12/14/2020 8:54:35 AM,False,5301,Accepted,
27562926,0568000,LOUISVILLE METRO POLICE DEPT,Accepted,JEFFERSON,,4447,MANSLICK,RD,,,,,,,,38.152545954,-85.791013591,0.022,12/12/2020 12:00:00 AM,1642,2,2,0,0,CLEAR,DRY,True,SIDESWIPE COLLISION - SAME DIRECTION,SIDESWIPE-SAME DIRECTION,STRAIGHT & LEVEL,DAYLIGHT,,,12/14/2020 8:54:42 AM,False,7433,Accepted,
27575603,0568000,LOUISVILLE METRO POLICE DEPT,Accepted,JEFFERSON,,4328,DOVER,RD,,,,,,,,38.186648819,-85.833042803,0.545,12/12/2020 12:00:00 AM,1844,1,1,0,2,CLEAR,DRY,False,OTHER COLLISIONS ON SHOULDER,SINGLE VEHICLE,STRAIGHT & LEVEL,DARK-HWY NOT LIGHTED,,,12/17/2020 9:16:42 AM,False,5257,Accepted,
27588647,0568000,LOUISVILLE METRO POLICE DEPT,Accepted,JEFFERSON,KY1703,1600,NEWBURG,RD,,,,,RICHMOND,,RUTH,38.219059469,-85.709152409,4.141,12/12/2020 12:00:00 AM,1300,1,1,0,0,CLEAR,DRY,False,COLLISION WITH FIXED OBJECT NON - INTERSECTION - FIRST EVENT COLLISION 09 - 32 EXCLUDING 16,SINGLE VEHICLE,CURVE & LEVEL,DAYLIGHT,,,12/21/2020 8:39:14 AM,False,7058,Accepted,
27575620,0568000,LOUISVILLE METRO POLICE DEPT,Accepted,JEFFERSON,KY0061,,PRESTON,HWY,,I 0065,I65 N EXIT130 ON RAMP FROM KY61,,,,,38.178952785,-85.717282393,7.260,12/12/2020 12:00:00 AM,2133,2,2,0,0,CLEAR,DRY,False,OTHER INTERSECTION COLLISIONS,REAR END,STRAIGHT & LEVEL,DARK-HWY LIGHTED/ON,,,12/17/2020 9:21:07 AM,False,5165,Accepted,
27579388,0568000,LOUISVILLE METRO POLICE DEPT,Accepted,JEFFERSON,I 0065,,,,,,,,,,,38.192489268,-85.729909795,0.487,12/12/2020 12:00:00 AM,2121,2,2,0,0,CLEAR,DRY,False,SIDESWIPE COLLISION - SAME DIRECTION,SIDESWIPE-SAME DIRECTION,STRAIGHT & LEVEL,DARK-HWY LIGHTED/ON,I 0264,I 0065,12/18/2020 8:28:38 AM,False,7972,Accepted,
27562885,0568000,LOUISVILLE METRO POLICE DEPT,Accepted,JEFFERSON,,,BROOK,ST,S,,CHESTNUT,,,,,38.248384017,-85.751853484,3.034,12/12/2020 12:00:00 AM,0058,2,2,0,0,CLEAR,DRY,False,OTHER INTERSECTION COLLISIONS,REAR END,STRAIGHT & LEVEL,DARK-HWY LIGHTED/ON,,,12/14/2020 8:51:55 AM,False,5135,Accepted,
27562910,0568000,LOUISVILLE METRO POLICE DEPT,Accepted,JEFFERSON,I 0064,,I64 W,,,,,,,,,38.261428725,-85.770464577,3.489,12/12/2020 12:00:00 AM,1519,2,2,0,0,CLEAR,DRY,False,SIDESWIPE COLLISION - SAME DIRECTION,SIDESWIPE-SAME DIRECTION,STRAIGHT & LEVEL,DAYLIGHT,,,12/14/2020 8:53:31 AM,False,5168,Accepted,
27562917,0568000,LOUISVILLE METRO POLICE DEPT,Accepted,JEFFERSON,KY0864,,LOGAN,ST,,,,,,,,38.230410470,-85.740410999,14.425,12/12/2020 12:00:00 AM,2045,1,1,0,0,CLEAR,DRY,False,OTHER ROADWAY OR MID-BLOCK COLLISION,SINGLE VEHICLE,CURVE & LEVEL,DARK-HWY LIGHTED/ON,,,12/14/2020 8:54:01 AM,False,7527,Accepted,
27562901,0568000,LOUISVILLE METRO POLICE DEPT,Accepted,JEFFERSON,,4541,1ST,ST,S,,,,,,,38.186823754,-85.761890907,3.471,12/12/2020 12:00:00 AM,1345,3,3,0,0,CLEAR,DRY,False,1 VEHICLE PARKED POSITION (NOT PARKING LOT/DRIVEWAY),SIDESWIPE-SAME DIRECTION,STRAIGHT & LEVEL,DAYLIGHT,,,12/14/2020 8:52:59 AM,False,7488,Accepted,
27562915,0568000,LOUISVILLE METRO POLICE DEPT,Accepted,JEFFERSON,US0060A,,EASTERN,PKWY,,,ROYAL,,,,,38.225251132,-85.724186340,5.878,12/12/2020 12:00:00 AM,0630,1,1,0,0,RAINING,WET,True,COLLISION WITH FIXED OBJECT IN INTERSECTION - FIRST EVENT COLLISION 09 - 32,SINGLE VEHICLE,CURVE & HILLCREST,DARK-HWY LIGHTED/ON,,,12/14/2020 8:53:54 AM,False,7916,Accepted,
27562916,0568000,LOUISVILLE METRO POLICE DEPT,Accepted,JEFFERSON,I 0065,,,,,,,,,,,38.192697299,-85.731576236,0.031,12/12/2020 12:00:00 AM,1913,1,1,0,0,CLEAR,DRY,False,COLLISION WITH FIXED OBJECT IN GORE,SINGLE VEHICLE,CURVE & GRADE,DARK-HWY LIGHTED/ON,I 0065,I 0264,12/14/2020 8:53:58 AM,False,5252,Accepted,
27562890,0568000,LOUISVILLE METRO POLICE DEPT,Accepted,JEFFERSON,,,BROADWAY,,W,,37TH,,,,,38.250072123,-85.813446437,1.375,12/12/2020 12:00:00 AM,0430,2,2,0,1,RAINING,WET,True,OPPOSING LEFT TURN,OPPOSING LEFT TURN,STRAIGHT & LEVEL,DARK-HWY LIGHTED/ON,,,12/14/2020 8:52:11 AM,False,5285,Accepted,
27562918,0568000,LOUISVILLE METRO POLICE DEPT,Accepted,JEFFERSON,,,PEABODY,LN,,,KERRY,,,,,38.203205617,-85.674010850,0.345,12/12/2020 12:00:00 AM,1930,2,2,0,1,CLEAR,DRY,False,ANGLE COLLISION - ONE VEHICLE TURNING RIGHT,ANGLE,STRAIGHT & LEVEL,DARK-HWY NOT LIGHTED,,,12/14/2020 8:54:04 AM,False,5024,Accepted,
27562919,0568000,LOUISVILLE METRO POLICE DEPT,Accepted,JEFFERSON,,,HERMAN,ST,,,,,,,,38.258865953,-85.806719045,0.058,12/12/2020 12:00:00 AM,2021,2,2,0,0,CLEAR,DRY,True,1 VEHICLE PARKED POSITION (NOT PARKING LOT/DRIVEWAY),SIDESWIPE-OPPOSITE DIRECTION,STRAIGHT & LEVEL,DARK (UNKNOWN ROADWAY LIGHTING),,,12/14/2020 8:54:08 AM,False,7976,Accepted,
27708839,0568000,LOUISVILLE METRO POLICE DEPT,Accepted,JEFFERSON,KY1727,,TERRY,RD,,,,,,,,38.177233316,-85.862313718,3.983,12/12/2020 12:00:00 AM,1841,2,2,0,0,CLEAR,DRY,False,1 VEHICLE ENTERING/LEAVING ENTRANCE,ANGLE,CURVE & LEVEL,DARK (UNKNOWN ROADWAY LIGHTING),,,1/25/2021 10:03:29 AM,False,7221,Accepted,
27592409,0568000,LOUISVILLE METRO POLICE DEPT,Accepted,JEFFERSON,US0031E,,BARDSTOWN,RD,,,,,BARINGER,US0060A,EASTERN,38.232469761,-85.710203143,14.688,12/11/2020 12:00:00 AM,1701,2,2,0,1,CLEAR,DRY,False,1 VEHICLE ENTERING/LEAVING ENTRANCE,ANGLE,STRAIGHT & LEVEL,DUSK,,,12/22/2020 8:13:46 AM,False,5006,Accepted,
27562909,0568000,LOUISVILLE METRO POLICE DEPT,Accepted,JEFFERSON,,1475,TEXAS,AVE,,,,,BURNETT,,MILTON,38.221725759,-85.737502477,0.478,12/11/2020 12:00:00 AM,1110,2,2,0,0,CLEAR,DRY,False,SIDESWIPE COLLISION - SAME DIRECTION,SIDESWIPE-SAME DIRECTION,STRAIGHT & LEVEL,DAYLIGHT,,,12/14/2020 8:53:27 AM,False,2745,Accepted,
27562891,0568000,LOUISVILLE METRO POLICE DEPT,Accepted,JEFFERSON,US0042,1615,MELLWOOD,AVE,,I 0064,I64 W EXIT7 OFF RAMP TO  MELLWOOD AVE,,,,,38.256617408,-85.720835046,0.696,12/11/2020 12:00:00 AM,2015,1,1,0,0,CLEAR,DRY,False,COLLISION WITH FIXED OBJECT IN INTERSECTION - FIRST EVENT COLLISION 09 - 32,SINGLE VEHICLE,STRAIGHT & LEVEL,DARK-HWY LIGHTED/ON,,,12/14/2020 8:52:15 AM,False,5117,Accepted,
27562874,0568000,LOUISVILLE METRO POLICE DEPT,Accepted,JEFFERSON,,,GREENWOOD,AVE,,,CECIL,,,,,38.244195544,-85.821118418,1.957,12/11/2020 12:00:00 AM,1142,3,3,0,0,CLEAR,DRY,False,ANGLE COLLISION - OTHER,ANGLE,STRAIGHT & LEVEL,DAYLIGHT,,,12/14/2020 8:51:16 AM,False,5311,Accepted,
27562875,0568000,LOUISVILLE METRO POLICE DEPT,Accepted,JEFFERSON,KY1865,,TAYLOR,BLVD,,,,,,,,38.184930751,-85.784025741,5.387,12/11/2020 12:00:00 AM,1435,2,2,0,0,CLOUDY,DRY,False,1 VEHICLE ENTERING/LEAVING ENTRANCE,ANGLE,STRAIGHT & LEVEL,DAYLIGHT,,,12/14/2020 8:51:19 AM,False,7204,Accepted,
27562877,0568000,LOUISVILLE METRO POLICE DEPT,Accepted,JEFFERSON,,,PHILLIPS,LN,,,FREEDOM,,,,,38.193595758,-85.739552621,0.745,12/11/2020 12:00:00 AM,1634,2,2,0,1,CLEAR,DRY,False,ANGLE COLLISION - OTHER,ANGLE,STRAIGHT & LEVEL,DAYLIGHT,,,12/14/2020 8:51:26 AM,False,7398,Accepted,
27562883,0568000,LOUISVILLE METRO POLICE DEPT,Accepted,JEFFERSON,I 0071,,,,,,,,,,,38.313842147,-85.578568370,0.174,12/11/2020 12:00:00 AM,1321,2,2,0,0,CLEAR,DRY,False,OTHER RAMP RELATED COLLISIONS NOT LISTED ABOVE,SIDESWIPE-SAME DIRECTION,CURVE & GRADE,DAYLIGHT,I 0071,I 0071,12/14/2020 8:51:47 AM,False,8278,Accepted,
27556383,0566900,LOUISVILLE AIRPORT POLICE,Accepted,JEFFERSON,,600,TERMINAL,DR,,,,,,,,38.186425897,-85.742043679,0.288,12/11/2020 12:00:00 AM,1713,1,1,0,0,CLEAR,DRY,True,COLLISION IN PARKING LOT,SINGLE VEHICLE,STRAIGHT & LEVEL,DAYLIGHT,,,12/11/2020 8:12:34 PM,False,5881,Accepted,
27557604,0560400,SHIVELY POLICE DEPARTMENT,Accepted,JEFFERSON,US0031W,,DIXIE,HWY,,,KENNEDY,,,,,38.215159786,-85.795889688,17.076,12/11/2020 12:00:00 AM,1230,2,2,0,1,CLEAR,DRY,False,ANGLE COLLISION - OTHER,ANGLE,STRAIGHT & LEVEL,DAYLIGHT,,,12/12/2020 8:38:44 AM,False,7092,Accepted,
27562892,0568000,LOUISVILLE METRO POLICE DEPT,Accepted,JEFFERSON,,2327,CAROLINA,AVE,,,,,WOODBOURNE,,WETSTEIN,38.228046213,-85.682868703,0.345,12/11/2020 12:00:00 AM,2035,1,1,0,0,CLEAR,DRY,True,COLLISION IN PARKING LOT,SINGLE VEHICLE,STRAIGHT & LEVEL,DARK-HWY LIGHTED/ON,,,12/14/2020 8:52:18 AM,False,5274,Accepted,
27556735,0561000,JEFFERSONTOWN POLICE DEPT,Accepted,JEFFERSON,,,WATTERSON,TRL,,,,,STONY BROOK,,PEBBLEWOOD,38.183767709,-85.595801698,1.655,12/11/2020 12:00:00 AM,1440,2,2,0,0,CLEAR,DRY,False,OTHER ROADWAY OR MID-BLOCK COLLISION,REAR END,STRAIGHT & LEVEL,DAYLIGHT,,,12/11/2020 11:19:42 PM,False,8292,Accepted,
27562871,0568000,LOUISVILLE METRO POLICE DEPT,Accepted,JEFFERSON,KY1934,,GREENBELT,HWY,,,GLOBAL,,,,,38.139522682,-85.887526034,3.913,12/11/2020 12:00:00 AM,1245,2,2,0,0,CLEAR,DRY,True,ANGLE COLLISION - OTHER,ANGLE,,DAYLIGHT,,,12/14/2020 8:51:04 AM,False,5323,Accepted,
27562873,0568000,LOUISVILLE METRO POLICE DEPT,Accepted,JEFFERSON,KY0913,,BLANKENBAKER,PKWY,,KY0913C,BLANKENBAKER ACCESS,,,,,38.196157015,-85.548012033,0.618,12/11/2020 12:00:00 AM,1327,2,2,0,0,CLEAR,DRY,False,OTHER INTERSECTION COLLISIONS,REAR END,CURVE & HILLCREST,DAYLIGHT,,,12/14/2020 8:51:12 AM,False,4693,Accepted,
27562879,0568000,LOUISVILLE METRO POLICE DEPT,Accepted,JEFFERSON,US0031W,,DIXIE,HWY,,,,,,,,38.120990060,-85.855839799,9.732,12/11/2020 12:00:00 AM,1452,3,3,0,0,CLEAR,DRY,False,1 VEHICLE ENTERING/LEAVING ENTRANCE,ANGLE,STRAIGHT & LEVEL,DAYLIGHT,,,12/14/2020 8:51:33 AM,False,7234,Accepted,
27562880,0568000,LOUISVILLE METRO POLICE DEPT,Accepted,JEFFERSON,I 0065,,,,,,,,,,,38.134820358,-85.707402810,0.301,12/11/2020 12:00:00 AM,1731,1,1,0,1,CLEAR,DRY,False,OTHER RAMP RELATED COLLISIONS NOT LISTED ABOVE,SINGLE VEHICLE,CURVE & LEVEL,DUSK,KY1065,I 0065,12/14/2020 8:51:36 AM,False,7669,Accepted,
27562881,0568000,LOUISVILLE METRO POLICE DEPT,Accepted,JEFFERSON,,,BURNETT,AVE,W,,25TH,,,,,38.231744080,-85.796409619,1.090,12/11/2020 12:00:00 AM,1505,2,2,0,0,CLEAR,DRY,False,ANGLE COLLISION - OTHER,ANGLE,STRAIGHT & LEVEL,DAYLIGHT,,,12/14/2020 8:51:40 AM,False,2469,Accepted,
27562887,0568000,LOUISVILLE METRO POLICE DEPT,Accepted,JEFFERSON,KY0907,,3RD ST,RD,,,,,,,,38.114925672,-85.828067714,2.484,12/11/2020 12:00:00 AM,2238,3,3,0,1,CLEAR,DRY,True,SIDESWIPE COLLISION - SAME DIRECTION,SIDESWIPE-SAME DIRECTION,STRAIGHT & LEVEL,DARK-HWY LIGHTED/OFF,,,12/14/2020 8:52:00 AM,True,5136,Accepted,
27562888,0568000,LOUISVILLE METRO POLICE DEPT,Accepted,JEFFERSON,KY1631,,CRITTENDEN,DR,,,BOXLEY,,,,,38.205420620,-85.750817396,1.198,12/11/2020 12:00:00 AM,2108,2,2,0,0,CLEAR,DRY,False,SIDESWIPE-SAME DIRECTION,SIDESWIPE-SAME DIRECTION,CURVE & LEVEL,DARK-HWY LIGHTED/ON,,,12/14/2020 8:52:04 AM,False,5183,Accepted,
27562889,0568000,LOUISVILLE METRO POLICE DEPT,Accepted,JEFFERSON,,,13TH,ST,S,,,,,,,38.245805166,-85.773644473,0.775,12/11/2020 12:00:00 AM,2255,1,1,0,1,CLEAR,DRY,False,OCCUPANT FELL FROM MOVING VEHICLE,SINGLE VEHICLE,STRAIGHT & LEVEL,DARK-HWY LIGHTED/ON,,,12/14/2020 8:52:08 AM,False,5261,Accepted,
27562878,0568000,LOUISVILLE METRO POLICE DEPT,Accepted,JEFFERSON,US0031E,,BARDSTOWN,RD,,I 0265,I265 E EXIT17 OFF RAMP TO US31E,,,,,38.139533316,-85.582464025,4.780,12/11/2020 12:00:00 AM,1845,2,2,0,1,CLEAR,DRY,False,OTHER INTERSECTION COLLISIONS,REAR END,STRAIGHT & LEVEL,DARK-HWY LIGHTED/ON,,,12/14/2020 8:51:29 AM,False,7486,Accepted,
27562886,0568000,LOUISVILLE METRO POLICE DEPT,Accepted,JEFFERSON,I 0265,,I265 E,,,,,,,,,38.200868359,-85.507534771,23.966,12/11/2020 12:00:00 AM,2332,1,1,0,0,CLEAR,DRY,False,COLLISION WITH FIXED OBJECT NON - INTERSECTION - FIRST EVENT COLLISION 09 - 32 EXCLUDING 16,SINGLE VEHICLE,STRAIGHT & LEVEL,DARK-HWY NOT LIGHTED,,,12/14/2020 8:51:58 AM,False,5128,Accepted,
27562869,0568000,LOUISVILLE METRO POLICE DEPT,Accepted,JEFFERSON,US0031,,CLARK MEMORIAL,BRG,,,,,,,,38.266535040,-85.751171041,0.720,12/11/2020 12:00:00 AM,0920,3,3,0,0,CLEAR,DRY,False,REAR END IN TRAFFIC LANES BOTH VEHICLES MOVING,REAR END,STRAIGHT & LEVEL,DAYLIGHT,,,12/14/2020 8:50:57 AM,False,2403,Accepted,
27565460,0561500,UNIV. OF LOUISVILLE POLICE,Accepted,JEFFERSON,,416,CHESTNUT,ST,E,,,,,,,38.247629559,-85.746449859,0.356,12/11/2020 12:00:00 AM,1216,1,1,0,0,CLEAR,DRY,False,COLLISION IN PARKING LOT,SINGLE VEHICLE,STRAIGHT & GRADE,DAYLIGHT,,,12/14/2020 3:50:58 PM,False,5672,Accepted,
27562939,0568000,LOUISVILLE METRO POLICE DEPT,Accepted,JEFFERSON,KY1020,,SOUTHERN,PKWY,,,EVELYN,,,,,38.196743185,-85.766926907,8.856,12/11/2020 12:00:00 AM,1930,2,2,0,1,CLEAR,DRY,False,NON-COLLISION OBJECT COLLISION,ANGLE,STRAIGHT & LEVEL,DARK (UNKNOWN ROADWAY LIGHTING),,,12/14/2020 8:55:23 AM,False,5287,Accepted,
27565454,0561500,UNIV. OF LOUISVILLE POLICE,Accepted,JEFFERSON,US0060A,,3RD,ST,S,US0060A,EASTERN,,,,,38.213601172,-85.762295966,3.399,12/11/2020 12:00:00 AM,1730,2,2,0,0,CLEAR,DRY,True,REAR END - ONE VEHICLE TURNING RIGHT,REAR END,STRAIGHT & LEVEL,DUSK,,,12/14/2020 3:50:50 PM,False,5676,Accepted,
27562931,0568000,LOUISVILLE METRO POLICE DEPT,Accepted,JEFFERSON,US0031W,,DIXIE,HWY,,,RATCLIFFE,,,,,38.219254904,-85.794151651,17.355,12/11/2020 12:00:00 AM,1118,3,3,0,3,CLEAR,DRY,False,ANGLE COLLISION - OTHER,ANGLE,STRAIGHT & LEVEL,DAYLIGHT,,,12/14/2020 8:55:00 AM,False,7656,Accepted,
27572038,0568000,LOUISVILLE METRO POLICE DEPT,Accepted,JEFFERSON,,,28TH,ST,S,,KENTUCKY,,,,,38.243629984,-85.799390530,1.210,12/11/2020 12:00:00 AM,0604,2,2,0,1,CLEAR,DRY,False,ANGLE COLLISION - OTHER,ANGLE,STRAIGHT & LEVEL,DARK-HWY LIGHTED/ON,,,12/16/2020 8:32:58 AM,False,5292,Accepted,
27579356,0568000,LOUISVILLE METRO POLICE DEPT,Accepted,JEFFERSON,US0031W,1900BLK,MARKET,ST,W,,,,,,,38.257975467,-85.781547304,20.465,12/11/2020 12:00:00 AM,1315,2,2,0,0,CLEAR,DRY,False,SIDESWIPE COLLISION - SAME DIRECTION,SIDESWIPE-SAME DIRECTION,STRAIGHT & LEVEL,DAYLIGHT,,,12/18/2020 8:24:24 AM,False,7406,Accepted,
27562956,0568000,LOUISVILLE METRO POLICE DEPT,Accepted,JEFFERSON,I 0064,,,,,,,,,,,38.260730003,-85.737396227,0.002,12/10/2020 12:00:00 AM,1154,2,2,0,0,CLEAR,DRY,False,OTHER RAMP RELATED COLLISIONS NOT LISTED ABOVE,OPPOSING LEFT TURN,CURVE & GRADE,DAYLIGHT,I 0064,I 0065,12/14/2020 8:56:28 AM,False,7720,Accepted,
27572023,0568000,LOUISVILLE METRO POLICE DEPT,Accepted,JEFFERSON,,,1ST,ST,S,,ST CATHERINE,,,,,38.236893810,-85.754963301,1.335,12/10/2020 12:00:00 AM,1444,2,2,0,0,CLOUDY,DRY,False,ANGLE COLLISION - OTHER,ANGLE,STRAIGHT & LEVEL,DAYLIGHT,,,12/16/2020 8:28:41 AM,False,7619,Accepted,
27554373,0568000,LOUISVILLE METRO POLICE DEPT,Accepted,JEFFERSON,KY1934,,CANE RUN,RD,,KY2051,LEES,,,,,38.183828483,-85.855339239,7.729,12/10/2020 12:00:00 AM,0533,2,1,0,2,CLEAR,DRY,False,OTHER INTERSECTION COLLISIONS,SINGLE VEHICLE,STRAIGHT & LEVEL,DARK-HWY LIGHTED/ON,,,12/11/2020 8:10:06 AM,False,5170,Accepted,
27554374,0568000,LOUISVILLE METRO POLICE DEPT,Accepted,JEFFERSON,US0031W,10403,DIXIE,HWY,,,,,,,,38.105066449,-85.868356372,8.435,12/10/2020 12:00:00 AM,2118,3,3,0,4,CLEAR,DRY,False,REAR END IN TRAFFIC LANES BOTH VEHICLES MOVING,REAR END,STRAIGHT & LEVEL,DARK-HWY LIGHTED/ON,,,12/11/2020 8:10:15 AM,False,7166,Accepted,
27553328,0561000,JEFFERSONTOWN POLICE DEPT,Accepted,JEFFERSON,KY0913,,BLANKENBAKER,PKWY,,,REHL,,,,,38.200561929,-85.538309459,1.240,12/10/2020 12:00:00 AM,1706,2,2,0,1,CLEAR,DRY,False,ANGLE COLLISION - OTHER,ANGLE,CURVE & LEVEL,DAYLIGHT,,,12/11/2020 1:48:27 AM,False,8319,Accepted,
27554357,0568000,LOUISVILLE METRO POLICE DEPT,Accepted,JEFFERSON,,,JEFFERSON,ST,E,,CAMPBELL,,,,,38.251594155,-85.736315468,0.180,12/10/2020 12:00:00 AM,1337,2,2,0,1,CLEAR,DRY,False,ANGLE COLLISION - OTHER,ANGLE,STRAIGHT & LEVEL,DAYLIGHT,,,12/11/2020 8:08:57 AM,False,5300,Accepted,
27554340,0568000,LOUISVILLE METRO POLICE DEPT,Accepted,JEFFERSON,,,MIDNIGHT,LN,,,,,,,,38.115835254,-85.652261427,0.235,12/10/2020 12:00:00 AM,1151,2,2,0,0,CLEAR,DRY,False,1 VEHICLE PARKED POSITION (NOT PARKING LOT/DRIVEWAY),SIDESWIPE-OPPOSITE DIRECTION,STRAIGHT & LEVEL,DAYLIGHT,,,12/11/2020 8:07:50 AM,False,4693,Accepted,
27554338,0568000,LOUISVILLE METRO POLICE DEPT,Accepted,JEFFERSON,,,CARDINAL,BLVD,W,KY1020,3RD,,,,,38.220553428,-85.761178854,0.181,12/10/2020 12:00:00 AM,1150,2,2,0,0,CLEAR,DRY,False,ANGLE COLLISION - OTHER,ANGLE,STRAIGHT & LEVEL,DAYLIGHT,,,12/11/2020 8:07:41 AM,False,5120,Accepted,