IncidentID,AgencyORI,AgencyName,IncidentStatusDesc,County,RdwyNumber,Street,RoadwayName,StreetSfx,StreetDir,IntersectionRdwy,IntersectionRdwyName,BetweenStRdwy1,BetweenStRdwyName1,BetweenStRdwy2,BetweenStRdwyName2,Latitude,Longitude,Milepoint,CollisionDate,CollisionTime,UnitsInvolved,MotorVehiclesInvolved,NumberKilled,NumberInjured,Weather,RdwyConditionCode,HitandRun,DirAnalysisCode,MannerofCollision,RdwyCharacter,LightCondition,RampFromRdwyId,RampToRdwyId,AcceptedDate,IsSecondaryCollision,OwnerBadge,IncidentStatus,
27554339,0568000,LOUISVILLE METRO POLICE DEPT,Accepted,JEFFERSON,KY1747,,HURSTBOURNE,PKWY,S,,BUNSEN,,,,,38.218997618,-85.584182485,11.474,12/10/2020 12:00:00 AM,1052,2,2,0,0,CLEAR,DRY,False,ANGLE COLLISION - ONE VEHICLE TURNING LEFT,ANGLE,STRAIGHT & LEVEL,DAYLIGHT,,,12/11/2020 8:07:45 AM,False,4693,Accepted,
27554354,0568000,LOUISVILLE METRO POLICE DEPT,Accepted,JEFFERSON,KY1020,,SOUTHERN,PKWY,,,LANSING,,,,,38.192540608,-85.766749993,8.579,12/10/2020 12:00:00 AM,1529,2,2,0,1,CLEAR,DRY,False,ANGLE COLLISION - OTHER,ANGLE,STRAIGHT & LEVEL,DAYLIGHT,,,12/11/2020 8:08:49 AM,False,5186,Accepted,
27554355,0568000,LOUISVILLE METRO POLICE DEPT,Accepted,JEFFERSON,,,4TH,ST,N,KY3077,RIVER,,,,,38.258619726,-85.756141530,0.138,12/10/2020 12:00:00 AM,1244,2,1,0,1,CLEAR,DRY,False,COLLISION WITH BICYCLE IN INTERSECTION,SINGLE VEHICLE,STRAIGHT & GRADE,DAYLIGHT,,,12/11/2020 8:08:53 AM,False,7229,Accepted,
27554363,0568000,LOUISVILLE METRO POLICE DEPT,Accepted,JEFFERSON,US0031W,,DR W J HODGE,ST,,,GRAND,,,,,38.240026703,-85.788099994,19.030,12/10/2020 12:00:00 AM,1102,2,2,0,2,CLEAR,DRY,False,ANGLE COLLISION - OTHER,ANGLE,STRAIGHT & LEVEL,DAYLIGHT,,,12/11/2020 8:09:14 AM,False,5032,Accepted,
27554364,0568000,LOUISVILLE METRO POLICE DEPT,Accepted,JEFFERSON,KY0907,,VALLEY STATION,RD,,,,,,,,38.105715314,-85.861373494,0.323,12/10/2020 12:00:00 AM,1208,2,2,0,0,CLEAR,DRY,False,HEAD-ON COLLISION,HEAD ON,STRAIGHT & LEVEL,DAYLIGHT,,,12/11/2020 8:09:20 AM,False,7234,Accepted,
27554366,0568000,LOUISVILLE METRO POLICE DEPT,Accepted,JEFFERSON,US0031W,,DIXIE,HWY,,,,,,,,38.130129179,-85.847916562,10.495,12/10/2020 12:00:00 AM,1615,2,2,0,1,CLEAR,DRY,False,1 VEHICLE ENTERING/LEAVING ENTRANCE,ANGLE,STRAIGHT & LEVEL,DAYLIGHT,,,12/11/2020 8:09:30 AM,False,7234,Accepted,
27554371,0568000,LOUISVILLE METRO POLICE DEPT,Accepted,JEFFERSON,,7300,ORELL,RD,W,,,,,,,38.075271163,-85.884156070,0.016,12/10/2020 12:00:00 AM,2325,1,1,0,0,CLEAR,DRY,False,COLLISION WITH FIXED OBJECT NON - INTERSECTION - FIRST EVENT COLLISION 09 - 32 EXCLUDING 16,SINGLE VEHICLE,STRAIGHT & LEVEL,DARK-HWY NOT LIGHTED,,,12/11/2020 8:09:54 AM,False,7277,Accepted,
27554335,0568000,LOUISVILLE METRO POLICE DEPT,Accepted,JEFFERSON,I 0265,,I265 S,,,,,,,,,38.222731155,-85.505740825,25.446,12/10/2020 12:00:00 AM,1040,2,2,0,0,CLEAR,DRY,False,SIDESWIPE COLLISION - SAME DIRECTION,SIDESWIPE-SAME DIRECTION,STRAIGHT & LEVEL,DAYLIGHT,,,12/11/2020 8:07:28 AM,False,4903,Accepted,
27554370,0568000,LOUISVILLE METRO POLICE DEPT,Accepted,JEFFERSON,,,RIVER PARK,DR,,I 0264,I264 E EXIT2 ON RAMP FROM  RIVER PARK DR,,,,,38.254330041,-85.806279782,1.123,12/10/2020 12:00:00 AM,1828,2,2,0,0,CLOUDY,DRY,True,ANGLE COLLISION - OTHER,ANGLE,STRAIGHT & LEVEL,DARK-HWY LIGHTED/ON,,,12/11/2020 8:09:49 AM,False,7805,Accepted,
27554353,0568000,LOUISVILLE METRO POLICE DEPT,Accepted,JEFFERSON,KY0061,2213,SHELBY,ST,S,,,,,,,38.217219186,-85.743826744,10.278,12/10/2020 12:00:00 AM,0942,3,3,0,1,CLEAR,DRY,True,1 VEHICLE PARKED POSITION (NOT PARKING LOT/DRIVEWAY),REAR END,STRAIGHT & LEVEL,DAYLIGHT,,,12/11/2020 8:08:44 AM,False,5180,Accepted,
27562902,0568000,LOUISVILLE METRO POLICE DEPT,Accepted,JEFFERSON,,,GARLAND,AVE,,,38TH,,,,,38.246234987,-85.815720845,2.588,12/10/2020 12:00:00 AM,2050,3,3,0,1,CLEAR,DRY,False,COLLISION WITH PARKED VEHICLE,SIDESWIPE-SAME DIRECTION,STRAIGHT & LEVEL,DARK (UNKNOWN ROADWAY LIGHTING),,,12/14/2020 8:53:03 AM,False,5202,Accepted,
27562802,KSP0400,KY STATE POLICE POST 04,Accepted,JEFFERSON,,106,LAWNDALE,AVE,,,,,,,,38.163515051,-85.765244028,0.023,12/10/2020 12:00:00 AM,2050,2,2,0,0,CLEAR,DRY,True,1 VEHICLE PARKED POSITION (NOT PARKING LOT/DRIVEWAY),BACKING,CURVE & LEVEL,DARK-HWY LIGHTED/OFF,,,12/14/2020 8:34:54 AM,False,518,Accepted,
27549881,0568000,LOUISVILLE METRO POLICE DEPT,Accepted,JEFFERSON,KY1865,,TAYLOR,BLVD,,,OAKWOOD,,,,,38.176563949,-85.782728573,4.817,12/10/2020 12:00:00 AM,0235,1,1,0,0,CLEAR,DRY,False,COLLISION WITH FIXED OBJECT IN INTERSECTION - FIRST EVENT COLLISION 09 - 32,SINGLE VEHICLE,STRAIGHT & LEVEL,DARK-HWY LIGHTED/OFF,,,12/10/2020 8:37:12 AM,False,5284,Accepted,
27549883,0568000,LOUISVILLE METRO POLICE DEPT,Accepted,JEFFERSON,,4522,ALGONQUIN,PKWY,,,,,,,,38.232532023,-85.830217408,0.792,12/10/2020 12:00:00 AM,0430,2,2,0,0,CLEAR,DRY,False,1 VEHICLE ENTERING/LEAVING ENTRANCE,ANGLE,STRAIGHT & LEVEL,DARK-HWY LIGHTED/ON,,,12/10/2020 8:37:22 AM,False,5216,Accepted,
27554337,0568000,LOUISVILLE METRO POLICE DEPT,Accepted,JEFFERSON,KY0061,,JACKSON,ST,S,,ST CATHERINE,,,,,38.235340259,-85.747302584,11.615,12/10/2020 12:00:00 AM,1015,1,1,0,0,CLEAR,DRY,False,NON-COLLISION OBJECT COLLISION,SINGLE VEHICLE,STRAIGHT & LEVEL,DAYLIGHT,,,12/11/2020 8:07:37 AM,False,5120,Accepted,
27554351,0568000,LOUISVILLE METRO POLICE DEPT,Accepted,JEFFERSON,,,CHESTNUT,ST,W,,,,8TH,,ROY WILKINS,38.249675749,-85.764506010,2.001,12/10/2020 12:00:00 AM,1514,2,2,0,0,CLEAR,DRY,False,OTHER ROADWAY OR MID-BLOCK COLLISION,REAR END,STRAIGHT & LEVEL,DAYLIGHT,,,12/11/2020 8:08:33 AM,False,7940,Accepted,
27554352,0568000,LOUISVILLE METRO POLICE DEPT,Accepted,JEFFERSON,,,4TH,ST,S,,ORMSBY,,,,,38.232860505,-85.760734680,1.653,12/10/2020 12:00:00 AM,1502,3,3,0,0,CLEAR,DRY,False,OTHER INTERSECTION COLLISIONS,REAR END,STRAIGHT & GRADE,DAYLIGHT,,,12/11/2020 8:08:38 AM,False,5325,Accepted,
27554359,0568000,LOUISVILLE METRO POLICE DEPT,Accepted,JEFFERSON,KY0061,,PRESTON,HWY,,,CREEK POINTE,,,,,38.122683657,-85.678609952,2.777,12/10/2020 12:00:00 AM,1755,2,2,0,1,CLEAR,DRY,False,OTHER INTERSECTION COLLISIONS,REAR END,STRAIGHT & LEVEL,DARK-HWY LIGHTED/ON,,,12/11/2020 8:09:02 AM,False,7397,Accepted,
27554361,0568000,LOUISVILLE METRO POLICE DEPT,Accepted,JEFFERSON,,,HUMLER,ST,,,,,,,,38.245893750,-85.791262452,0.108,12/10/2020 12:00:00 AM,1052,2,2,0,2,CLEAR,DRY,False,1 VEHICLE ENTERING/LEAVING ENTRANCE,ANGLE,STRAIGHT & LEVEL,DAYLIGHT,,,12/11/2020 8:09:08 AM,False,5032,Accepted,
27554368,0568000,LOUISVILLE METRO POLICE DEPT,Accepted,JEFFERSON,I 0065,,,,,,,,,,,38.114158543,-85.696955705,0.207,12/10/2020 12:00:00 AM,1830,2,2,0,0,CLEAR,DRY,False,OTHER RAMP RELATED COLLISIONS NOT LISTED ABOVE,REAR END,CURVE & LEVEL,DARK-HWY LIGHTED/ON,I 0065,I 0065,12/11/2020 8:09:35 AM,False,2089,Accepted,
27568215,0568000,LOUISVILLE METRO POLICE DEPT,Accepted,JEFFERSON,,,MUHAMMAD ALI,BLVD,W,,1ST,,,,,38.250578964,-85.752521204,0.001,12/10/2020 12:00:00 AM,1546,2,2,0,1,CLEAR,DRY,False,ANGLE COLLISION - ONE VEHICLE TURNING LEFT,ANGLE,STRAIGHT & LEVEL,DAYLIGHT,,,12/15/2020 9:58:35 AM,False,7266,Accepted,
27545450,0568000,LOUISVILLE METRO POLICE DEPT,Accepted,JEFFERSON,KY0907,9306,3RD ST,RD,,,,,HOLIDAY,,JAMES HILL,38.115027656,-85.825449959,2.628,12/9/2020 12:00:00 AM,0648,2,2,0,0,CLEAR,DRY,False,HEAD-ON COLLISION,HEAD ON,STRAIGHT & LEVEL,DARK-HWY NOT LIGHTED,,,12/9/2020 8:07:47 AM,False,5110,Accepted,
27549859,0568000,LOUISVILLE METRO POLICE DEPT,Accepted,JEFFERSON,,,LOWER HUNTERS,TRCE,,KY1727,TERRY,,,,,38.164809672,-85.865589675,1.840,12/9/2020 12:00:00 AM,0712,3,3,0,2,CLEAR,DRY,False,ANGLE COLLISION - OTHER,ANGLE,STRAIGHT & LEVEL,DAWN,,,12/10/2020 8:35:42 AM,False,7356,Accepted,
27549862,0568000,LOUISVILLE METRO POLICE DEPT,Accepted,JEFFERSON,,,LOWER HUNTERS,TRCE,,,,,TRIPLETT,KY1727,TERRY,38.164447008,-85.864857064,1.798,12/9/2020 12:00:00 AM,0755,2,2,0,1,CLEAR,DRY,False,OTHER ROADWAY OR MID-BLOCK COLLISION,REAR END,CURVE & LEVEL,DAYLIGHT,,,12/10/2020 8:35:56 AM,False,6877,Accepted,
27549867,0568000,LOUISVILLE METRO POLICE DEPT,Accepted,JEFFERSON,I 0264,,,,,,,,,,,38.226374879,-85.636937414,0.383,12/9/2020 12:00:00 AM,1749,1,1,0,0,CLEAR,DRY,False,COLLISION WITH FIXED OBJECT NOT IN GORE ,SINGLE VEHICLE,CURVE & LEVEL,DUSK,I 0264,KY1932,12/10/2020 8:36:15 AM,False,7284,Accepted,
27549868,0568000,LOUISVILLE METRO POLICE DEPT,Accepted,JEFFERSON,KY0061,,PRESTON,HWY,,KY1747,FERN VALLEY,,,,,38.155948999,-85.696335161,5.281,12/9/2020 12:00:00 AM,1601,2,2,0,0,CLEAR,DRY,False,ANGLE COLLISION - ONE VEHICLE TURNING LEFT,ANGLE,STRAIGHT & LEVEL,DAYLIGHT,,,12/10/2020 8:36:20 AM,False,7191,Accepted,
27549869,0568000,LOUISVILLE METRO POLICE DEPT,Accepted,JEFFERSON,,,WESTBROOK,RD,,KY1931,GREENWOOD,,,,,38.144998990,-85.881401658,0.008,12/9/2020 12:00:00 AM,1021,2,2,0,0,CLEAR,DRY,False,ANGLE COLLISION - OTHER,ANGLE,STRAIGHT & LEVEL,DAYLIGHT,,,12/10/2020 8:36:26 AM,False,7373,Accepted,
27549870,0568000,LOUISVILLE METRO POLICE DEPT,Accepted,JEFFERSON,US0031W,,DIXIE,HWY,,KY1931,GREENWOOD,,,,,38.144194850,-85.839407128,11.653,12/9/2020 12:00:00 AM,1611,2,2,0,0,CLEAR,DRY,False,SIDESWIPE-SAME DIRECTION,SIDESWIPE-SAME DIRECTION,STRAIGHT & LEVEL,DAYLIGHT,,,12/10/2020 8:36:29 AM,False,7373,Accepted,
27554336,0568000,LOUISVILLE METRO POLICE DEPT,Accepted,JEFFERSON,,,HALE,AVE,,,DIXIE,,,,,38.238036240,-85.786565534,0.435,12/9/2020 12:00:00 AM,1800,2,1,0,0,CLEAR,DRY,False,COLLISION WITH BICYCLE IN INTERSECTION,SINGLE VEHICLE,STRAIGHT & LEVEL,DUSK,,,12/11/2020 8:07:32 AM,False,7841,Accepted,
27549882,0568000,LOUISVILLE METRO POLICE DEPT,Accepted,JEFFERSON,I 0064,,I64 E,,,,,,,,,38.258523121,-85.762555551,4.206,12/9/2020 12:00:00 AM,1930,2,2,0,1,CLEAR,DRY,False,REAR END IN TRAFFIC LANES BOTH VEHICLES MOVING,REAR END,CURVE & LEVEL,DARK-HWY LIGHTED/ON,,,12/10/2020 8:37:16 AM,False,5275,Accepted,
27549863,0568000,LOUISVILLE METRO POLICE DEPT,Accepted,JEFFERSON,,,BOERSTE,WAY,,KY0061,PRESTON,,,,,38.113936165,-85.676157684,0.007,12/9/2020 12:00:00 AM,1334,2,2,0,0,CLEAR,DRY,False,OTHER INTERSECTION COLLISIONS,REAR END,STRAIGHT & LEVEL,DAYLIGHT,,,12/10/2020 8:36:00 AM,False,2017,Accepted,
27549864,0568000,LOUISVILLE METRO POLICE DEPT,Accepted,JEFFERSON,US0031W,,22ND,ST,S,,STANDARD,,,,,38.231539916,-85.791767670,18.354,12/9/2020 12:00:00 AM,1253,1,1,0,0,CLEAR,DRY,False,OTHER INTERSECTION COLLISIONS,SINGLE VEHICLE,STRAIGHT & GRADE,DAYLIGHT,,,12/10/2020 8:36:03 AM,False,5312,Accepted,
27549865,0568000,LOUISVILLE METRO POLICE DEPT,Accepted,JEFFERSON,,167,ENGLISH STATION,RD,S,,,,,,,38.239287402,-85.494364008,0.095,12/9/2020 12:00:00 AM,1320,2,2,0,0,CLEAR,DRY,False,COLLISION IN PARKING LOT,BACKING,STRAIGHT & LEVEL,DAYLIGHT,,,12/10/2020 8:36:07 AM,False,2013,Accepted,
27549872,0568000,LOUISVILLE METRO POLICE DEPT,Accepted,JEFFERSON,US0031W,,DIXIE,HWY,,,,,,,,38.102536729,-85.869920034,8.242,12/9/2020 12:00:00 AM,1550,2,2,0,0,CLEAR,DRY,False,REAR END IN TRAFFIC LANES BOTH VEHICLES MOVING,REAR END,STRAIGHT & LEVEL,DAYLIGHT,,,12/10/2020 8:36:37 AM,False,7234,Accepted,
27549873,0568000,LOUISVILLE METRO POLICE DEPT,Accepted,JEFFERSON,US0031W,,DIXIE,HWY,,,ALANADALE,,,,,38.109316200,-85.865624742,8.764,12/9/2020 12:00:00 AM,1929,2,2,0,1,CLEAR,DRY,False,ANGLE COLLISION - OTHER,ANGLE,STRAIGHT & LEVEL,DARK-HWY LIGHTED/ON,,,12/10/2020 8:36:41 AM,False,7908,Accepted,
27549874,0568000,LOUISVILLE METRO POLICE DEPT,Accepted,JEFFERSON,KY1020,,2ND,ST,S,,LIBERTY,,,,,38.252763503,-85.753956750,12.579,12/9/2020 12:00:00 AM,2100,2,2,0,0,CLEAR,DRY,False,SIDESWIPE-SAME DIRECTION,SIDESWIPE-SAME DIRECTION,STRAIGHT & LEVEL,DARK-HWY LIGHTED/ON,,,12/10/2020 8:36:45 AM,False,5122,Accepted,
27549880,0568000,LOUISVILLE METRO POLICE DEPT,Accepted,JEFFERSON,US0031E,,BARDSTOWN,RD,,KY1065,SEATONVILLE,,,,,38.149942293,-85.587261186,5.560,12/9/2020 12:00:00 AM,2220,2,2,0,2,CLEAR,DRY,False,ANGLE COLLISION - ONE VEHICLE TURNING LEFT,ANGLE,STRAIGHT & LEVEL,DARK-HWY NOT LIGHTED,,,12/10/2020 8:37:08 AM,False,2775,Accepted,
27545435,0568000,LOUISVILLE METRO POLICE DEPT,Accepted,JEFFERSON,,9419,NORTON COMMONS,BLVD,,,,,,,,38.324701623,-85.566727726,0.321,12/9/2020 12:00:00 AM,0117,3,3,0,0,CLEAR,DRY,False,1 VEHICLE PARKED POSITION (NOT PARKING LOT/DRIVEWAY),REAR END,STRAIGHT & LEVEL,DARK-HWY LIGHTED/ON,,,12/9/2020 8:06:55 AM,False,7436,Accepted,
27554343,0568000,LOUISVILLE METRO POLICE DEPT,Accepted,JEFFERSON,KY0044,,STITES STATION RD CONN,,,US0031W,DIXIE,,,,,38.021487872,-85.917149572,0.020,12/9/2020 12:00:00 AM,1701,3,3,0,0,CLEAR,DRY,False,OTHER INTERSECTION COLLISIONS,REAR END,CURVE & LEVEL,DAYLIGHT,,,12/11/2020 8:08:09 AM,False,7634,Accepted,
27554346,0568000,LOUISVILLE METRO POLICE DEPT,Accepted,JEFFERSON,KY1020,1481,2ND,ST,S,,,,,,,38.226250135,-85.758551557,10.735,12/9/2020 12:00:00 AM,1249,2,2,0,0,CLEAR,DRY,False,1 VEHICLE PARKED POSITION (NOT PARKING LOT/DRIVEWAY),SIDESWIPE-SAME DIRECTION,STRAIGHT & LEVEL,DAYLIGHT,,,12/11/2020 8:08:28 AM,False,7619,Accepted,
27554341,0568000,LOUISVILLE METRO POLICE DEPT,Accepted,JEFFERSON,US0042,,BROWNSBORO,RD,,,MELLWOOD,,,,,38.260127398,-85.716857097,1.023,12/9/2020 12:00:00 AM,0718,2,2,0,1,CLEAR,DRY,False,ANGLE COLLISION - OTHER,ANGLE,STRAIGHT & LEVEL,DARK (UNKNOWN ROADWAY LIGHTING),,,12/11/2020 8:07:54 AM,False,5337,Accepted,
27554331,0568000,LOUISVILLE METRO POLICE DEPT,Accepted,JEFFERSON,,1100,DIXIE,HWY,,,HALE,,,,,38.238371915,-85.786348837,0.781,12/9/2020 12:00:00 AM,1815,2,2,0,0,CLEAR,DRY,False,COLLISION WITH PARKED VEHICLE,BACKING,STRAIGHT & LEVEL,DARK-HWY LIGHTED/ON,,,12/11/2020 8:07:16 AM,False,7923,Accepted,
27554333,0568000,LOUISVILLE METRO POLICE DEPT,Accepted,JEFFERSON,US0042,,BROWNSBORO,RD,,,CHENOWETH,,,,,38.265808956,-85.665866436,3.889,12/9/2020 12:00:00 AM,1420,2,2,0,0,CLEAR,DRY,False,OTHER INTERSECTION COLLISIONS,REAR END,STRAIGHT & LEVEL,DAYLIGHT,,,12/11/2020 8:07:22 AM,False,7632,Accepted,
27549879,0568000,LOUISVILLE METRO POLICE DEPT,Accepted,JEFFERSON,I 0264,,I264 W,,,,,,,,,38.226498629,-85.640357190,17.641,12/9/2020 12:00:00 AM,1438,3,3,0,1,CLEAR,DRY,True,REAR END IN TRAFFIC LANES BOTH VEHICLES MOVING,REAR END,STRAIGHT & LEVEL,DAYLIGHT,,,12/10/2020 8:37:04 AM,False,8278,Accepted,
27554372,0568000,LOUISVILLE METRO POLICE DEPT,Accepted,JEFFERSON,,,MUHAMMAD ALI,BLVD,W,,28TH,,,,,38.255581125,-85.797248352,2.452,12/9/2020 12:00:00 AM,1950,2,2,0,0,CLEAR,DRY,False,ANGLE COLLISION - OTHER,ANGLE,STRAIGHT & LEVEL,DARK-HWY LIGHTED/ON,,,12/11/2020 8:10:00 AM,False,5047,Accepted,
27568503,0568000,LOUISVILLE METRO POLICE DEPT,Accepted,JEFFERSON,US0031E,,BARDSTOWN,RD,,,WROCKLAGE,,,,,38.223853168,-85.689189309,13.387,12/9/2020 12:00:00 AM,0648,1,1,0,0,CLEAR,DRY,True,COLLISION WITH FIXED OBJECT IN INTERSECTION - FIRST EVENT COLLISION 09 - 32,SINGLE VEHICLE,STRAIGHT & LEVEL,DAWN,,,12/15/2020 10:48:48 AM,False,5250,Accepted,
27568221,0568000,LOUISVILLE METRO POLICE DEPT,Accepted,JEFFERSON,KY1934,,GREENBELT,HWY,,,RAGGARD,,,,,38.174573599,-85.871096058,6.621,12/9/2020 12:00:00 AM,1132,2,2,0,0,CLEAR,DRY,False,SIDESWIPE-SAME DIRECTION,SIDESWIPE-SAME DIRECTION,STRAIGHT & LEVEL,DAYLIGHT,,,12/15/2020 9:58:48 AM,False,7356,Accepted,
27588650,0568000,LOUISVILLE METRO POLICE DEPT,Accepted,JEFFERSON,,,SOUTHERN,PKWY,,,,,SUMMERS,,LONE OAK,38.172841015,-85.777245577,0.806,12/9/2020 12:00:00 AM,1534,2,2,0,0,CLOUDY,DRY,False,SIDESWIPE COLLISION - SAME DIRECTION,SIDESWIPE-SAME DIRECTION,STRAIGHT & LEVEL,DAYLIGHT,,,12/21/2020 8:39:23 AM,False,5296,Accepted,
27644757,0568000,LOUISVILLE METRO POLICE DEPT,Accepted,JEFFERSON,KY6162,,MINOR,LN,,KY6162,KY6162 TURN LANE,,,,,38.135927531,-85.712988409,0.244,12/9/2020 12:00:00 AM,1805,2,2,0,0,CLOUDY,DRY,True,SIDESWIPE-SAME DIRECTION,SIDESWIPE-SAME DIRECTION,CURVE & LEVEL,DARK-HWY LIGHTED/ON,,,1/7/2021 11:18:00 AM,False,2583,Accepted,
27708924,0568000,LOUISVILLE METRO POLICE DEPT,Accepted,JEFFERSON,KY0864,,POPLAR LEVEL,RD,,,SELINDA,,,,,38.188379773,-85.702525797,10.762,12/8/2020 12:00:00 AM,1907,2,2,0,1,CLEAR,DRY,False,OTHER INTERSECTION COLLISIONS,REAR END,STRAIGHT & LEVEL,DARK-HWY LIGHTED/ON,,,1/25/2021 10:07:01 AM,False,5165,Accepted,
27658100,0568000,LOUISVILLE METRO POLICE DEPT,Accepted,JEFFERSON,US0031E,,BARDSTOWN,RD,,,,KY1932,BRECKENRIDGE,,CREWS,38.180395249,-85.625209247,8.592,12/8/2020 12:00:00 AM,1742,3,1,0,0,CLEAR,DRY,False,REAR END IN TRAFFIC LANES BOTH VEHICLES MOVING,REAR END,STRAIGHT & LEVEL,DUSK,,,1/11/2021 11:15:27 AM,False,7294,Accepted,
27562906,0568000,LOUISVILLE METRO POLICE DEPT,Accepted,JEFFERSON,,,7TH,ST,S,,INDUSTRY,,,,,38.221177806,-85.775780108,0.113,12/8/2020 12:00:00 AM,1355,2,2,0,0,CLEAR,DRY,False,SIDESWIPE-SAME DIRECTION,SIDESWIPE-SAME DIRECTION,STRAIGHT & LEVEL,DAYLIGHT,,,12/14/2020 8:53:18 AM,False,7991,Accepted,
27545425,0568000,LOUISVILLE METRO POLICE DEPT,Accepted,JEFFERSON,,2629,GARLAND,AVE,,,,,,,,38.244813858,-85.797387123,1.627,12/8/2020 12:00:00 AM,0928,2,2,0,0,CLOUDY,DRY,True,REAR END IN TRAFFIC LANES BOTH VEHICLES MOVING,REAR END,STRAIGHT & LEVEL,DAYLIGHT,,,12/9/2020 8:06:03 AM,False,5282,Accepted,
27545432,0568000,LOUISVILLE METRO POLICE DEPT,Accepted,JEFFERSON,US0031W,,DIXIE,HWY,,,PAGES,,,,,38.130004737,-85.847991895,10.486,12/8/2020 12:00:00 AM,2018,2,2,0,0,CLEAR,DRY,False,OTHER INTERSECTION COLLISIONS,REAR END,STRAIGHT & LEVEL,DARK-HWY LIGHTED/ON,,,12/9/2020 8:06:47 AM,False,5048,Accepted,
27545427,0568000,LOUISVILLE METRO POLICE DEPT,Accepted,JEFFERSON,,,28TH,ST,S,,CHESTNUT,,,,,38.253344932,-85.797612277,0.534,12/8/2020 12:00:00 AM,1350,2,2,0,3,CLOUDY,DRY,False,ANGLE COLLISION - OTHER,ANGLE,STRAIGHT & LEVEL,DAYLIGHT,,,12/9/2020 8:06:19 AM,False,5332,Accepted,
27554377,0568000,LOUISVILLE METRO POLICE DEPT,Accepted,JEFFERSON,KY0146,,LA GRANGE,RD,,,STANLEY GAULT,,,,,38.277732680,-85.518150507,6.724,12/8/2020 12:00:00 AM,1756,2,2,0,0,CLOUDY,DRY,False,HEAD-ON COLLISION,HEAD ON,STRAIGHT & LEVEL,DARK-HWY LIGHTED/ON,,,12/11/2020 8:10:25 AM,False,7337,Accepted,
27562899,0568000,LOUISVILLE METRO POLICE DEPT,Accepted,JEFFERSON,KY1865,,NEW CUT,RD,,KY0907,3RD ST,,,,,38.145896078,-85.775263942,2.674,12/8/2020 12:00:00 AM,1111,2,2,0,0,CLEAR,DRY,False,ANGLE COLLISION - OTHER,ANGLE,STRAIGHT & LEVEL,DAYLIGHT,,,12/14/2020 8:52:52 AM,False,7139,Accepted,
27562882,0568000,LOUISVILLE METRO POLICE DEPT,Accepted,JEFFERSON,,2323,BURNETT,AVE,W,,,,,,,38.231472835,-85.795147702,1.029,12/8/2020 12:00:00 AM,2245,3,3,0,0,CLEAR,DRY,True,1 VEHICLE PARKED POSITION (NOT PARKING LOT/DRIVEWAY),HEAD ON,STRAIGHT & LEVEL,DARK-HWY LIGHTED/ON,,,12/14/2020 8:51:43 AM,False,5039,Accepted,
27540950,0568000,LOUISVILLE METRO POLICE DEPT,Accepted,JEFFERSON,,,FLOWERVALE,LN,,,,,LEWIS,,WINDING STREAM,38.083507115,-85.875457205,0.273,12/8/2020 12:00:00 AM,0308,2,2,0,1,CLEAR,DRY,True,HEAD-ON COLLISION,HEAD ON,CURVE & HILLCREST,DARK-HWY NOT LIGHTED,,,12/8/2020 8:08:06 AM,True,2021,Accepted,
27545417,0568000,LOUISVILLE METRO POLICE DEPT,Accepted,JEFFERSON,US0150,,BROADWAY,,W,,12TH ST CONN,,,,,38.247659451,-85.771614024,1.654,12/8/2020 12:00:00 AM,0737,2,2,0,2,CLEAR,DRY,False,SIDESWIPE-SAME DIRECTION,SIDESWIPE-SAME DIRECTION,STRAIGHT & LEVEL,DAWN,,,12/9/2020 8:05:07 AM,False,5124,Accepted,
27545428,0568000,LOUISVILLE METRO POLICE DEPT,Accepted,JEFFERSON,I 0265,,I265 E,,,,,,,,,38.120455428,-85.630683403,14.265,12/8/2020 12:00:00 AM,1734,1,1,0,1,CLOUDY,DRY,False,RAN OFF ROADWAY (1 VEHICLE WITH/EARTH EMBANKMENT/DITCH),SINGLE VEHICLE,STRAIGHT & LEVEL,DAYLIGHT,,,12/9/2020 8:06:25 AM,False,7698,Accepted,
27545429,0568000,LOUISVILLE METRO POLICE DEPT,Accepted,JEFFERSON,KY0061,,PRESTON,ST,S,,CALDWELL,,,,,38.239288467,-85.748567106,11.835,12/8/2020 12:00:00 AM,0624,2,2,0,2,CLOUDY,DRY,False,ANGLE COLLISION - OTHER,ANGLE,STRAIGHT & LEVEL,DARK-HWY LIGHTED/ON,,,12/9/2020 8:06:30 AM,False,2745,Accepted,
27541818,0561500,UNIV. OF LOUISVILLE POLICE,Accepted,JEFFERSON,,416,CHESTNUT,ST,E,,,,,,,38.247464362,-85.744177338,0.480,12/8/2020 12:00:00 AM,0830,2,2,0,0,CLOUDY,DRY,False,1 VEHICLE PARKED POSITION (NOT PARKING LOT/DRIVEWAY),ANGLE,CURVE & GRADE,DAYLIGHT,,,12/8/2020 11:23:25 AM,False,5704,Accepted,