IncidentID,AgencyORI,AgencyName,IncidentStatusDesc,County,RdwyNumber,Street,RoadwayName,StreetSfx,StreetDir,IntersectionRdwy,IntersectionRdwyName,BetweenStRdwy1,BetweenStRdwyName1,BetweenStRdwy2,BetweenStRdwyName2,Latitude,Longitude,Milepoint,CollisionDate,CollisionTime,UnitsInvolved,MotorVehiclesInvolved,NumberKilled,NumberInjured,Weather,RdwyConditionCode,HitandRun,DirAnalysisCode,MannerofCollision,RdwyCharacter,LightCondition,RampFromRdwyId,RampToRdwyId,AcceptedDate,IsSecondaryCollision,OwnerBadge,IncidentStatus,
27545445,0568000,LOUISVILLE METRO POLICE DEPT,Accepted,JEFFERSON,KY0155,,TAYLORSVILLE,RD,,,YORKSHIRE,,,,,38.220017204,-85.627289507,13.405,12/8/2020 12:00:00 AM,2200,2,2,0,0,CLEAR,DRY,False,SIDESWIPE-SAME DIRECTION,SIDESWIPE-SAME DIRECTION,STRAIGHT & LEVEL,DARK-HWY LIGHTED/ON,,,12/9/2020 8:07:26 AM,False,5301,Accepted,
27545451,0568000,LOUISVILLE METRO POLICE DEPT,Accepted,JEFFERSON,KY0061,6108,PRESTON,HWY,,,,,,,,38.160897766,-85.699396282,5.510,12/8/2020 12:00:00 AM,2000,1,1,0,0,CLOUDY,DRY,False,COLLISION WITH FIXED OBJECT NON - INTERSECTION - FIRST EVENT COLLISION 09 - 32 EXCLUDING 16,SINGLE VEHICLE,STRAIGHT & GRADE,DARK-HWY LIGHTED/ON,,,12/9/2020 8:07:51 AM,False,5130,Accepted,
27549878,0568000,LOUISVILLE METRO POLICE DEPT,Accepted,JEFFERSON,I 0064,,,,,,,,,,,38.223194486,-85.578684946,0.420,12/8/2020 12:00:00 AM,1628,3,3,0,2,CLEAR,DRY,False,OTHER RAMP RELATED COLLISIONS NOT LISTED ABOVE,REAR END,STRAIGHT & LEVEL,DUSK,I 0064,KY1747,12/10/2020 8:37:00 AM,False,8278,Accepted,
27575608,0568000,LOUISVILLE METRO POLICE DEPT,Accepted,JEFFERSON,I 0265,,I265 E,,,,,,,,,38.197455865,-85.507876327,23.730,12/8/2020 12:00:00 AM,0040,1,1,0,1,CLEAR,DRY,False,COLLISION WITH FIXED OBJECT NON - INTERSECTION - FIRST EVENT COLLISION 09 - 32 EXCLUDING 16,SINGLE VEHICLE,STRAIGHT & LEVEL,DARK-HWY LIGHTED/ON,,,12/17/2020 9:18:00 AM,False,5289,Accepted,
27545447,0568000,LOUISVILLE METRO POLICE DEPT,Accepted,JEFFERSON,,3108,HENDON,RD,,,,,,,,38.217522654,-85.646492299,0.286,12/8/2020 12:00:00 AM,2226,2,2,0,0,CLEAR,DRY,True,COLLISION IN PARKING LOT,SIDESWIPE-OPPOSITE DIRECTION,STRAIGHT & LEVEL,DARK-HWY LIGHTED/OFF,,,12/9/2020 8:07:37 AM,False,5146,Accepted,
27545422,0568000,LOUISVILLE METRO POLICE DEPT,Accepted,JEFFERSON,KY0061,,PRESTON,HWY,,KY6299,COMMERCE CROSSINGS,,,,,38.103550747,-85.672501252,1.400,12/8/2020 12:00:00 AM,1255,3,3,0,4,CLOUDY,DRY,False,ANGLE COLLISION - OTHER,ANGLE,STRAIGHT & LEVEL,DAYLIGHT,,,12/9/2020 8:05:43 AM,False,4693,Accepted,
27545416,0568000,LOUISVILLE METRO POLICE DEPT,Accepted,JEFFERSON,US0060A,,EASTERN,PKWY,,,BARRET,,,,,38.226515913,-85.720431320,6.105,12/7/2020 12:00:00 AM,1643,2,2,0,0,CLEAR,DRY,False,ANGLE COLLISION - OTHER,ANGLE,STRAIGHT & LEVEL,DAYLIGHT,,,12/9/2020 8:04:58 AM,False,7129,Accepted,
27540946,0568000,LOUISVILLE METRO POLICE DEPT,Accepted,JEFFERSON,,,OLD NORTH CHURCH,RD,,,OLD TOWNE,,,,,38.146417139,-85.765632536,,12/7/2020 12:00:00 AM,1900,2,2,0,0,CLEAR,DRY,False,ANGLE COLLISION - OTHER,ANGLE,STRAIGHT & LEVEL,DARK-HWY LIGHTED/ON,,,12/8/2020 8:07:49 AM,False,7266,Accepted,
27540935,0568000,LOUISVILLE METRO POLICE DEPT,Accepted,JEFFERSON,,,1ST,ST,S,,ST CATHERINE,,,,,38.236876028,-85.754927959,1.337,12/7/2020 12:00:00 AM,1648,3,3,0,0,CLEAR,DRY,True,ANGLE COLLISION - ONE VEHICLE TURNING LEFT,ANGLE,STRAIGHT & LEVEL,DAYLIGHT,,,12/8/2020 8:07:13 AM,False,7433,Accepted,
27540943,0568000,LOUISVILLE METRO POLICE DEPT,Accepted,JEFFERSON,KY1934,,GREENBELT,HWY,,,,,,,,38.176138425,-85.867795160,6.831,12/7/2020 12:00:00 AM,1710,3,3,0,1,CLOUDY,DRY,False,OTHER ROADWAY OR MID-BLOCK COLLISION,REAR END,CURVE & LEVEL,DARK-HWY NOT LIGHTED,,,12/8/2020 8:07:44 AM,False,7234,Accepted,
27537361,0568000,LOUISVILLE METRO POLICE DEPT,Accepted,JEFFERSON,,,7TH,ST,S,,,,,,,38.219773717,-85.777880886,0.021,12/7/2020 12:00:00 AM,0638,2,2,0,1,CLEAR,DRY,False,SIDESWIPE COLLISION - SAME DIRECTION,SIDESWIPE-SAME DIRECTION,STRAIGHT & LEVEL,DARK-HWY LIGHTED/ON,,,12/7/2020 10:42:08 AM,False,5292,Accepted,
27537349,0568000,LOUISVILLE METRO POLICE DEPT,Accepted,JEFFERSON,,1822,PAYNE,ST,,,,,,,,38.252401267,-85.714493793,1.008,12/7/2020 12:00:00 AM,0018,1,1,0,0,CLEAR,DRY,False,COLLISION WITH FIXED OBJECT NON - INTERSECTION - FIRST EVENT COLLISION 09 - 32 EXCLUDING 16,SINGLE VEHICLE,CURVE & LEVEL,DARK-HWY LIGHTED/ON,,,12/7/2020 10:41:12 AM,False,5029,Accepted,
27549858,0568000,LOUISVILLE METRO POLICE DEPT,Accepted,JEFFERSON,KY1865,,TAYLOR,BLVD,,,BLUEGRASS,,,,,38.179616993,-85.783256824,5.029,12/7/2020 12:00:00 AM,2302,2,2,0,1,CLEAR,DRY,False,ANGLE COLLISION - OTHER,ANGLE,STRAIGHT & LEVEL,DARK-HWY LIGHTED/ON,,,12/10/2020 8:35:38 AM,False,7040,Accepted,
27540941,0568000,LOUISVILLE METRO POLICE DEPT,Accepted,JEFFERSON,KY1865,,TAYLOR,BLVD,,,BERRY,,,,,38.196278662,-85.782980582,6.190,12/7/2020 12:00:00 AM,1736,2,2,0,1,CLOUDY,DRY,False,OTHER INTERSECTION COLLISIONS,REAR END,STRAIGHT & LEVEL,DARK-HWY LIGHTED/ON,,,12/8/2020 8:07:35 AM,False,7204,Accepted,
27540942,0568000,LOUISVILLE METRO POLICE DEPT,Accepted,JEFFERSON,I 0265,,,,,,,,,,,38.309060770,-85.572985262,0.222,12/7/2020 12:00:00 AM,1730,2,2,0,0,CLOUDY,DRY,False,OTHER RAMP RELATED COLLISIONS NOT LISTED ABOVE,REAR END,CURVE & GRADE,DARK-HWY LIGHTED/ON,I 0265,KY0022,12/8/2020 8:07:40 AM,False,7661,Accepted,
27540949,0568000,LOUISVILLE METRO POLICE DEPT,Accepted,JEFFERSON,KY0841,,GENE SNYDER,FWY,,,,KY0841,KY841 RAMP TO  STONESTREET RD,KY2055,MANSLICK,38.118741423,-85.784681883,5.629,12/7/2020 12:00:00 AM,2126,1,1,0,0,CLEAR,DRY,False,OTHER ROADWAY OR MID-BLOCK COLLISION,SINGLE VEHICLE,STRAIGHT & LEVEL,DARK-HWY LIGHTED/ON,,,12/8/2020 8:08:02 AM,False,5220,Accepted,
27545421,0568000,LOUISVILLE METRO POLICE DEPT,Accepted,JEFFERSON,,,MARKET,ST,W,,28TH,,,,,38.259937698,-85.796559357,0.540,12/7/2020 12:00:00 AM,1700,2,2,0,1,CLOUDY,DRY,True,ANGLE COLLISION - ONE VEHICLE TURNING LEFT,ANGLE,STRAIGHT & LEVEL,DAYLIGHT,,,12/9/2020 8:05:36 AM,False,2403,Accepted,
27540948,0568000,LOUISVILLE METRO POLICE DEPT,Accepted,JEFFERSON,,6810,MOORHAVEN,DR,,,,,,,,38.148483169,-85.638973089,0.380,12/7/2020 12:00:00 AM,2255,2,2,0,0,CLEAR,DRY,False,1 VEHICLE PARKED POSITION (NOT PARKING LOT/DRIVEWAY),REAR END,STRAIGHT & LEVEL,DARK-HWY LIGHTED/ON,,,12/8/2020 8:07:57 AM,False,5116,Accepted,
27562893,0568000,LOUISVILLE METRO POLICE DEPT,Accepted,JEFFERSON,,,MAGAZINE,ST,,US0031W,DR W J HODGE,,,,,38.250726823,-85.786257055,1.046,12/7/2020 12:00:00 AM,1600,2,2,0,1,CLOUDY,DRY,True,ANGLE COLLISION - OTHER,ANGLE,STRAIGHT & LEVEL,DAYLIGHT,,,12/14/2020 8:52:21 AM,False,5332,Accepted,
27537354,0568000,LOUISVILLE METRO POLICE DEPT,Accepted,JEFFERSON,,,ROWAN,ST,,,,,,,,38.259853654,-85.773377432,0.269,12/7/2020 12:00:00 AM,0322,1,1,0,2,CLEAR,DRY,False,OTHER ROADWAY OR MID-BLOCK COLLISION,SINGLE VEHICLE,STRAIGHT & LEVEL,DARK-HWY LIGHTED/ON,,,12/7/2020 10:41:47 AM,False,5008,Accepted,
27540924,0568000,LOUISVILLE METRO POLICE DEPT,Accepted,JEFFERSON,KY1020,,2ND,ST,S,,KENTUCKY,,,,,38.238566584,-85.756327094,11.595,12/7/2020 12:00:00 AM,1124,2,2,0,0,CLOUDY,DRY,False,ANGLE COLLISION - OTHER,ANGLE,STRAIGHT & LEVEL,DAYLIGHT,,,12/8/2020 8:06:33 AM,False,5111,Accepted,
27540925,0568000,LOUISVILLE METRO POLICE DEPT,Accepted,JEFFERSON,KY1065,,OUTER,LOOP,,,,,,,,38.138160815,-85.677795537,6.548,12/7/2020 12:00:00 AM,1243,2,2,0,0,CLOUDY,DRY,False,OTHER ROADWAY OR MID-BLOCK COLLISION,OPPOSING LEFT TURN,STRAIGHT & LEVEL,DAYLIGHT,,,12/8/2020 8:06:38 AM,False,4693,Accepted,
27540931,0568000,LOUISVILLE METRO POLICE DEPT,Accepted,JEFFERSON,KY0061,,JACKSON,ST,S,,ST CATHERINE,,,,,38.235347906,-85.747313718,11.614,12/7/2020 12:00:00 AM,0904,2,2,0,1,CLEAR,DRY,False,ANGLE COLLISION - OTHER,ANGLE,STRAIGHT & LEVEL,DAYLIGHT,,,12/8/2020 8:07:03 AM,False,7418,Accepted,
27540938,0568000,LOUISVILLE METRO POLICE DEPT,Accepted,JEFFERSON,KY1747,,FERN VALLEY,RD,,,,,HOLIDAY TOWERS,I 0065,I65 N EXIT128 ON RAMP FROM KY1631 W,38.157368737,-85.714610528,0.963,12/7/2020 12:00:00 AM,1443,3,3,0,0,CLEAR,DRY,True,REAR END IN TRAFFIC LANES BOTH VEHICLES MOVING,REAR END,STRAIGHT & GRADE,DAYLIGHT,,,12/8/2020 8:07:18 AM,False,7669,Accepted,
27540939,0568000,LOUISVILLE METRO POLICE DEPT,Accepted,JEFFERSON,KY1703,,NEWBURG,RD,,,BISHOP,,,,,38.200910654,-85.686028679,2.106,12/7/2020 12:00:00 AM,1517,1,1,0,1,CLEAR,DRY,False,COLLISION WITH FIXED OBJECT IN INTERSECTION - FIRST EVENT COLLISION 09 - 32,SINGLE VEHICLE,STRAIGHT & LEVEL,DAYLIGHT,,,12/8/2020 8:07:25 AM,False,7319,Accepted,
27644525,0568000,LOUISVILLE METRO POLICE DEPT,Accepted,JEFFERSON,,4800,BUECHEL BANK,RD,,,,,,,,38.178068574,-85.648807863,0.988,12/7/2020 12:00:00 AM,0554,2,1,0,1,CLEAR,DRY,False,COLLISION WITH PEDESTRIAN NON - INTERSECTION,SINGLE VEHICLE,STRAIGHT & LEVEL,DARK-HWY LIGHTED/ON,,,1/7/2021 10:08:44 AM,False,7864,Accepted,
27537315,0568000,LOUISVILLE METRO POLICE DEPT,Accepted,JEFFERSON,,,26TH,ST,S,,KENTUCKY,,,,,38.243334186,-85.795586356,1.205,12/6/2020 12:00:00 AM,1528,1,1,0,0,CLEAR,DRY,False,COLLISION WITH FIXED OBJECT IN INTERSECTION - FIRST EVENT COLLISION 09 - 32,SINGLE VEHICLE,STRAIGHT & LEVEL,DAYLIGHT,,,12/7/2020 10:39:01 AM,False,7387,Accepted,
27537348,0568000,LOUISVILLE METRO POLICE DEPT,Accepted,JEFFERSON,US0031W,5107,DIXIE,HWY,,,,,,,,38.168113307,-85.828640270,13.249,12/6/2020 12:00:00 AM,1655,2,2,0,0,CLEAR,DRY,False,OTHER ROADWAY OR MID-BLOCK COLLISION,REAR TO REAR,STRAIGHT & LEVEL,DAYLIGHT,,,12/7/2020 10:41:06 AM,False,7483,Accepted,
27537357,0568000,LOUISVILLE METRO POLICE DEPT,Accepted,JEFFERSON,,11104,ALBION,DR,,,,,,,,38.093678300,-85.867057694,0.235,12/6/2020 12:00:00 AM,2120,2,2,0,0,CLEAR,DRY,False,1 VEHICLE PARKED POSITION (NOT PARKING LOT/DRIVEWAY),SIDESWIPE-SAME DIRECTION,CURVE & LEVEL,DARK-HWY LIGHTED/OFF,,,12/7/2020 10:42:00 AM,False,7321,Accepted,
27537304,0568000,LOUISVILLE METRO POLICE DEPT,Accepted,JEFFERSON,,3807,KLONDIKE,LN,,,,,VOGUE,,EXPLORER,38.207517136,-85.637150822,0.668,12/6/2020 12:00:00 AM,1206,1,1,0,0,CLEAR,DRY,False,COLLISION IN PARKING LOT,SINGLE VEHICLE,STRAIGHT & LEVEL,DAYLIGHT,,,12/7/2020 10:38:27 AM,False,5247,Accepted,
27537306,0568000,LOUISVILLE METRO POLICE DEPT,Accepted,JEFFERSON,,5620,3RD,ST,S,,,,,,,38.168406149,-85.768600103,2.103,12/6/2020 12:00:00 AM,1500,2,2,0,0,CLEAR,DRY,False,COLLISION IN PARKING LOT,REAR END,STRAIGHT & LEVEL,DAYLIGHT,,,12/7/2020 10:38:31 AM,False,7424,Accepted,
27537288,0568000,LOUISVILLE METRO POLICE DEPT,Accepted,JEFFERSON,,,DIXIE,HWY,,,DATE,,,,,38.243183244,-85.784474535,0.420,12/6/2020 12:00:00 AM,0246,2,2,0,1,CLEAR,DRY,True,OTHER INTERSECTION COLLISIONS,REAR END,STRAIGHT & LEVEL,DARK-HWY LIGHTED/ON,,,12/7/2020 10:37:45 AM,False,5229,Accepted,
27537320,0568000,LOUISVILLE METRO POLICE DEPT,Accepted,JEFFERSON,KY1932,,BRECKENRIDGE,LN,,,CHURCHILL PARK,,,,,38.214692938,-85.627412344,2.437,12/6/2020 12:00:00 AM,1837,2,2,0,0,CLEAR,DRY,False,ANGLE COLLISION - OTHER,ANGLE,STRAIGHT & LEVEL,DUSK,,,12/7/2020 10:39:09 AM,False,5247,Accepted,
27537322,0568000,LOUISVILLE METRO POLICE DEPT,Accepted,JEFFERSON,,,WINTER,AVE,,,,,RUBEL,,EDWARD,38.236722434,-85.725704613,0.165,12/6/2020 12:00:00 AM,1826,3,3,0,1,CLOUDY,DRY,False,1 VEHICLE PARKED POSITION (NOT PARKING LOT/DRIVEWAY),SIDESWIPE-SAME DIRECTION,STRAIGHT & LEVEL,DARK-HWY LIGHTED/ON,,,12/7/2020 10:39:13 AM,False,7900,Accepted,
27537345,0568000,LOUISVILLE METRO POLICE DEPT,Accepted,JEFFERSON,KY1065,,OUTER,LOOP,,KY0061,PRESTON,,,,,38.138463537,-85.686506212,6.064,12/6/2020 12:00:00 AM,1821,2,2,0,1,CLEAR,DRY,False,ANGLE COLLISION - OTHER,ANGLE,STRAIGHT & LEVEL,DAYLIGHT,,,12/7/2020 10:40:48 AM,False,5270,Accepted,
27537347,0568000,LOUISVILLE METRO POLICE DEPT,Accepted,JEFFERSON,,,15TH,ST,N,,ROWAN,,,,,38.260007703,-85.774509366,0.092,12/6/2020 12:00:00 AM,0556,2,2,0,0,CLEAR,DRY,True,ANGLE COLLISION - OTHER,ANGLE,STRAIGHT & LEVEL,DARK-HWY LIGHTED/ON,,,12/7/2020 10:40:54 AM,False,5047,Accepted,
27535501,0561000,JEFFERSONTOWN POLICE DEPT,Accepted,JEFFERSON,,,KIRBY,LN,,,STONY BROOK,,,,,38.187994740,-85.595037170,0.002,12/6/2020 12:00:00 AM,1641,2,2,0,0,CLOUDY,DRY,False,OPPOSITE DIRECTION - BOTH VEHICLES GOING STRAIGHT AHEAD,SIDESWIPE-OPPOSITE DIRECTION,CURVE & GRADE,DAYLIGHT,,,12/6/2020 11:01:32 PM,False,8313,Accepted,
27537279,0568000,LOUISVILLE METRO POLICE DEPT,Accepted,JEFFERSON,,,MUHAMMAD ALI,BLVD,W,US0031W,DR W J HODGE,,,,,38.254226002,-85.785349116,1.803,12/6/2020 12:00:00 AM,0200,2,2,0,0,CLEAR,DRY,False,COLLISION WITH PARKED VEHICLE,REAR END,STRAIGHT & LEVEL,OTHER,,,12/7/2020 10:37:12 AM,False,7173,Accepted,
27537350,0568000,LOUISVILLE METRO POLICE DEPT,Accepted,JEFFERSON,,,GARLAND,AVE,,,,,,,,38.244639339,-85.795450910,1.521,12/6/2020 12:00:00 AM,2330,2,2,0,0,CLEAR,DRY,True,SIDESWIPE COLLISION - SAME DIRECTION,SIDESWIPE-SAME DIRECTION,STRAIGHT & LEVEL,DARK-HWY LIGHTED/ON,,,12/7/2020 10:41:22 AM,False,5216,Accepted,
27537308,0568000,LOUISVILLE METRO POLICE DEPT,Accepted,JEFFERSON,,,RODMAN,ST,,,IOWA,,,,,38.208268630,-85.770083296,0.176,12/6/2020 12:00:00 AM,1520,2,2,0,0,CLOUDY,DRY,True,ANGLE COLLISION - OTHER,ANGLE,STRAIGHT & LEVEL,DAYLIGHT,,,12/7/2020 10:38:38 AM,False,2499,Accepted,
27537310,0568000,LOUISVILLE METRO POLICE DEPT,Accepted,JEFFERSON,,,ORMSBY,AVE,E,,,KY0061,JACKSON,,HANCOCK,38.230618115,-85.746437469,0.517,12/6/2020 12:00:00 AM,1354,4,4,0,0,CLEAR,DRY,True,HEAD-ON COLLISION,HEAD ON,STRAIGHT & LEVEL,DAYLIGHT,,,12/7/2020 10:38:47 AM,False,5120,Accepted,
27537318,0568000,LOUISVILLE METRO POLICE DEPT,Accepted,JEFFERSON,,,CHAMBERLAIN,LN,,,CHAMBERLAIN,,,,,38.303002160,-85.552717475,2.840,12/6/2020 12:00:00 AM,1800,2,2,0,0,CLEAR,DRY,True,ANGLE COLLISION - OTHER,ANGLE,,DARK-HWY LIGHTED/ON,,,12/7/2020 10:39:05 AM,False,7631,Accepted,
27537343,0568000,LOUISVILLE METRO POLICE DEPT,Accepted,JEFFERSON,,,WAKEFIELD,TRCE,,,,,WAKEFIELD,,OLDWOOD,38.244163965,-85.489940746,0.061,12/6/2020 12:00:00 AM,1842,2,1,0,1,CLEAR,DRY,False,COLLISION WITH PEDESTRIAN NON - INTERSECTION,SINGLE VEHICLE,STRAIGHT & HILLCREST,DARK-HWY LIGHTED/ON,,,12/7/2020 10:40:40 AM,False,2109,Accepted,
27537353,0568000,LOUISVILLE METRO POLICE DEPT,Accepted,JEFFERSON,KY0061,,PRESTON,HWY,,,FOREST,,,,,38.161438104,-85.699563903,5.705,12/6/2020 12:00:00 AM,2301,2,2,0,0,CLEAR,DRY,False,OTHER INTERSECTION COLLISIONS,REAR END,STRAIGHT & LEVEL,DARK (UNKNOWN ROADWAY LIGHTING),,,12/7/2020 10:41:42 AM,False,5286,Accepted,
27537311,0568000,LOUISVILLE METRO POLICE DEPT,Accepted,JEFFERSON,US0031W,,DIXIE,HWY,,,ALLSTON,,,,,38.220112822,-85.793812219,17.416,12/6/2020 12:00:00 AM,1639,2,2,0,0,CLEAR,DRY,True,SIDESWIPE-SAME DIRECTION,SIDESWIPE-SAME DIRECTION,STRAIGHT & LEVEL,DUSK,,,12/7/2020 10:38:51 AM,False,5032,Accepted,
27537344,0568000,LOUISVILLE METRO POLICE DEPT,Accepted,JEFFERSON,KY1931,,ST ANDREWS CHURCH,RD,,,ALAMETER,,,,,38.148733225,-85.825933528,4.003,12/6/2020 12:00:00 AM,1735,2,2,0,1,CLEAR,DRY,False,OPPOSING LEFT TURN,OPPOSING LEFT TURN,STRAIGHT & LEVEL,DARK (UNKNOWN ROADWAY LIGHTING),,,12/7/2020 10:40:44 AM,False,7485,Accepted,
27537300,0568000,LOUISVILLE METRO POLICE DEPT,Accepted,JEFFERSON,KY1020,,NATIONAL,TPKE,,,FAIRDALE,,,,,38.112593564,-85.747700181,2.668,12/6/2020 12:00:00 AM,1210,2,2,0,0,CLEAR,DRY,False,ANGLE COLLISION - OTHER,ANGLE,STRAIGHT & LEVEL,DAYLIGHT,,,12/7/2020 10:38:13 AM,False,7252,Accepted,
27549860,0568000,LOUISVILLE METRO POLICE DEPT,Accepted,JEFFERSON,KY1230,,LOWER RIVER,RD,,,MOORMAN,,,,,38.096400927,-85.893169571,2.449,12/6/2020 12:00:00 AM,1638,3,3,0,4,CLEAR,DRY,False,ANGLE COLLISION - OTHER,ANGLE,STRAIGHT & LEVEL,DAYLIGHT,,,12/10/2020 8:35:47 AM,False,7634,Accepted,
27537366,0568000,LOUISVILLE METRO POLICE DEPT,Accepted,JEFFERSON,,,CECIL,AVE,,,GREENWOOD,,,,,38.244200109,-85.821104304,1.096,12/6/2020 12:00:00 AM,0044,3,3,0,2,CLOUDY,DRY,False,OPPOSING LEFT TURN,OPPOSING LEFT TURN,STRAIGHT & LEVEL,DARK (UNKNOWN ROADWAY LIGHTING),,,12/7/2020 10:42:22 AM,False,7772,Accepted,
27554296,KSP0400,KY STATE POLICE POST 04,Accepted,JEFFERSON,US0031E,3290,BARDSTOWN,RD,,,GOLDSMITH,,,,,38.208338742,-85.669069293,11.773,12/6/2020 12:00:00 AM,0100,2,2,0,0,CLEAR,DRY,True,COLLISION IN PARKING LOT,ANGLE,STRAIGHT & LEVEL,DARK (UNKNOWN ROADWAY LIGHTING),,,12/11/2020 7:56:48 AM,False,521,Accepted,
27537352,0568000,LOUISVILLE METRO POLICE DEPT,Accepted,JEFFERSON,I 0264,,I264 W,,,,,,,,,38.201968665,-85.689514707,14.479,12/5/2020 12:00:00 AM,1844,2,2,0,0,CLEAR,DRY,False,SIDESWIPE COLLISION - SAME DIRECTION,SIDESWIPE-SAME DIRECTION,STRAIGHT & LEVEL,DARK-HWY LIGHTED/ON,,,12/7/2020 10:41:38 AM,False,5104,Accepted,
27549861,0568000,LOUISVILLE METRO POLICE DEPT,Accepted,JEFFERSON,US0031W,,DIXIE,HWY,,,JOHNSONTOWN,,,,,38.121171259,-85.855725353,9.746,12/5/2020 12:00:00 AM,1636,2,2,0,4,CLEAR,DRY,False,ANGLE COLLISION - OTHER,ANGLE,STRAIGHT & LEVEL,DAYLIGHT,,,12/10/2020 8:35:51 AM,False,6877,Accepted,
27543317,0560400,SHIVELY POLICE DEPARTMENT,Accepted,JEFFERSON,,,GAGEL,AVE,,,,,ATTERBERRY,,MCDEANE,38.173303389,-85.817644269,0.276,12/5/2020 12:00:00 AM,0822,1,1,0,0,CLEAR,DRY,False,COLLISION WITH FIXED OBJECT NON - INTERSECTION - FIRST EVENT COLLISION 09 - 32 EXCLUDING 16,SINGLE VEHICLE,STRAIGHT & LEVEL,DAYLIGHT,,,12/8/2020 5:37:14 PM,False,7105,Accepted,
27537301,0568000,LOUISVILLE METRO POLICE DEPT,Accepted,JEFFERSON,KY1065,,BEULAH CHURCH,RD,,,,,SPRUCEDALE,KY1065,KY1065 TURN LANE,38.147391591,-85.594590442,11.411,12/5/2020 12:00:00 AM,1825,3,3,0,0,CLEAR,DRY,False,REAR END IN TRAFFIC LANES BOTH VEHICLES MOVING,REAR END,STRAIGHT & LEVEL,DARK-HWY NOT LIGHTED,,,12/7/2020 10:38:17 AM,False,6878,Accepted,
27537274,0568000,LOUISVILLE METRO POLICE DEPT,Accepted,JEFFERSON,,4200B,BANK,ST,,,,,,,,38.271738727,-85.813931700,0.190,12/5/2020 12:00:00 AM,2218,2,2,0,0,CLEAR,DRY,False,1 VEHICLE PARKED POSITION (NOT PARKING LOT/DRIVEWAY),REAR END,CURVE & LEVEL,DARK-HWY LIGHTED/OFF,,,12/7/2020 10:36:46 AM,False,7343,Accepted,
27537275,0568000,LOUISVILLE METRO POLICE DEPT,Accepted,JEFFERSON,KY1865,,NEW CUT,RD,,KY0907,3RD ST,,,,,38.145752612,-85.775309468,2.673,12/5/2020 12:00:00 AM,2226,2,2,0,1,CLEAR,DRY,False,OTHER INTERSECTION COLLISIONS,REAR END,STRAIGHT & LEVEL,DARK-HWY LIGHTED/ON,,,12/7/2020 10:36:50 AM,False,7362,Accepted,
27537276,0568000,LOUISVILLE METRO POLICE DEPT,Accepted,JEFFERSON,,,PAGES,LN,E,,STANDING OAK,,,,,38.129822745,-85.846812382,0.060,12/5/2020 12:00:00 AM,2005,4,4,0,0,CLEAR,DRY,True,OPPOSITE DIRECTION - BOTH VEHICLES GOING STRAIGHT AHEAD,SIDESWIPE-OPPOSITE DIRECTION,STRAIGHT & HILLCREST,DARK-HWY LIGHTED/ON,,,12/7/2020 10:36:54 AM,False,7321,Accepted,
27537258,0568000,LOUISVILLE METRO POLICE DEPT,Accepted,JEFFERSON,,,MARKET,ST,W,,,,,,,38.260138178,-85.799754204,0.731,12/5/2020 12:00:00 AM,1704,1,1,0,1,CLEAR,DRY,False,COLLISION WITH FIXED OBJECT NON - INTERSECTION - FIRST EVENT COLLISION 09 - 32 EXCLUDING 16,SINGLE VEHICLE,STRAIGHT & LEVEL,DAYLIGHT,,,12/7/2020 10:35:19 AM,False,7305,Accepted,
27537259,0568000,LOUISVILLE METRO POLICE DEPT,Accepted,JEFFERSON,,,COOPER CHAPEL,RD,,,PRICE,,,,,38.104571597,-85.649666745,1.312,12/5/2020 12:00:00 AM,1630,2,2,0,0,CLEAR,DRY,False,ANGLE COLLISION - ONE VEHICLE TURNING RIGHT,ANGLE,STRAIGHT & LEVEL,DAYLIGHT,,,12/7/2020 10:35:23 AM,False,7989,Accepted,
27537260,0568000,LOUISVILLE METRO POLICE DEPT,Accepted,JEFFERSON,,,MAGAZINE,ST,,,27TH,,,,,38.251856803,-85.796182345,1.594,12/5/2020 12:00:00 AM,1649,2,2,0,0,CLEAR,DRY,True,ANGLE COLLISION - OTHER,ANGLE,STRAIGHT & LEVEL,DUSK,,,12/7/2020 10:35:29 AM,False,7463,Accepted,
27537267,0568000,LOUISVILLE METRO POLICE DEPT,Accepted,JEFFERSON,US0060A,,TAYLOR,BLVD,,,RACINE,,,,,38.205781606,-85.776890614,2.212,12/5/2020 12:00:00 AM,1653,3,3,0,0,CLEAR,DRY,False,COLLISION WITH PARKED VEHICLE,SIDESWIPE-SAME DIRECTION,STRAIGHT & LEVEL,DUSK,,,12/7/2020 10:36:16 AM,False,5334,Accepted,