IncidentID,AgencyORI,AgencyName,IncidentStatusDesc,County,RdwyNumber,Street,RoadwayName,StreetSfx,StreetDir,IntersectionRdwy,IntersectionRdwyName,BetweenStRdwy1,BetweenStRdwyName1,BetweenStRdwy2,BetweenStRdwyName2,Latitude,Longitude,Milepoint,CollisionDate,CollisionTime,UnitsInvolved,MotorVehiclesInvolved,NumberKilled,NumberInjured,Weather,RdwyConditionCode,HitandRun,DirAnalysisCode,MannerofCollision,RdwyCharacter,LightCondition,RampFromRdwyId,RampToRdwyId,AcceptedDate,IsSecondaryCollision,OwnerBadge,IncidentStatus,
27537268,0568000,LOUISVILLE METRO POLICE DEPT,Accepted,JEFFERSON,,,SMYRNA,PKWY,,,,KY2845,MANSLICK,KY6320,SMYRNA FRONTAGE,38.123029836,-85.643183826,1.054,12/5/2020 12:00:00 AM,1800,2,1,0,0,CLEAR,DRY,False,COLLISION WITH PEDESTRIAN NON - INTERSECTION,SINGLE VEHICLE,STRAIGHT & LEVEL,DARK-HWY NOT LIGHTED,,,12/7/2020 10:36:20 AM,False,2959,Accepted,
27537252,0568000,LOUISVILLE METRO POLICE DEPT,Accepted,JEFFERSON,US0031E,,BARDSTOWN,RD,,,MARYLAND,,,,,38.229113628,-85.702180214,14.188,12/5/2020 12:00:00 AM,0954,2,2,0,0,CLEAR,DRY,False,OTHER INTERSECTION COLLISIONS,REAR END,STRAIGHT & LEVEL,DAYLIGHT,,,12/7/2020 10:34:47 AM,False,2100,Accepted,
27537261,0568000,LOUISVILLE METRO POLICE DEPT,Accepted,JEFFERSON,,,LONGFIELD,AVE,,,,US0060A,TAYLOR,,LESTER,38.198673515,-85.783741085,0.832,12/5/2020 12:00:00 AM,1249,2,2,0,0,CLEAR,DRY,False,1 VEHICLE PARKED POSITION (NOT PARKING LOT/DRIVEWAY),BACKING,STRAIGHT & LEVEL,DAYLIGHT,,,12/7/2020 10:35:36 AM,False,7977,Accepted,
27537269,0568000,LOUISVILLE METRO POLICE DEPT,Accepted,JEFFERSON,,,COLORADO,AVE,,,ROADWAY,,,,,38.211655966,-85.777518596,0.787,12/5/2020 12:00:00 AM,1045,2,2,0,0,CLEAR,DRY,False,SIDESWIPE-SAME DIRECTION,SIDESWIPE-SAME DIRECTION,STRAIGHT & LEVEL,DAYLIGHT,,,12/7/2020 10:36:24 AM,False,5052,Accepted,
27572478,0568000,LOUISVILLE METRO POLICE DEPT,Accepted,JEFFERSON,,,NAOMI,DR,,KY0864,POPLAR LEVEL,,,,,38.165316265,-85.680387369,0.007,12/5/2020 12:00:00 AM,1153,2,1,0,2,CLEAR,DRY,False,ANGLE COLLISION - ONE VEHICLE TURNING LEFT,ANGLE,STRAIGHT & GRADE,DAYLIGHT,,,12/16/2020 10:46:10 AM,False,5130,Accepted,
27537293,0568000,LOUISVILLE METRO POLICE DEPT,Accepted,JEFFERSON,US0060A,,TAYLOR,BLVD,,,,,,,,38.197171833,-85.783118593,1.507,12/5/2020 12:00:00 AM,1611,3,3,0,0,CLEAR,DRY,False,1 VEHICLE ENTERING/LEAVING ENTRANCE,ANGLE,STRAIGHT & LEVEL,DAYLIGHT,,,12/7/2020 10:37:56 AM,False,5330,Accepted,
27537286,0568000,LOUISVILLE METRO POLICE DEPT,Accepted,JEFFERSON,KY1703,,BAXTER,AVE,,,,,,,,38.240194419,-85.724232190,5.677,12/5/2020 12:00:00 AM,2248,2,2,0,3,CLEAR,DRY,False,HEAD-ON COLLISION,HEAD ON,STRAIGHT & LEVEL,DARK-HWY LIGHTED/ON,,,12/7/2020 10:37:37 AM,False,7376,Accepted,
27537262,0568000,LOUISVILLE METRO POLICE DEPT,Accepted,JEFFERSON,,,7TH,ST,S,,11TH,,,,,38.222491316,-85.773759396,0.258,12/5/2020 12:00:00 AM,1501,2,2,0,0,CLEAR,DRY,False,ANGLE COLLISION - OTHER,ANGLE,STRAIGHT & LEVEL,DAYLIGHT,,,12/7/2020 10:35:42 AM,False,5186,Accepted,
27537270,0568000,LOUISVILLE METRO POLICE DEPT,Accepted,JEFFERSON,KY1447,,WESTPORT,RD,,,,,,,,38.294959485,-85.556469077,6.201,12/5/2020 12:00:00 AM,1820,4,4,0,0,CLEAR,DRY,False,REAR END IN TRAFFIC LANES BOTH VEHICLES MOVING,REAR END,STRAIGHT & LEVEL,DARK-HWY LIGHTED/ON,,,12/7/2020 10:36:30 AM,False,7615,Accepted,
27537271,0568000,LOUISVILLE METRO POLICE DEPT,Accepted,JEFFERSON,,,OAK,ST,W,,12TH,,,,,38.236249440,-85.773722559,0.995,12/5/2020 12:00:00 AM,1756,2,2,0,1,CLEAR,DRY,True,ANGLE COLLISION - OTHER,ANGLE,STRAIGHT & LEVEL,DARK-HWY LIGHTED/ON,,,12/7/2020 10:36:34 AM,False,5151,Accepted,
27537272,0568000,LOUISVILLE METRO POLICE DEPT,Accepted,JEFFERSON,,1008,26TH,ST,S,,,,,,,38.242410933,-85.795721611,1.240,12/5/2020 12:00:00 AM,1657,1,1,0,0,CLEAR,DRY,False,COLLISION WITH FIXED OBJECT NON - INTERSECTION - FIRST EVENT COLLISION 09 - 32 EXCLUDING 16,SINGLE VEHICLE,STRAIGHT & LEVEL,DAYLIGHT,,,12/7/2020 10:36:38 AM,False,7381,Accepted,
27537278,0568000,LOUISVILLE METRO POLICE DEPT,Accepted,JEFFERSON,I 0065,,,,,,,,,,,38.212492943,-85.752781845,0.005,12/5/2020 12:00:00 AM,2246,2,2,0,0,CLEAR,DRY,True,OTHER RAMP RELATED COLLISIONS NOT LISTED ABOVE,SIDESWIPE-SAME DIRECTION,CURVE & LEVEL,DARK-HWY LIGHTED/ON,I 0065,WARNOCK ST,12/7/2020 10:37:03 AM,False,7957,Accepted,
27537296,0568000,LOUISVILLE METRO POLICE DEPT,Accepted,JEFFERSON,KY2048,,CANNONS,LN,,,WILLIS,,,,,38.246292838,-85.664310207,2.090,12/5/2020 12:00:00 AM,1145,2,1,0,0,CLEAR,DRY,False,COLLISION WITH BICYCLE IN INTERSECTION,SINGLE VEHICLE,STRAIGHT & LEVEL,DAYLIGHT,,,12/7/2020 10:38:04 AM,False,7632,Accepted,
27537312,0568000,LOUISVILLE METRO POLICE DEPT,Accepted,JEFFERSON,I 0065,,I65 N,,,,,,,,,38.250408196,-85.751220130,135.590,12/5/2020 12:00:00 AM,1825,2,2,0,1,CLEAR,DRY,False,SIDESWIPE COLLISION - SAME DIRECTION,SIDESWIPE-SAME DIRECTION,STRAIGHT & LEVEL,DARK (UNKNOWN ROADWAY LIGHTING),,,12/7/2020 10:38:54 AM,False,5300,Accepted,
27537265,0568000,LOUISVILLE METRO POLICE DEPT,Accepted,JEFFERSON,I 0265,,I265 E,,,,,I 0265,I265 E EXIT15 ON RAMP FROM KY864,I 0265,I265 E EXIT17 OFF RAMP TO US31E,38.129377018,-85.604061747,15.859,12/5/2020 12:00:00 AM,1339,1,1,0,0,CLEAR,DRY,False,OTHER ROADWAY OR MID-BLOCK COLLISION,SINGLE VEHICLE,STRAIGHT & LEVEL,DAYLIGHT,,,12/7/2020 10:36:00 AM,False,5309,Accepted,
27537273,0568000,LOUISVILLE METRO POLICE DEPT,Accepted,JEFFERSON,KY0061,,PRESTON,HWY,,,PINECROFT,,,,,38.134442135,-85.684526453,3.665,12/5/2020 12:00:00 AM,0415,1,1,0,0,CLEAR,DRY,False,COLLISION WITH ANIMAL IN INTERSECTION,SINGLE VEHICLE,STRAIGHT & LEVEL,DARK-HWY LIGHTED/ON,,,12/7/2020 10:36:42 AM,False,7120,Accepted,
27537298,0568000,LOUISVILLE METRO POLICE DEPT,Accepted,JEFFERSON,KY0061,,PRESTON,HWY,,KY1065,OUTER,,,,,38.138069318,-85.686445425,3.931,12/5/2020 12:00:00 AM,1640,2,2,0,0,CLEAR,DRY,False,OTHER INTERSECTION COLLISIONS,REAR END,STRAIGHT & LEVEL,DAYLIGHT,,,12/7/2020 10:38:08 AM,False,5314,Accepted,
28005104,0568000,LOUISVILLE METRO POLICE DEPT,Accepted,JEFFERSON,,,29TH,ST,N,,,,,,,38.262875999,-85.798739554,0.887,12/5/2020 12:00:00 AM,2026,2,2,0,1,CLOUDY,DRY,False,1 VEHICLE ENTERING OR LEAVING PARKED POSITION (NOT PARKING LOT),ANGLE,STRAIGHT & LEVEL,DARK (UNKNOWN ROADWAY LIGHTING),,,4/13/2021 8:36:31 AM,False,7150,Accepted,
29312663,0568000,LOUISVILLE METRO POLICE DEPT,Accepted,JEFFERSON,KY1865,,NEW CUT,RD,,,SOUTHERN,,,,,38.169687685,-85.781303292,4.334,12/5/2020 12:00:00 AM,1919,2,2,0,2,CLOUDY,DRY,False,OTHER INTERSECTION COLLISIONS,REAR END,STRAIGHT & LEVEL,DARK-HWY LIGHTED/ON,,,11/15/2021 8:21:48 AM,False,5329,Accepted,
27644710,0568000,LOUISVILLE METRO POLICE DEPT,Accepted,JEFFERSON,,,TUCKER STATION,RD,,,VERSATILE,,,,,38.192757261,-85.523991290,4.139,12/5/2020 12:00:00 AM,2233,1,1,0,0,CLEAR,DRY,False,COLLISION WITH FIXED OBJECT IN INTERSECTION - FIRST EVENT COLLISION 09 - 32,SINGLE VEHICLE,CURVE & LEVEL,DARK-HWY NOT LIGHTED,,,1/7/2021 10:57:54 AM,False,5014,Accepted,
29312665,0568000,LOUISVILLE METRO POLICE DEPT,Accepted,JEFFERSON,KY1142,,PALATKA,RD,,KY1865,NEW CUT,,,,,38.150778315,-85.776356755,1.445,12/4/2020 12:00:00 AM,0755,2,2,0,0,CLOUDY,DRY,False,REAR END - ONE VEHICLE TURNING LEFT,REAR END,STRAIGHT & LEVEL,DUSK,,,11/15/2021 8:21:53 AM,False,5329,Accepted,
27537307,0568000,LOUISVILLE METRO POLICE DEPT,Accepted,JEFFERSON,KY1747,,HURSTBOURNE,PKWY,S,,,,PATRIOTS CROSSING,KY1747,KY1747 CROSSOVER,38.163261330,-85.635254132,5.473,12/4/2020 12:00:00 AM,1540,1,1,0,1,CLOUDY,WET,False,OTHER ROADWAY OR MID-BLOCK COLLISION,SINGLE VEHICLE,CURVE & LEVEL,DAYLIGHT,,,12/7/2020 10:38:35 AM,False,2583,Accepted,
27537289,0568000,LOUISVILLE METRO POLICE DEPT,Accepted,JEFFERSON,,,ZORN,AVE,,,MELLWOOD,,,,,38.273520974,-85.696319830,1.442,12/4/2020 12:00:00 AM,1655,2,2,0,0,CLOUDY,DRY,False,ANGLE COLLISION - OTHER,ANGLE,STRAIGHT & LEVEL,DAYLIGHT,,,12/7/2020 10:37:48 AM,False,5337,Accepted,
27540947,0568000,LOUISVILLE METRO POLICE DEPT,Accepted,JEFFERSON,US0150,,BROADWAY,,E,,BROOK,,,,,38.245603644,-85.751702517,2.729,12/4/2020 12:00:00 AM,0714,2,2,0,0,CLEAR,DRY,False,ANGLE COLLISION - OTHER,ANGLE,STRAIGHT & LEVEL,DARK-HWY LIGHTED/ON,,,12/8/2020 8:07:53 AM,False,5135,Accepted,
27537231,0568000,LOUISVILLE METRO POLICE DEPT,Accepted,JEFFERSON,KY0155,,TAYLORSVILLE,RD,,,AVON,,,,,38.220669467,-85.639506309,14.077,12/4/2020 12:00:00 AM,1341,2,2,0,1,CLOUDY,WET,False,ANGLE COLLISION - OTHER,ANGLE,STRAIGHT & LEVEL,DAYLIGHT,,,12/7/2020 10:33:00 AM,False,5247,Accepted,
27537295,0568000,LOUISVILLE METRO POLICE DEPT,Accepted,JEFFERSON,KY1065,,OUTER,LOOP,,,,,,,,38.136738871,-85.702721531,5.152,12/4/2020 12:00:00 AM,1701,2,2,0,0,CLOUDY,DRY,False,SIDESWIPE COLLISION - SAME DIRECTION,SIDESWIPE-SAME DIRECTION,STRAIGHT & GRADE,DUSK,,,12/7/2020 10:38:00 AM,False,8278,Accepted,
27537263,0568000,LOUISVILLE METRO POLICE DEPT,Accepted,JEFFERSON,KY1865,5533,NEW CUT,RD,,,,,,,,38.144855587,-85.774873950,2.599,12/4/2020 12:00:00 AM,1853,4,3,0,2,CLOUDY,DRY,True,SIDESWIPE COLLISION - SAME DIRECTION,SIDESWIPE-SAME DIRECTION,STRAIGHT & LEVEL,DARK-HWY LIGHTED/ON,,,12/7/2020 10:35:47 AM,False,5316,Accepted,
27537264,0568000,LOUISVILLE METRO POLICE DEPT,Accepted,JEFFERSON,US0060A,,EASTERN,PKWY,,KY1020,3RD,,,,,38.213668332,-85.761560103,3.449,12/4/2020 12:00:00 AM,1830,2,2,0,0,CLEAR,DRY,False,OTHER INTERSECTION COLLISIONS,REAR END,STRAIGHT & LEVEL,DARK-HWY LIGHTED/ON,,,12/7/2020 10:35:52 AM,False,5120,Accepted,
27537280,0568000,LOUISVILLE METRO POLICE DEPT,Accepted,JEFFERSON,KY1932,,BRECKENRIDGE,LN,,,SIX MILE,,,,,38.197554495,-85.625130826,1.133,12/4/2020 12:00:00 AM,2050,2,2,0,0,CLOUDY,WET,False,OTHER INTERSECTION COLLISIONS,REAR END,STRAIGHT & GRADE,DARK-HWY NOT LIGHTED,,,12/7/2020 10:37:21 AM,False,7851,Accepted,
27537228,0568000,LOUISVILLE METRO POLICE DEPT,Accepted,JEFFERSON,US0031E,,MARKET,ST,E,,FLOYD,,,,,38.254279417,-85.748129818,17.487,12/4/2020 12:00:00 AM,1524,2,2,0,1,CLOUDY,DRY,False,SIDESWIPE-SAME DIRECTION,SIDESWIPE-SAME DIRECTION,STRAIGHT & LEVEL,DAYLIGHT,,,12/7/2020 10:32:32 AM,False,5105,Accepted,
27537229,0568000,LOUISVILLE METRO POLICE DEPT,Accepted,JEFFERSON,US0031,,CLARK MEMORIAL,BRG,,,,,,,,38.261619449,-85.752162874,0.376,12/4/2020 12:00:00 AM,1544,2,2,0,1,CLOUDY,DRY,False,REAR END IN TRAFFIC LANES BOTH VEHICLES MOVING,REAR END,STRAIGHT & LEVEL,DAYLIGHT,,,12/7/2020 10:32:51 AM,False,7937,Accepted,
27537230,0568000,LOUISVILLE METRO POLICE DEPT,Accepted,JEFFERSON,KY3084,,OLD HENRY,RD,,,,,,,,38.268315808,-85.505555226,0.884,12/4/2020 12:00:00 AM,1440,4,4,0,1,RAINING,WET,False,REAR END IN TRAFFIC LANES BOTH VEHICLES MOVING,REAR END,STRAIGHT & LEVEL,DAYLIGHT,,,12/7/2020 10:32:56 AM,False,2013,Accepted,
27537238,0568000,LOUISVILLE METRO POLICE DEPT,Accepted,JEFFERSON,,,13TH,ST,S,,BRASHEAR,,,,,38.226284219,-85.777017138,1.811,12/4/2020 12:00:00 AM,0644,1,1,0,0,CLOUDY,WET,True,COLLISION WITH FIXED OBJECT IN INTERSECTION - FIRST EVENT COLLISION 09 - 32,SINGLE VEHICLE,STRAIGHT & LEVEL,DAWN,,,12/7/2020 10:33:31 AM,False,7184,Accepted,
27537239,0568000,LOUISVILLE METRO POLICE DEPT,Accepted,JEFFERSON,,,SALLY,DR,,,,,,,,38.129731213,-85.856481514,0.051,12/4/2020 12:00:00 AM,1139,1,1,0,0,CLOUDY,WET,False,COLLISION WITH FIXED OBJECT NON - INTERSECTION - FIRST EVENT COLLISION 09 - 32 EXCLUDING 16,SINGLE VEHICLE,STRAIGHT & LEVEL,DAYLIGHT,,,12/7/2020 10:33:36 AM,False,7234,Accepted,
27537246,0568000,LOUISVILLE METRO POLICE DEPT,Accepted,JEFFERSON,KY0841,,GENE SNYDER,FWY,,,,,,,,38.092903676,-85.875465128,0.023,12/4/2020 12:00:00 AM,2034,1,1,0,0,CLEAR,DRY,False,OTHER COLLISIONS ON SHOULDER,SINGLE VEHICLE,CURVE & LEVEL,DARK-HWY LIGHTED/ON,,,12/7/2020 10:34:07 AM,False,5263,Accepted,
27537247,0568000,LOUISVILLE METRO POLICE DEPT,Accepted,JEFFERSON,,,BARRET,AVE,,US0060A,EASTERN,,,,,38.226540181,-85.720508593,1.762,12/4/2020 12:00:00 AM,1902,2,2,0,0,CLOUDY,DRY,False,OPPOSING LEFT TURN,OPPOSING LEFT TURN,CURVE & LEVEL,DARK-HWY LIGHTED/ON,,,12/7/2020 10:34:12 AM,False,7900,Accepted,
27537253,0568000,LOUISVILLE METRO POLICE DEPT,Accepted,JEFFERSON,KY1230,12801,LOWER RIVER,RD,,,,,,,,38.069467978,-85.905000686,0.508,12/4/2020 12:00:00 AM,1143,1,1,0,0,CLOUDY,DRY,False,COLLISION WITH FIXED OBJECT NON - INTERSECTION - FIRST EVENT COLLISION 09 - 32 EXCLUDING 16,SINGLE VEHICLE,STRAIGHT & LEVEL,DARK-HWY NOT LIGHTED,,,12/7/2020 10:34:54 AM,False,7634,Accepted,
27537254,0568000,LOUISVILLE METRO POLICE DEPT,Accepted,JEFFERSON,KY1934,,CANE RUN,RD,,,,,BRIDWELL,,ROCKAWAY,38.180951183,-85.858161331,7.469,12/4/2020 12:00:00 AM,1647,2,2,0,1,CLOUDY,DRY,False,REAR END IN TRAFFIC LANES BOTH VEHICLES MOVING,REAR END,STRAIGHT & LEVEL,DUSK,,,12/7/2020 10:35:00 AM,False,7634,Accepted,
27537204,0568000,LOUISVILLE METRO POLICE DEPT,Accepted,JEFFERSON,,2700,STANLEY GAULT,PKWY,,,,,,,,38.268142945,-85.511420710,0.170,12/4/2020 12:00:00 AM,0655,1,1,0,0,RAINING,WET,False,COLLISION WITH FIXED OBJECT NON - INTERSECTION - FIRST EVENT COLLISION 09 - 32 EXCLUDING 16,SINGLE VEHICLE,STRAIGHT & LEVEL,DARK-HWY NOT LIGHTED,,,12/7/2020 10:31:14 AM,False,2013,Accepted,
27537205,0568000,LOUISVILLE METRO POLICE DEPT,Accepted,JEFFERSON,,,CRAWFORD,AVE,,,TEXTILE,,,,,38.150173351,-85.838261182,0.069,12/4/2020 12:00:00 AM,0845,2,2,0,0,CLEAR,WET,False,ANGLE COLLISION - OTHER,ANGLE,STRAIGHT & LEVEL,DAYLIGHT,,,12/7/2020 10:31:26 AM,False,7424,Accepted,
27531295,0566900,LOUISVILLE AIRPORT POLICE,Accepted,JEFFERSON,,,CRITTENDEN,DR,,,PARK,,,,,38.192173749,-85.755035849,0.593,12/4/2020 12:00:00 AM,1153,2,2,0,0,RAINING,WET,False,ANGLE COLLISION - OTHER,ANGLE,STRAIGHT & GRADE,DAYLIGHT,,,12/5/2020 7:39:04 AM,False,5856,Accepted,
27533453,0560300,ST. MATTHEWS POLICE DEPARTMENT,Accepted,JEFFERSON,I 0264,,I264 E,,,,,,,,,38.246382777,-85.620528841,19.533,12/4/2020 12:00:00 AM,0630,2,2,0,0,CLOUDY,DRY,False,REAR END IN TRAFFIC LANES BOTH VEHICLES MOVING,REAR END,STRAIGHT & LEVEL,DARK-HWY LIGHTED/ON,,,12/6/2020 5:17:55 AM,False,9188,Accepted,
27537212,0568000,LOUISVILLE METRO POLICE DEPT,Accepted,JEFFERSON,KY0061,,JACKSON,ST,S,,CHESTNUT,,,,,38.247549319,-85.745207657,12.456,12/4/2020 12:00:00 AM,0816,2,2,0,2,CLOUDY,DRY,False,ANGLE COLLISION - OTHER,ANGLE,STRAIGHT & GRADE,DAYLIGHT,,,12/7/2020 10:31:40 AM,False,5251,Accepted,
27537220,0568000,LOUISVILLE METRO POLICE DEPT,Accepted,JEFFERSON,KY2052,,SHEPHERDSVILLE,RD,,,BUECHEL BANK,,,,,38.178760984,-85.659329371,2.771,12/4/2020 12:00:00 AM,0742,2,2,0,0,CLOUDY,DRY,False,ANGLE COLLISION - ONE VEHICLE TURNING LEFT,ANGLE,STRAIGHT & LEVEL,DAWN,,,12/7/2020 10:31:53 AM,False,4693,Accepted,
27537221,0568000,LOUISVILLE METRO POLICE DEPT,Accepted,JEFFERSON,,,FURMAN,BLVD,,,,,,,,38.214005336,-85.641411526,0.576,12/4/2020 12:00:00 AM,1012,2,2,0,0,CLOUDY,WET,False,1 VEHICLE PARKED POSITION (NOT PARKING LOT/DRIVEWAY),ANGLE,STRAIGHT & LEVEL,DAYLIGHT,,,12/7/2020 10:31:57 AM,False,4693,Accepted,
27537222,0568000,LOUISVILLE METRO POLICE DEPT,Accepted,JEFFERSON,,,GRIFFITHS,AVE,,,,,23RD,US0150,22ND,38.264370693,-85.785260718,0.344,12/4/2020 12:00:00 AM,1200,2,2,0,1,RAINING,WET,False,HEAD-ON COLLISION,HEAD ON,CURVE & LEVEL,DAYLIGHT,,,12/7/2020 10:32:01 AM,False,5320,Accepted,
27537303,0568000,LOUISVILLE METRO POLICE DEPT,Accepted,JEFFERSON,I 0264,,,,,,,,,,,38.186640823,-85.783817069,0.001,12/4/2020 12:00:00 AM,0415,2,2,0,0,CLEAR,DRY,False,OTHER RAMP RELATED COLLISIONS NOT LISTED ABOVE,ANGLE,STRAIGHT & LEVEL,DARK-HWY LIGHTED/ON,KY1865,I 0264,12/7/2020 10:38:22 AM,False,7560,Accepted,
27537283,0568000,LOUISVILLE METRO POLICE DEPT,Accepted,JEFFERSON,,,HOMEVIEW,DR,,US0060A,TAYLOR,,,,,38.204940121,-85.777985346,0.240,12/4/2020 12:00:00 AM,2028,3,3,0,1,CLEAR,DRY,True,OPPOSITE DIRECTION - BOTH VEHICLES GOING STRAIGHT AHEAD,SIDESWIPE-OPPOSITE DIRECTION,STRAIGHT & LEVEL,DARK-HWY LIGHTED/ON,,,12/7/2020 10:37:29 AM,False,7462,Accepted,
27537359,0568000,LOUISVILLE METRO POLICE DEPT,Accepted,JEFFERSON,US0031W,10609,DIXIE,HWY,,,,,,,,38.102651746,-85.869827942,8.251,12/4/2020 12:00:00 AM,1720,2,2,0,1,RAINING,WET,False,1 VEHICLE ENTERING/LEAVING ENTRANCE,ANGLE,STRAIGHT & LEVEL,DARK (UNKNOWN ROADWAY LIGHTING),,,12/7/2020 10:42:04 AM,False,7205,Accepted,
27541621,0568000,LOUISVILLE METRO POLICE DEPT,Accepted,JEFFERSON,I 0071,,I71 N,,,,,I 0071,I71 TURN AROUND6,I 0071,I71 TURN AROUND6,38.295799002,-85.627549777,6.242,12/4/2020 12:00:00 AM,1220,4,1,0,1,RAINING,WET,False,REAR END IN TRAFFIC LANES BOTH VEHICLES MOVING,REAR END,STRAIGHT & LEVEL,DAYLIGHT,,,12/8/2020 10:35:03 AM,False,7720,Accepted,
27545438,0568000,LOUISVILLE METRO POLICE DEPT,Accepted,JEFFERSON,KY1865,,TAYLOR,BLVD,,I 0264,I264 E EXIT9 ON RAMP FROM KY1865 S,,,,,38.186652845,-85.783796702,5.531,12/4/2020 12:00:00 AM,0104,2,2,0,0,CLEAR,DRY,False,OPPOSING LEFT TURN,OPPOSING LEFT TURN,STRAIGHT & LEVEL,DARK-HWY LIGHTED/ON,,,12/9/2020 8:07:00 AM,False,5287,Accepted,
27537249,0568000,LOUISVILLE METRO POLICE DEPT,Accepted,JEFFERSON,,,9TH,ST,S,,,,,,,38.246560475,-85.766432414,0.017,12/4/2020 12:00:00 AM,1238,3,3,0,2,CLOUDY,WET,False,SIDESWIPE COLLISION - SAME DIRECTION,SIDESWIPE-SAME DIRECTION,STRAIGHT & LEVEL,DAYLIGHT,,,12/7/2020 10:34:27 AM,False,6886,Accepted,
27537227,0568000,LOUISVILLE METRO POLICE DEPT,Accepted,JEFFERSON,KY0022,,BROWNSBORO,RD,,,SIMCOE,,,,,38.307922730,-85.574211955,3.977,12/4/2020 12:00:00 AM,1415,2,2,0,1,CLOUDY,WET,False,OPPOSING LEFT TURN,OPPOSING LEFT TURN,STRAIGHT & LEVEL,DAYLIGHT,,,12/7/2020 10:32:25 AM,False,7631,Accepted,
27537236,0568000,LOUISVILLE METRO POLICE DEPT,Accepted,JEFFERSON,KY1865,,TAYLOR,BLVD,,,,,,,,38.185166744,-85.783999496,5.384,12/4/2020 12:00:00 AM,1427,3,3,0,0,CLOUDY,DRY,False,REAR END IN TRAFFIC LANES BOTH VEHICLES MOVING,REAR END,STRAIGHT & LEVEL,DAYLIGHT,,,12/7/2020 10:33:27 AM,False,5334,Accepted,
27537244,0568000,LOUISVILLE METRO POLICE DEPT,Accepted,JEFFERSON,I 0064,,,,,,,,,,,38.275851165,-85.807918428,0.233,12/4/2020 12:00:00 AM,1051,2,2,0,0,RAINING,WET,False,OTHER RAMP RELATED COLLISIONS NOT LISTED ABOVE,SIDESWIPE-SAME DIRECTION,CURVE & GRADE,DAYLIGHT,I 0064,I 0064,12/7/2020 10:33:57 AM,False,8278,Accepted,
27537235,0568000,LOUISVILLE METRO POLICE DEPT,Accepted,JEFFERSON,US0031W,4800 BLK,DIXIE,HWY,,,BRICK KILN,,,,,38.170443034,-85.827008093,13.449,12/4/2020 12:00:00 AM,0903,2,2,0,0,CLOUDY,WET,False,SIDESWIPE-SAME DIRECTION,SIDESWIPE-SAME DIRECTION,STRAIGHT & LEVEL,DAYLIGHT,,,12/7/2020 10:33:20 AM,False,7356,Accepted,
27537241,0568000,LOUISVILLE METRO POLICE DEPT,Accepted,JEFFERSON,US0031W,,DIXIE,HWY,,,ASHBY,,,,,38.103049741,-85.869631557,8.269,12/4/2020 12:00:00 AM,1831,2,2,0,2,CLEAR,DRY,False,OTHER INTERSECTION COLLISIONS,REAR END,STRAIGHT & LEVEL,UNKNOWN,,,12/7/2020 10:33:45 AM,False,5121,Accepted,
27531410,0561000,JEFFERSONTOWN POLICE DEPT,Accepted,JEFFERSON,KY0155,,TAYLORSVILLE,RD,,,,,WILLOWVIEW,,CHENOWETH RUN,38.188606556,-85.553295560,8.538,12/4/2020 12:00:00 AM,1658,3,3,0,0,CLOUDY,DRY,False,REAR END IN TRAFFIC LANES BOTH VEHICLES MOVING,REAR END,STRAIGHT & GRADE,DUSK,,,12/5/2020 10:06:05 AM,False,8253,Accepted,
27537207,0568000,LOUISVILLE METRO POLICE DEPT,Accepted,JEFFERSON,,,LIBERTY,ST,W,,,,,,,38.253618792,-85.761719703,0.320,12/4/2020 12:00:00 AM,0820,2,2,0,0,CLOUDY,DRY,False,1 VEHICLE PARKED POSITION (NOT PARKING LOT/DRIVEWAY),BACKING,STRAIGHT & HILLCREST,DAYLIGHT,,,12/7/2020 10:31:35 AM,False,5105,Accepted,
27527957,0568000,LOUISVILLE METRO POLICE DEPT,Accepted,JEFFERSON,,,DIXIE,HWY,,,BERNHEIM,,,,,38.221364238,-85.793221233,1.991,12/4/2020 12:00:00 AM,0314,2,2,0,1,CLOUDY,DRY,True,ANGLE COLLISION - OTHER,ANGLE,STRAIGHT & LEVEL,DARK-HWY LIGHTED/ON,,,12/4/2020 7:57:05 AM,False,7181,Accepted,
27527958,0568000,LOUISVILLE METRO POLICE DEPT,Accepted,JEFFERSON,US0031W,652,DR W J HODGE,ST,,,,,MAGAZINE,US0150,BROADWAY,38.250282210,-85.786333139,19.727,12/4/2020 12:00:00 AM,0412,3,3,0,0,CLEAR,DRY,True,1 VEHICLE PARKED POSITION (NOT PARKING LOT/DRIVEWAY),REAR END,STRAIGHT & LEVEL,DARK-HWY LIGHTED/ON,,,12/4/2020 7:57:08 AM,False,5021,Accepted,