IncidentID,AgencyORI,AgencyName,IncidentStatusDesc,County,RdwyNumber,Street,RoadwayName,StreetSfx,StreetDir,IntersectionRdwy,IntersectionRdwyName,BetweenStRdwy1,BetweenStRdwyName1,BetweenStRdwy2,BetweenStRdwyName2,Latitude,Longitude,Milepoint,CollisionDate,CollisionTime,UnitsInvolved,MotorVehiclesInvolved,NumberKilled,NumberInjured,Weather,RdwyConditionCode,HitandRun,DirAnalysisCode,MannerofCollision,RdwyCharacter,LightCondition,RampFromRdwyId,RampToRdwyId,AcceptedDate,IsSecondaryCollision,OwnerBadge,IncidentStatus,
27537216,0568000,LOUISVILLE METRO POLICE DEPT,Accepted,JEFFERSON,,,9TH,ST,S,US0150,BROADWAY,,,,,38.246799879,-85.766392629,0.001,12/4/2020 12:00:00 AM,1134,2,2,0,1,FOG WITH RAIN,WET,False,OTHER INTERSECTION COLLISIONS,REAR END,STRAIGHT & LEVEL,DAYLIGHT,,,12/7/2020 10:31:45 AM,False,5105,Accepted,
27537225,0568000,LOUISVILLE METRO POLICE DEPT,Accepted,JEFFERSON,US0031W,,DIXIE,HWY,,,JOHNSONTOWN,,,,,38.121205577,-85.855687583,9.749,12/4/2020 12:00:00 AM,1145,2,2,0,0,CLOUDY,WET,False,ANGLE COLLISION - OTHER,ANGLE,STRAIGHT & LEVEL,DAYLIGHT,,,12/7/2020 10:32:13 AM,False,7205,Accepted,
27537226,0568000,LOUISVILLE METRO POLICE DEPT,Accepted,JEFFERSON,,,FURMAN,BLVD,,,STANTON,,,,,38.214821373,-85.642230946,0.504,12/4/2020 12:00:00 AM,1318,2,2,0,1,CLOUDY,WET,False,ANGLE COLLISION - OTHER,ANGLE,STRAIGHT & LEVEL,DAYLIGHT,,,12/7/2020 10:32:20 AM,False,4693,Accepted,
27537232,0568000,LOUISVILLE METRO POLICE DEPT,Accepted,JEFFERSON,KY1020,,2ND,ST,S,,MAGNOLIA,,,,,38.228764857,-85.758050302,10.913,12/4/2020 12:00:00 AM,1426,2,2,0,4,CLOUDY,WET,False,SIDESWIPE-SAME DIRECTION,SIDESWIPE-SAME DIRECTION,STRAIGHT & LEVEL,DAYLIGHT,,,12/7/2020 10:33:05 AM,False,5180,Accepted,
27537233,0568000,LOUISVILLE METRO POLICE DEPT,Accepted,JEFFERSON,,1300,PARK,RD,S,,,,,,,38.112678745,-85.735020394,3.757,12/4/2020 12:00:00 AM,1648,1,1,0,0,OTHER,WET,False,COLLISION WITH FIXED OBJECT NON - INTERSECTION - FIRST EVENT COLLISION 09 - 32 EXCLUDING 16,SINGLE VEHICLE,STRAIGHT & LEVEL,DUSK,,,12/7/2020 10:33:09 AM,False,7263,Accepted,
27537234,0568000,LOUISVILLE METRO POLICE DEPT,Accepted,JEFFERSON,,3720,BROADWAY,,W,,,,,,,38.249998864,-85.812774699,1.300,12/4/2020 12:00:00 AM,1334,2,2,0,0,CLOUDY,DRY,False,1 VEHICLE PARKED POSITION (NOT PARKING LOT/DRIVEWAY),REAR END,STRAIGHT & LEVEL,DAYLIGHT,,,12/7/2020 10:33:15 AM,False,5161,Accepted,
27545420,0568000,LOUISVILLE METRO POLICE DEPT,Accepted,JEFFERSON,KY2051,,ROCKFORD,LN,,,,,,,,38.183397280,-85.854182572,1.808,12/4/2020 12:00:00 AM,1505,1,1,0,2,CLOUDY,WET,False,COLLISION WITH FIXED OBJECT NON - INTERSECTION - FIRST EVENT COLLISION 09 - 32 EXCLUDING 16,SINGLE VEHICLE,CURVE & LEVEL,DAYLIGHT,,,12/9/2020 8:05:30 AM,False,7234,Accepted,
27549866,0568000,LOUISVILLE METRO POLICE DEPT,Accepted,JEFFERSON,,,MELDA,LN,,,JEANINE,,,,,38.165274605,-85.687912811,0.285,12/4/2020 12:00:00 AM,1445,2,2,0,0,CLEAR,DRY,False,OPPOSITE DIRECTION - BOTH VEHICLES GOING STRAIGHT AHEAD,SIDESWIPE-OPPOSITE DIRECTION,STRAIGHT & LEVEL,DAYLIGHT,,,12/10/2020 8:36:11 AM,False,5106,Accepted,
27540940,0568000,LOUISVILLE METRO POLICE DEPT,Accepted,JEFFERSON,KY2052,,SHEPHERDSVILLE,RD,,,MANSFIELD,,,,,38.175089200,-85.659379964,2.515,12/3/2020 12:00:00 AM,1408,2,2,0,1,CLEAR,DRY,False,ANGLE COLLISION - OTHER,ANGLE,STRAIGHT & LEVEL,DAYLIGHT,,,12/8/2020 8:07:31 AM,False,5159,Accepted,
27527951,0568000,LOUISVILLE METRO POLICE DEPT,Accepted,JEFFERSON,KY2049,,CRUMS,LN,,,,,POPPY,KY1934,CANE RUN,38.199085379,-85.836885406,0.028,12/3/2020 12:00:00 AM,1945,2,2,0,0,RAINING,WET,False,1 VEHICLE ENTERING/LEAVING ENTRANCE,ANGLE,STRAIGHT & LEVEL,DARK-HWY LIGHTED/ON,,,12/4/2020 7:56:46 AM,False,2877,Accepted,
27527959,0568000,LOUISVILLE METRO POLICE DEPT,Accepted,JEFFERSON,KY0841,,GENE SNYDER,FWY,,,,KY0841,KY841 RAMP TO KY1020,KY0841,KY841 RAMP FROM KY1020,38.117708021,-85.747569054,7.644,12/3/2020 12:00:00 AM,2356,2,2,0,2,CLEAR,DRY,False,SIDESWIPE COLLISION - SAME DIRECTION,SIDESWIPE-SAME DIRECTION,STRAIGHT & LEVEL,DARK-HWY LIGHTED/ON,,,12/4/2020 7:57:11 AM,False,5110,Accepted,
27527960,0568000,LOUISVILLE METRO POLICE DEPT,Accepted,JEFFERSON,KY1934,,CANE RUN,RD,,,VAN WINKLE,,,,,38.202105604,-85.833903209,9.465,12/3/2020 12:00:00 AM,2126,2,2,0,2,CLEAR,DRY,False,HEAD-ON COLLISION,HEAD ON,STRAIGHT & LEVEL,DARK-HWY LIGHTED/ON,,,12/4/2020 7:57:14 AM,False,5232,Accepted,
27528135,KSP0400,KY STATE POLICE POST 04,Accepted,JEFFERSON,KY0155,,TAYLORSVILLE LAKE,RD,,,,,,,,38.171528286,-85.456701632,2.490,12/3/2020 12:00:00 AM,1020,1,1,0,0,CLOUDY,DRY,False,COLLISION WITH ANIMAL NON INTERSECTION,SINGLE VEHICLE,STRAIGHT & LEVEL,DAYLIGHT,,,12/4/2020 9:10:41 AM,False,839,Accepted,
27537243,0568000,LOUISVILLE METRO POLICE DEPT,Accepted,JEFFERSON,I 0265,,,,,,,,,,,38.142319319,-85.582274488,0.301,12/3/2020 12:00:00 AM,1347,1,1,0,1,CLEAR,DRY,False,COLLISION WITH FIXED OBJECT NOT IN GORE ,SINGLE VEHICLE,CURVE & GRADE,DAYLIGHT,US31E,I 0265,12/7/2020 10:33:54 AM,False,8278,Accepted,
27537219,0568000,LOUISVILLE METRO POLICE DEPT,Accepted,JEFFERSON,US0031E,,BUECHEL,BYP,,,,,,,,38.198428941,-85.661253533,10.963,12/3/2020 12:00:00 AM,1338,2,2,0,1,CLOUDY,DRY,True,REAR END IN TRAFFIC LANES BOTH VEHICLES MOVING,REAR END,STRAIGHT & LEVEL,DAYLIGHT,,,12/7/2020 10:31:49 AM,False,4693,Accepted,
27527949,0568000,LOUISVILLE METRO POLICE DEPT,Accepted,JEFFERSON,US0031W,,DR W J HODGE,ST,,,PLYMOUTH,,,,,38.252032497,-85.785994506,19.848,12/3/2020 12:00:00 AM,1306,2,2,0,0,CLEAR,DRY,False,OTHER INTERSECTION COLLISIONS,REAR END,STRAIGHT & LEVEL,DAYLIGHT,,,12/4/2020 7:56:41 AM,False,7479,Accepted,
27527950,0568000,LOUISVILLE METRO POLICE DEPT,Accepted,JEFFERSON,KY0061,8601,PRESTON,HWY,,,,,,,,38.129872691,-85.682018179,3.323,12/3/2020 12:00:00 AM,1535,1,1,0,0,CLEAR,DRY,True,OTHER ROADWAY OR MID-BLOCK COLLISION,SINGLE VEHICLE,STRAIGHT & LEVEL,DAYLIGHT,,,12/4/2020 7:56:44 AM,False,7669,Accepted,
27527941,0568000,LOUISVILLE METRO POLICE DEPT,Accepted,JEFFERSON,KY0061,,PRESTON,HWY,,,VIM,,,,,38.171992658,-85.709943014,6.628,12/3/2020 12:00:00 AM,1444,2,2,0,0,CLEAR,DRY,True,SIDESWIPE-SAME DIRECTION,SIDESWIPE-SAME DIRECTION,STRAIGHT & LEVEL,DAYLIGHT,,,12/4/2020 7:56:26 AM,False,5321,Accepted,
27527952,0568000,LOUISVILLE METRO POLICE DEPT,Accepted,JEFFERSON,,,WOODLAWN,AVE,E,,,,1ST,,ALLMOND,38.180833104,-85.759052958,0.211,12/3/2020 12:00:00 AM,0658,2,2,0,0,CLEAR,DRY,False,OTHER ROADWAY OR MID-BLOCK COLLISION,REAR END,STRAIGHT & LEVEL,DAWN,,,12/4/2020 7:56:50 AM,False,7032,Accepted,
27524030,0568000,LOUISVILLE METRO POLICE DEPT,Accepted,JEFFERSON,KY1747,,FERN VALLEY,RD,,I 0065,I65 N EXIT128 ON RAMP FROM KY1631 E,,,,,38.157543176,-85.716680358,0.850,12/3/2020 12:00:00 AM,0019,2,2,0,1,CLEAR,DRY,False,HEAD-ON COLLISION,HEAD ON,STRAIGHT & HILLCREST,DARK-HWY LIGHTED/ON,,,12/3/2020 8:09:31 AM,False,5040,Accepted,
27527943,0568000,LOUISVILLE METRO POLICE DEPT,Accepted,JEFFERSON,,,MUHAMMAD ALI,BLVD,E,,WENZEL,,,,,38.248576070,-85.734811777,0.054,12/3/2020 12:00:00 AM,1509,2,2,0,0,CLOUDY,DRY,False,VEHICLE BACKING IN INTERSECTION,BACKING,STRAIGHT & LEVEL,DAYLIGHT,,,12/4/2020 7:56:29 AM,False,5173,Accepted,
27540927,0568000,LOUISVILLE METRO POLICE DEPT,Accepted,JEFFERSON,,,3RD,ST,S,,WHITNEY,,,,,38.193968780,-85.764959407,0.458,12/3/2020 12:00:00 AM,2000,2,2,0,0,CLEAR,DRY,True,ANGLE COLLISION - OTHER,ANGLE,STRAIGHT & LEVEL,DUSK,,,12/8/2020 8:06:49 AM,False,7291,Accepted,
27562872,0568000,LOUISVILLE METRO POLICE DEPT,Accepted,JEFFERSON,US0031W,,DIXIE,HWY,,,WILART,,,,,38.219259929,-85.794198735,17.316,12/3/2020 12:00:00 AM,1835,2,2,0,1,CLOUDY,DRY,False,OTHER INTERSECTION COLLISIONS,REAR END,STRAIGHT & LEVEL,DARK-HWY LIGHTED/ON,,,12/14/2020 8:51:08 AM,False,2569,Accepted,
27527948,0568000,LOUISVILLE METRO POLICE DEPT,Accepted,JEFFERSON,,,CHESTNUT,ST,W,,24TH,,,,,38.252761966,-85.791828657,0.493,12/3/2020 12:00:00 AM,1530,2,2,0,1,CLEAR,DRY,False,ANGLE COLLISION - OTHER,ANGLE,STRAIGHT & LEVEL,DAYLIGHT,,,12/4/2020 7:56:38 AM,False,7479,Accepted,
27527956,0568000,LOUISVILLE METRO POLICE DEPT,Accepted,JEFFERSON,KY1065,,OUTER,LOOP,,,,,,,,38.125879894,-85.766429314,1.551,12/3/2020 12:00:00 AM,2352,2,2,0,1,RAINING,WET,False,SIDESWIPE COLLISION - SAME DIRECTION,SIDESWIPE-SAME DIRECTION,STRAIGHT & LEVEL,DARK-HWY LIGHTED/ON,,,12/4/2020 7:57:02 AM,False,5209,Accepted,
27527939,0568000,LOUISVILLE METRO POLICE DEPT,Accepted,JEFFERSON,KY0146,,LA GRANGE,RD,,,,,,,,38.292665448,-85.509669143,7.855,12/3/2020 12:00:00 AM,1320,3,3,0,2,CLOUDY,DRY,False,OTHER ROADWAY OR MID-BLOCK COLLISION,REAR END,STRAIGHT & LEVEL,DAYLIGHT,,,12/4/2020 7:56:23 AM,False,7802,Accepted,
27527946,0568000,LOUISVILLE METRO POLICE DEPT,Accepted,JEFFERSON,,,DIXIE,HWY,,,BERNHEIM,,,,,38.221441104,-85.793287511,1.992,12/3/2020 12:00:00 AM,1605,2,2,0,0,CLOUDY,DRY,False,ANGLE COLLISION - OTHER,ANGLE,STRAIGHT & LEVEL,DAYLIGHT,,,12/4/2020 7:56:32 AM,False,2569,Accepted,
27527947,0568000,LOUISVILLE METRO POLICE DEPT,Accepted,JEFFERSON,,,2ND,ST,S,,KENWOOD,,,,,38.179216013,-85.764763849,0.739,12/3/2020 12:00:00 AM,1630,2,2,0,0,CLOUDY,DRY,True,HEAD-ON COLLISION,HEAD ON,STRAIGHT & LEVEL,DUSK,,,12/4/2020 7:56:35 AM,False,7048,Accepted,
27527953,0568000,LOUISVILLE METRO POLICE DEPT,Accepted,JEFFERSON,I 0064,,,,,,,,,,,38.224739581,-85.582226288,0.223,12/3/2020 12:00:00 AM,2345,1,1,0,0,CLOUDY,DRY,False,COLLISION WITH FIXED OBJECT NOT IN GORE ,SINGLE VEHICLE,STRAIGHT & LEVEL,DARK-HWY LIGHTED/OFF,I 0064,KY1747,12/4/2020 7:56:53 AM,False,6777,Accepted,
27527954,0568000,LOUISVILLE METRO POLICE DEPT,Accepted,JEFFERSON,,,BRONNER,CIR,,KY1932,BRECKENRIDGE,,,,,38.185855559,-85.628554584,0.174,12/2/2020 12:00:00 AM,0530,6,6,0,0,CLEAR,DRY,True,COLLISION WITH PARKED VEHICLE,SIDESWIPE-SAME DIRECTION,STRAIGHT & LEVEL,DARK-HWY LIGHTED/ON,,,12/4/2020 7:56:56 AM,False,5178,Accepted,
27524026,0568000,LOUISVILLE METRO POLICE DEPT,Accepted,JEFFERSON,US0031W,,DIXIE,HWY,,,,,MANOR ISLE,,STONEGATE MANOR,38.077588048,-85.884048681,6.357,12/2/2020 12:00:00 AM,1949,1,1,0,1,CLEAR,DRY,False,COLLISION IN PARKING LOT,SINGLE VEHICLE,STRAIGHT & LEVEL,DUSK,,,12/3/2020 8:09:18 AM,False,2021,Accepted,
27524027,0568000,LOUISVILLE METRO POLICE DEPT,Accepted,JEFFERSON,US0031W,,DIXIE,HWY,,,MANOR ISLE,,,,,38.077193165,-85.884158929,6.320,12/2/2020 12:00:00 AM,2009,2,2,0,0,CLEAR,DRY,False,ANGLE COLLISION - OTHER,ANGLE,STRAIGHT & LEVEL,DARK (UNKNOWN ROADWAY LIGHTING),,,12/3/2020 8:09:21 AM,False,5279,Accepted,
27524028,0568000,LOUISVILLE METRO POLICE DEPT,Accepted,JEFFERSON,,,BULRUSH,CT,,,,,SEDGE,,SEDGE,38.146435598,-85.855463417,0.115,12/2/2020 12:00:00 AM,1945,1,1,0,0,CLEAR,DRY,False,COLLISION IN PARKING LOT,SINGLE VEHICLE,STRAIGHT & LEVEL,DARK-HWY LIGHTED/ON,,,12/3/2020 8:09:25 AM,False,5298,Accepted,
27524203,0566900,LOUISVILLE AIRPORT POLICE,Accepted,JEFFERSON,,,TERMINAL,DR,,,LOWER TERMINAL,,,,,38.186461356,-85.746141566,0.036,12/2/2020 12:00:00 AM,2106,2,2,0,0,CLEAR,DRY,False,COLLISION IN PARKING LOT,BACKING,STRAIGHT & LEVEL,DARK-HWY LIGHTED/ON,,,12/3/2020 9:14:44 AM,False,5879,Accepted,
27537206,0568000,LOUISVILLE METRO POLICE DEPT,Accepted,JEFFERSON,,,PRODUCE,RD,,KY0864,POPLAR LEVEL,,,,,38.179256372,-85.691933686,0.004,12/2/2020 12:00:00 AM,1437,2,2,0,0,CLEAR,DRY,False,OPPOSING LEFT TURN,OPPOSING LEFT TURN,STRAIGHT & LEVEL,DAYLIGHT,,,12/7/2020 10:31:31 AM,False,5027,Accepted,
27540930,0568000,LOUISVILLE METRO POLICE DEPT,Accepted,JEFFERSON,KY1934,,CANE RUN,RD,,,ELANE,,,,,38.189960838,-85.849627325,8.253,12/2/2020 12:00:00 AM,1830,2,2,0,0,CLEAR,DRY,False,OPPOSING LEFT TURN,OPPOSING LEFT TURN,STRAIGHT & LEVEL,DARK-HWY LIGHTED/OFF,,,12/8/2020 8:06:59 AM,False,5257,Accepted,
27524018,0568000,LOUISVILLE METRO POLICE DEPT,Accepted,JEFFERSON,KY3064,3600,NORTHWESTERN,PKWY,,,,,,,,38.274889626,-85.802054747,1.162,12/2/2020 12:00:00 AM,1300,2,2,0,0,CLOUDY,DRY,False,SIDESWIPE COLLISION - SAME DIRECTION,SIDESWIPE-SAME DIRECTION,STRAIGHT & LEVEL,DAYLIGHT,,,12/3/2020 8:08:50 AM,False,2403,Accepted,
27524019,0568000,LOUISVILLE METRO POLICE DEPT,Accepted,JEFFERSON,KY1065,2673,OUTER,LOOP,,,AIR COMMERCE,,,,,38.134866208,-85.719285467,4.223,12/2/2020 12:00:00 AM,1141,1,1,0,1,CLEAR,DRY,False,OTHER INTERSECTION COLLISIONS,SINGLE VEHICLE,STRAIGHT & LEVEL,DAYLIGHT,,,12/3/2020 8:08:53 AM,False,7669,Accepted,
27524020,0568000,LOUISVILLE METRO POLICE DEPT,Accepted,JEFFERSON,KY1631,,CRITTENDEN,DR,,,CENTRAL,,,,,38.202948319,-85.750848798,1.031,12/2/2020 12:00:00 AM,1207,2,2,0,1,CLEAR,DRY,False,OPPOSING LEFT TURN,OPPOSING LEFT TURN,STRAIGHT & LEVEL,DAYLIGHT,,,12/3/2020 8:08:57 AM,False,5045,Accepted,
27524015,0568000,LOUISVILLE METRO POLICE DEPT,Accepted,JEFFERSON,,,GRADE,LN,,KY1065,OUTER,,,,,38.130162648,-85.737217107,4.085,12/2/2020 12:00:00 AM,0930,2,2,0,0,CLEAR,DRY,False,OTHER INTERSECTION COLLISIONS,REAR END,STRAIGHT & LEVEL,DAYLIGHT,,,12/3/2020 8:08:39 AM,False,2017,Accepted,
27524016,0568000,LOUISVILLE METRO POLICE DEPT,Accepted,JEFFERSON,,,STONESTREET,RD,,,VALLEY COLLEGE,,,,,38.118057000,-85.844417406,0.681,12/2/2020 12:00:00 AM,1243,2,2,0,0,CLEAR,DRY,False,OTHER INTERSECTION COLLISIONS,REAR END,STRAIGHT & LEVEL,DAYLIGHT,,,12/3/2020 8:08:43 AM,False,6318,Accepted,
27524021,0568000,LOUISVILLE METRO POLICE DEPT,Accepted,JEFFERSON,KY1020,,3RD,ST,S,,CARDINAL,,,,,38.220539373,-85.761176618,10.322,12/2/2020 12:00:00 AM,1456,2,2,0,0,CLEAR,DRY,False,ANGLE COLLISION - OTHER,ANGLE,STRAIGHT & LEVEL,DAYLIGHT,,,12/3/2020 8:09:01 AM,False,7418,Accepted,
27524022,0568000,LOUISVILLE METRO POLICE DEPT,Accepted,JEFFERSON,,9251,STONESTREET,RD,,,,,,,,38.119813991,-85.847199183,0.479,12/2/2020 12:00:00 AM,0942,2,2,0,0,CLEAR,DRY,False,REAR END IN TRAFFIC LANES BOTH VEHICLES MOVING,REAR END,STRAIGHT & LEVEL,DAYLIGHT,,,12/3/2020 8:09:04 AM,False,7483,Accepted,
27524023,0568000,LOUISVILLE METRO POLICE DEPT,Accepted,JEFFERSON,I 0264,,I264 W,,,I 0264,I264 W EXIT15A OFF RAMP TO KY1703 N,,,,,38.203425226,-85.684758195,14.760,12/2/2020 12:00:00 AM,1700,2,2,0,1,CLEAR,DRY,False,OTHER INTERSECTION COLLISIONS,REAR END,STRAIGHT & LEVEL,DAYLIGHT,,,12/3/2020 8:09:08 AM,False,7793,Accepted,
27524024,0568000,LOUISVILLE METRO POLICE DEPT,Accepted,JEFFERSON,,,FEGENBUSH,LN,,KY1747,HURSTBOURNE,,,,,38.161333316,-85.640882735,1.804,12/2/2020 12:00:00 AM,1813,2,2,0,0,CLEAR,DRY,False,HEAD-ON COLLISION,HEAD ON,STRAIGHT & LEVEL,DARK-HWY NOT LIGHTED,,,12/3/2020 8:09:11 AM,False,5005,Accepted,
27526571,0560300,ST. MATTHEWS POLICE DEPARTMENT,Accepted,JEFFERSON,I 0264,,I264 W,,,,,I 0264,I264 W EXIT21 ON RAMP FROM KY1447,I 0264,I264 W EXIT20 OFF RAMP US60,38.261612879,-85.623473605,20.603,12/2/2020 12:00:00 AM,2019,2,2,0,0,CLEAR,DRY,False,REAR END IN TRAFFIC LANES BOTH VEHICLES MOVING,REAR END,STRAIGHT & LEVEL,DARK-HWY LIGHTED/ON,,,12/3/2020 9:24:18 PM,False,9158,Accepted,
27527692,0560400,SHIVELY POLICE DEPARTMENT,Accepted,JEFFERSON,I 0264,,I264 W,,,,,I 0264,I264 W EXIT5 RAMP KY1934,I 0264,I264 W EXIT8 ON RAMP FROM US31W S,38.185776292,-85.820159935,7.090,12/2/2020 12:00:00 AM,1555,2,2,0,1,CLEAR,DRY,False,SIDESWIPE COLLISION - SAME DIRECTION,SIDESWIPE-SAME DIRECTION,STRAIGHT & LEVEL,DAYLIGHT,,,12/4/2020 6:24:29 AM,False,7129,Accepted,
27527935,0568000,LOUISVILLE METRO POLICE DEPT,Accepted,JEFFERSON,KY1020,,SOUTHSIDE,DR,,KY1020,NATIONAL,,,,,38.152483159,-85.765374328,5.692,12/2/2020 12:00:00 AM,2305,2,2,0,2,CLEAR,DRY,True,REAR END - ONE VEHICLE TURNING RIGHT,REAR END,STRAIGHT & LEVEL,DARK-HWY LIGHTED/ON,,,12/4/2020 7:56:12 AM,False,5110,Accepted,
27523891,0560300,ST. MATTHEWS POLICE DEPARTMENT,Accepted,JEFFERSON,I 0064,,I64 E,,,,,,,,,38.235704853,-85.648536960,11.079,12/2/2020 12:00:00 AM,0955,1,1,0,0,CLEAR,DRY,False,OTHER ROADWAY OR MID-BLOCK COLLISION,SINGLE VEHICLE,STRAIGHT & LEVEL,DAYLIGHT,,,12/3/2020 7:42:24 AM,False,9152,Accepted,
27524031,0568000,LOUISVILLE METRO POLICE DEPT,Accepted,JEFFERSON,,,GLEN ROSE,RD,,,,,,,,38.113745831,-85.667562368,0.596,12/2/2020 12:00:00 AM,1858,1,1,0,0,CLEAR,DRY,False,OTHER ROADWAY OR MID-BLOCK COLLISION,SINGLE VEHICLE,STRAIGHT & LEVEL,DARK-HWY NOT LIGHTED,,,12/3/2020 8:09:35 AM,False,5138,Accepted,
27545418,0568000,LOUISVILLE METRO POLICE DEPT,Accepted,JEFFERSON,US0031E,,BARDSTOWN,RD,,,,,,,,38.232128308,-85.709640079,14.615,12/2/2020 12:00:00 AM,1800,2,2,0,0,CLEAR,DRY,False,1 VEHICLE ENTERING/LEAVING ENTRANCE,ANGLE,STRAIGHT & LEVEL,DARK-HWY LIGHTED/ON,,,12/9/2020 8:05:20 AM,False,2738,Accepted,
27520055,0568000,LOUISVILLE METRO POLICE DEPT,Accepted,JEFFERSON,,3100B,YOUNG,AVE,,,,,,,,38.229909099,-85.807879827,0.050,12/2/2020 12:00:00 AM,0039,2,2,0,1,CLEAR,DRY,False,1 VEHICLE PARKED POSITION (NOT PARKING LOT/DRIVEWAY),SIDESWIPE-SAME DIRECTION,STRAIGHT & LEVEL,DARK-HWY NOT LIGHTED,,,12/2/2020 8:39:41 AM,False,7343,Accepted,
27520062,0568000,LOUISVILLE METRO POLICE DEPT,Accepted,JEFFERSON,US0150,1033,BROADWAY,,W,,,,,,,38.247326486,-85.769237632,1.781,12/2/2020 12:00:00 AM,0648,2,1,0,1,CLEAR,DRY,False,COLLISION WITH BICYCLIST NON INTERSECTION,SINGLE VEHICLE,STRAIGHT & LEVEL,DUSK,,,12/2/2020 8:40:13 AM,False,7386,Accepted,
27520064,0568000,LOUISVILLE METRO POLICE DEPT,Accepted,JEFFERSON,,1501,HILL,ST,W,,,,,,,38.228214440,-85.781381125,1.343,12/2/2020 12:00:00 AM,0715,2,2,0,0,CLEAR,DRY,True,1 VEHICLE ENTERING/LEAVING ENTRANCE,ANGLE,STRAIGHT & LEVEL,DAWN,,,12/2/2020 8:40:18 AM,False,5239,Accepted,
27523889,0560300,ST. MATTHEWS POLICE DEPARTMENT,Accepted,JEFFERSON,US0060,5085,SHELBYVILLE,RD,,,,,TEN PIN,I 0264,I264 W EXIT20B OFF RAMP TO US60,38.250244042,-85.622279155,5.375,12/1/2020 12:00:00 AM,1440,2,2,0,0,CLEAR,DRY,False,COLLISION IN PARKING LOT,REAR END,STRAIGHT & LEVEL,DAYLIGHT,,,12/3/2020 7:42:20 AM,False,9156,Accepted,
27520052,0568000,LOUISVILLE METRO POLICE DEPT,Accepted,JEFFERSON,,2800,FORDHAVEN,RD,,,,,,,,38.149047212,-85.816176146,0.221,12/1/2020 12:00:00 AM,1233,2,2,0,0,CLEAR,DRY,True,1 VEHICLE PARKED POSITION (NOT PARKING LOT/DRIVEWAY),BACKING,STRAIGHT & LEVEL,DAYLIGHT,,,12/2/2020 8:39:32 AM,False,7234,Accepted,
27520060,0568000,LOUISVILLE METRO POLICE DEPT,Accepted,JEFFERSON,I 0071,,I71 S,,,,,I 0071,I71 TURN AROUND6,I 0071,I71 S EXIT5 RAMP TO I264 W,38.295817520,-85.627890383,6.195,12/1/2020 12:00:00 AM,0345,2,2,0,0,SNOWING,ICE,False,REAR END IN TRAFFIC LANES BOTH VEHICLES MOVING,REAR END,STRAIGHT & LEVEL,DARK-HWY NOT LIGHTED,,,12/2/2020 8:40:02 AM,True,5228,Accepted,
27520035,0568000,LOUISVILLE METRO POLICE DEPT,Accepted,JEFFERSON,I 0064,,,,,,,,,,,38.247710000,-85.699965046,0.245,12/1/2020 12:00:00 AM,0909,2,2,0,0,CLEAR,DRY,False,OTHER RAMP RELATED COLLISIONS NOT LISTED ABOVE,REAR END,STRAIGHT & GRADE,DAYLIGHT,I 0064,GRINSTEAD DR,12/2/2020 8:37:46 AM,False,6886,Accepted,
27520036,0568000,LOUISVILLE METRO POLICE DEPT,Accepted,JEFFERSON,KY0061,,PRESTON,HWY,,,HIGH SCHOOL,,,,,38.127556425,-85.680719621,3.148,12/1/2020 12:00:00 AM,1132,2,2,0,1,CLOUDY,DRY,False,ANGLE COLLISION - OTHER,ANGLE,STRAIGHT & LEVEL,DAYLIGHT,,,12/2/2020 8:37:52 AM,False,2547,Accepted,
27520045,0568000,LOUISVILLE METRO POLICE DEPT,Accepted,JEFFERSON,US0060,2000B,FRANKFORT,AVE,,,,,,,,38.254305556,-85.708846316,0.618,12/1/2020 12:00:00 AM,1554,3,3,0,0,CLEAR,DRY,False,1 VEHICLE PARKED POSITION (NOT PARKING LOT/DRIVEWAY),SIDESWIPE-SAME DIRECTION,STRAIGHT & LEVEL,DAYLIGHT,,,12/2/2020 8:38:40 AM,False,7281,Accepted,
27520046,0568000,LOUISVILLE METRO POLICE DEPT,Accepted,JEFFERSON,KY1447,9475,WESTPORT,RD,,,,,,,,38.286823855,-85.573954420,5.130,12/1/2020 12:00:00 AM,1157,2,2,0,0,CLOUDY,DRY,False,COLLISION IN PARKING LOT,SIDESWIPE-SAME DIRECTION,STRAIGHT & LEVEL,DAYLIGHT,,,12/2/2020 8:38:45 AM,False,7751,Accepted,
27520047,0568000,LOUISVILLE METRO POLICE DEPT,Accepted,JEFFERSON,I 0264,,I264 W,,,,,,,I 0264,I264 W EXIT1 ON RAMP FROM  BANK ST,38.266056945,-85.806673543,0.792,12/1/2020 12:00:00 AM,1750,2,2,0,0,CLEAR,DRY,True,1 VEHICLE ENTERING/LEAVING ENTRANCE,ANGLE,STRAIGHT & LEVEL,DAWN,,,12/2/2020 8:38:51 AM,False,7328,Accepted,
27515709,0568000,LOUISVILLE METRO POLICE DEPT,Accepted,JEFFERSON,I 0265,,I265 W,,,I 0265,I265 W EXIT15 OFF RAMP TO KY864,,,,,38.125072303,-85.613801825,15.231,12/1/2020 12:00:00 AM,0255,1,1,0,0,CLOUDY,ICE,False,COLLISION WITH FIXED OBJECT IN INTERSECTION - FIRST EVENT COLLISION 09 - 32,SINGLE VEHICLE,STRAIGHT & LEVEL,DARK-HWY LIGHTED/ON,,,12/1/2020 8:22:53 AM,False,2775,Accepted,