IncidentID,AgencyORI,AgencyName,IncidentStatusDesc,County,RdwyNumber,Street,RoadwayName,StreetSfx,StreetDir,IntersectionRdwy,IntersectionRdwyName,BetweenStRdwy1,BetweenStRdwyName1,BetweenStRdwy2,BetweenStRdwyName2,Latitude,Longitude,Milepoint,CollisionDate,CollisionTime,UnitsInvolved,MotorVehiclesInvolved,NumberKilled,NumberInjured,Weather,RdwyConditionCode,HitandRun,DirAnalysisCode,MannerofCollision,RdwyCharacter,LightCondition,RampFromRdwyId,RampToRdwyId,AcceptedDate,IsSecondaryCollision,OwnerBadge,IncidentStatus,
27515710,0568000,LOUISVILLE METRO POLICE DEPT,Accepted,JEFFERSON,I 0064,@20,I64 E,,,,,,,,,38.222549005,-85.490875016,19.729,12/1/2020 12:00:00 AM,0400,1,1,0,0,CLOUDY,ICE,False,COLLISION WITH FIXED OBJECT NON - INTERSECTION - FIRST EVENT COLLISION 09 - 32 EXCLUDING 16,SINGLE VEHICLE,STRAIGHT & LEVEL,DARK-HWY LIGHTED/OFF,,,12/1/2020 8:22:57 AM,False,7330,Accepted,
27520038,0568000,LOUISVILLE METRO POLICE DEPT,Accepted,JEFFERSON,,,PARK,RD,,,,,,,,38.107778147,-85.635730740,0.204,12/1/2020 12:00:00 AM,0845,1,1,0,0,CLEAR,DRY,False,OTHER COLLISIONS ON SHOULDER,SINGLE VEHICLE,CURVE & HILLCREST,DAYLIGHT,,,12/2/2020 8:37:59 AM,False,4693,Accepted,
27520039,0568000,LOUISVILLE METRO POLICE DEPT,Accepted,JEFFERSON,US0031E,,BUECHEL,BYP,,KY2251,KY2251 CROSSOVER,,,,,38.190520430,-85.644476584,9.900,12/1/2020 12:00:00 AM,1132,2,2,0,0,CLOUDY,DRY,False,ANGLE COLLISION - OTHER,ANGLE,STRAIGHT & LEVEL,DAYLIGHT,,,12/2/2020 8:38:02 AM,False,4693,Accepted,
27520053,0568000,LOUISVILLE METRO POLICE DEPT,Accepted,JEFFERSON,,,INDIAN,TRL,E,,PETERSBURG,,,,,38.184174471,-85.666136673,2.567,12/1/2020 12:00:00 AM,1937,2,2,0,0,CLEAR,DRY,False,ANGLE COLLISION - OTHER,ANGLE,STRAIGHT & LEVEL,DARK-HWY LIGHTED/ON,,,12/2/2020 8:39:35 AM,False,5174,Accepted,
27520054,0568000,LOUISVILLE METRO POLICE DEPT,Accepted,JEFFERSON,US0031W,,MAIN,ST,W,,7TH,,,,,38.257157904,-85.761980637,21.634,12/1/2020 12:00:00 AM,2310,2,2,0,1,CLEAR,DRY,False,SIDESWIPE-SAME DIRECTION,SIDESWIPE-SAME DIRECTION,STRAIGHT & LEVEL,DUSK,,,12/2/2020 8:39:38 AM,False,7904,Accepted,
27537351,0568000,LOUISVILLE METRO POLICE DEPT,Accepted,JEFFERSON,,320,21ST,ST,N,,,,,,,38.263275843,-85.783538455,0.198,12/1/2020 12:00:00 AM,1916,2,2,0,0,CLEAR,DRY,False,1 VEHICLE PARKED POSITION (NOT PARKING LOT/DRIVEWAY),SIDESWIPE-SAME DIRECTION,STRAIGHT & LEVEL,DARK-HWY LIGHTED/ON,,,12/7/2020 10:41:28 AM,False,5047,Accepted,
27549877,0568000,LOUISVILLE METRO POLICE DEPT,Accepted,JEFFERSON,I 0065,,,,,,,,,,,38.114164684,-85.703965493,0.417,12/1/2020 12:00:00 AM,0030,2,2,0,0,SNOWING,SNOW/SLUSH,False,OTHER RAMP RELATED COLLISIONS NOT LISTED ABOVE,REAR END,CURVE & GRADE,DARK-HWY LIGHTED/ON,I 0065,I 0065,12/10/2020 8:36:56 AM,False,7915,Accepted,
27520040,0568000,LOUISVILLE METRO POLICE DEPT,Accepted,JEFFERSON,KY0061,,PRESTON,HWY,,,PINECROFT,,,,,38.134443689,-85.684536049,3.664,12/1/2020 12:00:00 AM,1246,2,2,0,1,CLOUDY,DRY,False,ANGLE COLLISION - OTHER,ANGLE,STRAIGHT & LEVEL,DAYLIGHT,,,12/2/2020 8:38:05 AM,False,4693,Accepted,
27520048,0568000,LOUISVILLE METRO POLICE DEPT,Accepted,JEFFERSON,,,BLUEGRASS,AVE,,,,,,,,38.179403179,-85.794008738,0.265,12/1/2020 12:00:00 AM,1336,2,2,0,2,CLEAR,DRY,False,1 VEHICLE ENTERING/LEAVING ENTRANCE,ANGLE,STRAIGHT & HILLCREST,DAYLIGHT,,,12/2/2020 8:38:56 AM,False,5330,Accepted,
27520057,0568000,LOUISVILLE METRO POLICE DEPT,Accepted,JEFFERSON,KY1931,,MANSLICK,RD,,,CONN,,,,,38.196083882,-85.799066612,8.452,12/1/2020 12:00:00 AM,2259,3,3,0,0,CLEAR,DRY,False,OTHER INTERSECTION COLLISIONS,REAR END,STRAIGHT & LEVEL,DARK-HWY LIGHTED/ON,,,12/2/2020 8:39:51 AM,False,7435,Accepted,
27537223,0568000,LOUISVILLE METRO POLICE DEPT,Accepted,JEFFERSON,,,FLOYD,ST,S,,FARMINGTON,,,,,38.199040693,-85.756964728,3.912,12/1/2020 12:00:00 AM,1709,1,1,0,0,CLOUDY,WET,False,COLLISION WITH FIXED OBJECT IN INTERSECTION - FIRST EVENT COLLISION 09 - 32,SINGLE VEHICLE,STRAIGHT & LEVEL,DUSK,,,12/7/2020 10:32:05 AM,False,5052,Accepted,
27527937,0568000,LOUISVILLE METRO POLICE DEPT,Accepted,JEFFERSON,KY1703,,BAXTER,AVE,,,EDENSIDE,,,,,38.229433651,-85.715692823,4.746,12/1/2020 12:00:00 AM,1452,2,2,0,0,CLEAR,DRY,False,ANGLE COLLISION - OTHER,ANGLE,STRAIGHT & GRADE,DAYLIGHT,,,12/4/2020 7:56:19 AM,False,2543,Accepted,
27537245,0568000,LOUISVILLE METRO POLICE DEPT,Accepted,JEFFERSON,I 0065,,I65 N,,,,,,,,,38.162835559,-85.720625122,128.670,12/1/2020 12:00:00 AM,1531,3,3,0,0,CLEAR,DRY,False,SIDESWIPE COLLISION - SAME DIRECTION,SIDESWIPE-SAME DIRECTION,CURVE & LEVEL,DAYLIGHT,,,12/7/2020 10:34:01 AM,False,8278,Accepted,
27515713,0568000,LOUISVILLE METRO POLICE DEPT,Accepted,JEFFERSON,I 0264,,I264 W,,,I 0264,I264 W EXIT17B OFF RAMP TO KY155 N,,,,,38.221792033,-85.650456907,17.022,12/1/2020 12:00:00 AM,0039,2,2,0,0,SNOWING,WET,False,SIDESWIPE-SAME DIRECTION,SIDESWIPE-SAME DIRECTION,STRAIGHT & HILLCREST,DARK-HWY LIGHTED/ON,,,12/1/2020 8:23:06 AM,False,7101,Accepted,
27515714,0568000,LOUISVILLE METRO POLICE DEPT,Accepted,JEFFERSON,I 0264,,I264 E,,,,,,,,,38.211118506,-85.671071853,15.676,12/1/2020 12:00:00 AM,0429,2,2,0,1,CLEAR,ICE,False,1 VEHICLE ENTERING/LEAVING ENTRANCE,ANGLE,STRAIGHT & HILLCREST,DARK-HWY LIGHTED/ON,,,12/1/2020 8:23:10 AM,False,7101,Accepted,
27515711,0568000,LOUISVILLE METRO POLICE DEPT,Accepted,JEFFERSON,,,32ND,ST,S,,HALE,,,,,38.240240605,-85.806811243,0.914,12/1/2020 12:00:00 AM,0206,1,1,0,0,CLEAR,DRY,False,COLLISION WITH FIXED OBJECT IN INTERSECTION - FIRST EVENT COLLISION 09 - 32,SINGLE VEHICLE,STRAIGHT & LEVEL,DARK-HWY NOT LIGHTED,,,12/1/2020 8:23:00 AM,False,5229,Accepted,
27518535,0560600,WEST BUECHEL POLICE DEPT.,Accepted,JEFFERSON,US0060A,,BERRY,BLVD,,,,KY1931,7TH STREET,,CONTINENTAL,38.196743722,-85.797954576,0.648,12/1/2020 12:00:00 AM,1730,2,2,0,0,CLOUDY,DRY,False,1 VEHICLE ENTERING/LEAVING ENTRANCE,ANGLE,STRAIGHT & LEVEL,DUSK,,,12/1/2020 9:08:34 PM,False,1290,Accepted,
27520042,0568000,LOUISVILLE METRO POLICE DEPT,Accepted,JEFFERSON,,,MADISON,ST,W,,,,26TH,,24TH,38.253962752,-85.793124064,1.127,12/1/2020 12:00:00 AM,1435,2,2,0,0,CLEAR,DRY,True,OTHER ROADWAY OR MID-BLOCK COLLISION,REAR TO REAR,STRAIGHT & LEVEL,DAYLIGHT,,,12/2/2020 8:38:10 AM,False,7463,Accepted,
27520043,0568000,LOUISVILLE METRO POLICE DEPT,Accepted,JEFFERSON,,,MADISON,ST,W,,26TH,,,,,38.254094240,-85.794373406,1.195,12/1/2020 12:00:00 AM,1414,3,3,0,1,CLEAR,DRY,False,ANGLE COLLISION - OTHER,ANGLE,STRAIGHT & LEVEL,DAYLIGHT,,,12/2/2020 8:38:33 AM,False,7937,Accepted,
27520050,0568000,LOUISVILLE METRO POLICE DEPT,Accepted,JEFFERSON,US0042,,BROWNSBORO,RD,,,MELLWOOD,,,,,38.260132510,-85.716864599,1.022,12/1/2020 12:00:00 AM,1056,3,3,0,0,CLEAR,DRY,False,ANGLE COLLISION - OTHER,ANGLE,STRAIGHT & GRADE,DAYLIGHT,,,12/2/2020 8:39:25 AM,False,5337,Accepted,
27520058,0568000,LOUISVILLE METRO POLICE DEPT,Accepted,JEFFERSON,,,COOPER CHAPEL,RD,,,PRESTON CROSSING,,,,,38.103902946,-85.670295170,0.118,12/1/2020 12:00:00 AM,1951,2,2,0,0,CLEAR,DRY,True,COLLISION WITH FIXED OBJECT IN INTERSECTION - FIRST EVENT COLLISION 09 - 32,ANGLE,STRAIGHT & LEVEL,DARK-HWY NOT LIGHTED,,,12/2/2020 8:39:55 AM,False,5198,Accepted,
27520059,0568000,LOUISVILLE METRO POLICE DEPT,Accepted,JEFFERSON,I 0071,,I71 S,,,,,I 0071,I71 TURN AROUND6,I 0071,I71 S EXIT5 RAMP TO I264 W,38.295817520,-85.627890383,6.195,12/1/2020 12:00:00 AM,0345,1,1,0,0,SNOWING,ICE,False,OTHER COLLISIONS ON SHOULDER,SINGLE VEHICLE,STRAIGHT & LEVEL,DARK-HWY NOT LIGHTED,,,12/2/2020 8:39:58 AM,False,5228,Accepted,
29312666,0568000,LOUISVILLE METRO POLICE DEPT,Accepted,JEFFERSON,US0031W,,DIXIE,HWY,,,BONNYVILLE,,,,,38.167630393,-85.828948044,13.167,12/1/2020 12:00:00 AM,0810,2,2,0,0,CLEAR,DRY,False,OTHER INTERSECTION COLLISIONS,REAR END,STRAIGHT & LEVEL,DAYLIGHT,,,11/15/2021 8:22:01 AM,False,5329,Accepted,
27641268,0568000,LOUISVILLE METRO POLICE DEPT,Accepted,JEFFERSON,I 0265,,I265 W,,,,,,,,,38.152894312,-85.535995777,20.090,12/1/2020 12:00:00 AM,0226,1,1,1,0,CLOUDY,ICE,False,COLLISION WITH FIXED OBJECT NON - INTERSECTION - FIRST EVENT COLLISION 09 - 32 EXCLUDING 16,SINGLE VEHICLE,STRAIGHT & GRADE,DARK-HWY NOT LIGHTED,,,1/6/2021 2:52:33 PM,False,7772,Accepted,
27858574,0568000,LOUISVILLE METRO POLICE DEPT,Accepted,JEFFERSON,US0031W,2133,22ND,ST,S,,MARKET,,,,,38.258543140,-85.786554600,20.208,11/30/2020 12:00:00 AM,1300,3,3,0,3,RAINING,WET,False,ANGLE COLLISION - OTHER,ANGLE,STRAIGHT & LEVEL,DAYLIGHT,,,3/8/2021 10:54:41 AM,False,5320,Accepted,
27520051,0568000,LOUISVILLE METRO POLICE DEPT,Accepted,JEFFERSON,,,DUNCAN,ST,,US0150,22ND,,,,,38.262572767,-85.785848174,0.489,11/30/2020 12:00:00 AM,1800,1,1,0,0,SLEET HAIL FREEZING RAIN,WET,False,COLLISION WITH FIXED OBJECT IN INTERSECTION - FIRST EVENT COLLISION 09 - 32,SINGLE VEHICLE,STRAIGHT & LEVEL,DARK (UNKNOWN ROADWAY LIGHTING),,,12/2/2020 8:39:29 AM,False,5322,Accepted,
27520034,0568000,LOUISVILLE METRO POLICE DEPT,Accepted,JEFFERSON,US0031E,,BARDSTOWN,RD,,,COLONEL HANCOCK,,,,,38.130423686,-85.577354675,4.086,11/30/2020 12:00:00 AM,1842,2,2,0,0,SLEET HAIL FREEZING RAIN,WET,False,ANGLE COLLISION - OTHER,ANGLE,STRAIGHT & LEVEL,DARK-HWY NOT LIGHTED,,,12/2/2020 8:37:43 AM,False,7755,Accepted,
27515686,0568000,LOUISVILLE METRO POLICE DEPT,Accepted,JEFFERSON,KY0155,,TAYLORSVILLE,RD,,,HIKES,,,,,38.219890987,-85.625649506,13.315,11/30/2020 12:00:00 AM,1148,2,2,0,0,RAINING,WET,True,OTHER INTERSECTION COLLISIONS,REAR END,STRAIGHT & LEVEL,DAYLIGHT,,,12/1/2020 8:20:46 AM,False,5191,Accepted,
27511301,0568000,LOUISVILLE METRO POLICE DEPT,Accepted,JEFFERSON,,1115,FORREST VIEW,DR,,,,,,,,38.118645149,-85.679670497,0.082,11/30/2020 12:00:00 AM,0350,1,1,0,0,RAINING,WET,False,COLLISION WITH FIXED OBJECT NON - INTERSECTION - FIRST EVENT COLLISION 09 - 32 EXCLUDING 16,SINGLE VEHICLE,STRAIGHT & LEVEL,DARK-HWY NOT LIGHTED,,,11/30/2020 8:42:41 AM,False,5248,Accepted,
27520032,0568000,LOUISVILLE METRO POLICE DEPT,Accepted,JEFFERSON,KY0907,,3RD ST,RD,,,,,,,,38.116557134,-85.810030968,3.489,11/30/2020 12:00:00 AM,1618,3,3,0,0,RAINING,WET,False,OTHER ROADWAY OR MID-BLOCK COLLISION,REAR TO REAR,STRAIGHT & LEVEL,DAYLIGHT,,,12/2/2020 8:37:31 AM,False,7174,Accepted,
27537256,0568000,LOUISVILLE METRO POLICE DEPT,Accepted,JEFFERSON,KY1450,,BLUE LICK,RD,,,,,,,,38.089151670,-85.699492128,0.209,11/30/2020 12:00:00 AM,1635,3,3,0,0,CLOUDY,DRY,False,1 VEHICLE ENTERING/LEAVING ENTRANCE,ANGLE,STRAIGHT & LEVEL,DAYLIGHT,,,12/7/2020 10:35:09 AM,False,2583,Accepted,
27527955,0568000,LOUISVILLE METRO POLICE DEPT,Accepted,JEFFERSON,US0031W,,MAIN,ST,W,,,US0150,DR W J HODGE,US0031W,22ND,38.259763792,-85.784689429,20.388,11/30/2020 12:00:00 AM,0052,2,2,0,0,RAINING,WET,True,1 VEHICLE PARKED POSITION (NOT PARKING LOT/DRIVEWAY),REAR END,STRAIGHT & LEVEL,DARK-HWY LIGHTED/ON,,,12/4/2020 7:57:00 AM,False,5305,Accepted,
27537248,0568000,LOUISVILLE METRO POLICE DEPT,Accepted,JEFFERSON,US0150,,BROADWAY,,E,,HANCOCK,,,,,38.245000922,-85.743547970,3.187,11/30/2020 12:00:00 AM,1315,2,2,0,0,CLOUDY,DRY,False,ANGLE COLLISION - OTHER,ANGLE,STRAIGHT & LEVEL,DAYLIGHT,,,12/7/2020 10:34:19 AM,False,7879,Accepted,
27537356,0568000,LOUISVILLE METRO POLICE DEPT,Accepted,JEFFERSON,,,ZORN,AVE,,I 0071,I71 N EXIT2 ON RAMP FROM  ZORN AVE,,,,,38.275336822,-85.697500073,1.580,11/30/2020 12:00:00 AM,0615,2,2,0,1,RAINING,WET,False,OTHER INTERSECTION COLLISIONS,REAR END,STRAIGHT & LEVEL,DARK-HWY NOT LIGHTED,,,12/7/2020 10:41:54 AM,False,7022,Accepted,
27524011,0568000,LOUISVILLE METRO POLICE DEPT,Accepted,JEFFERSON,,,DUMESNIL,ST,,,DIXIE,,,,,38.236378589,-85.787193285,1.740,11/30/2020 12:00:00 AM,1940,2,1,0,1,CLEAR,DRY,True,COLLISION WITH PEDESTRIAN IN INTERSECTION,SINGLE VEHICLE,STRAIGHT & LEVEL,DUSK,,,12/3/2020 8:08:04 AM,False,5327,Accepted,
27524017,0568000,LOUISVILLE METRO POLICE DEPT,Accepted,JEFFERSON,I 0065,,I65 N,,,,,I 0064,I64 E EXIT5AB RAMP TO I65 N,I 0064,I64 S EXIT137 RAMP TO I71 N,38.257429936,-85.741279388,136.376,11/30/2020 12:00:00 AM,1138,1,1,0,0,RAINING,WET,False,OTHER ROADWAY OR MID-BLOCK COLLISION,SINGLE VEHICLE,CURVE & HILLCREST,DAYLIGHT,,,12/3/2020 8:08:47 AM,False,7058,Accepted,
27524025,0568000,LOUISVILLE METRO POLICE DEPT,Accepted,JEFFERSON,,,PAGES,LN,E,,,,,,,38.126531413,-85.843802625,0.352,11/30/2020 12:00:00 AM,0630,3,3,0,0,RAINING,WET,False,REAR END IN TRAFFIC LANES BOTH VEHICLES MOVING,REAR END,STRAIGHT & LEVEL,DARK-HWY NOT LIGHTED,,,12/3/2020 8:09:15 AM,False,5136,Accepted,
27515695,0568000,LOUISVILLE METRO POLICE DEPT,Accepted,JEFFERSON,,,23RD,ST,S,,HUMLER,,,,,38.244320170,-85.791526711,0.677,11/30/2020 12:00:00 AM,1234,2,2,0,6,RAINING,WET,False,ANGLE COLLISION - OTHER,ANGLE,STRAIGHT & LEVEL,DAYLIGHT,,,12/1/2020 8:22:00 AM,False,5032,Accepted,
27515696,0568000,LOUISVILLE METRO POLICE DEPT,Accepted,JEFFERSON,KY1865,,TAYLOR,BLVD,,,,,SEELBACH,,ASHLAND,38.187337848,-85.783580570,5.578,11/30/2020 12:00:00 AM,1510,2,2,0,0,RAINING,WET,False,REAR END IN TRAFFIC LANES BOTH VEHICLES MOVING,REAR END,STRAIGHT & LEVEL,DAYLIGHT,,,12/1/2020 8:22:06 AM,False,5296,Accepted,
27515697,0568000,LOUISVILLE METRO POLICE DEPT,Accepted,JEFFERSON,,,OAK,ST,W,,12TH,,,,,38.236238895,-85.773612535,1.000,11/30/2020 12:00:00 AM,1320,2,2,0,0,CLOUDY,WET,True,OPPOSING LEFT TURN,OPPOSING LEFT TURN,STRAIGHT & HILLCREST,DAYLIGHT,,,12/1/2020 8:22:10 AM,False,7184,Accepted,
27515703,0568000,LOUISVILLE METRO POLICE DEPT,Accepted,JEFFERSON,KY0155,,TAYLORSVILLE LAKE,RD,,,,,,,,38.176258266,-85.462964770,2.963,11/30/2020 12:00:00 AM,1732,1,1,0,0,BLOWING SAND/SOIL/DIRT/SNOW,WET,False,COLLISION WITH ANIMAL NON INTERSECTION,SINGLE VEHICLE,STRAIGHT & LEVEL,DARK-HWY NOT LIGHTED,,,12/1/2020 8:22:34 AM,False,7755,Accepted,
27515704,0568000,LOUISVILLE METRO POLICE DEPT,Accepted,JEFFERSON,US0060,14010,SHELBYVILLE,RD,,,,,,,,38.238994733,-85.489199933,12.846,11/30/2020 12:00:00 AM,1850,1,1,0,0,SNOWING,WET,False,COLLISION IN PARKING LOT,SINGLE VEHICLE,STRAIGHT & LEVEL,DARK-HWY LIGHTED/ON,,,12/1/2020 8:22:37 AM,False,7012,Accepted,
27515705,0568000,LOUISVILLE METRO POLICE DEPT,Accepted,JEFFERSON,KY1747,,FERN VALLEY,RD,,,JEFFERSON,,,,,38.156829374,-85.671662829,3.321,11/30/2020 12:00:00 AM,2048,2,2,0,1,CLOUDY,WET,False,ANGLE COLLISION - OTHER,ANGLE,STRAIGHT & LEVEL,DARK-HWY NOT LIGHTED,,,12/1/2020 8:22:40 AM,False,5101,Accepted,
27515706,0568000,LOUISVILLE METRO POLICE DEPT,Accepted,JEFFERSON,,,NORENE,LN,,,JEANINE,,,,,38.166912590,-85.687770166,0.073,11/30/2020 12:00:00 AM,2001,2,2,0,0,SNOWING,SNOW/SLUSH,True,SIDESWIPE-SAME DIRECTION,SIDESWIPE-SAME DIRECTION,STRAIGHT & LEVEL,DARK (UNKNOWN ROADWAY LIGHTING),,,12/1/2020 8:22:43 AM,False,5318,Accepted,
27515712,0568000,LOUISVILLE METRO POLICE DEPT,Accepted,JEFFERSON,I 0264,,I264 W,,,I 0264,I264 W EXIT17B OFF RAMP TO KY155 N,,,,,38.223095311,-85.647706791,17.196,11/30/2020 12:00:00 AM,2339,2,2,0,3,SNOWING,WET,False,OTHER INTERSECTION COLLISIONS,REAR END,STRAIGHT & HILLCREST,DARK-HWY LIGHTED/ON,,,12/1/2020 8:23:03 AM,False,7101,Accepted,
27515680,0568000,LOUISVILLE METRO POLICE DEPT,Accepted,JEFFERSON,,,HILL,ST,W,,17TH,,,,,38.227996552,-85.784761466,1.527,11/30/2020 12:00:00 AM,0800,2,2,0,0,RAINING,WET,False,ANGLE COLLISION - OTHER,ANGLE,STRAIGHT & LEVEL,DAYLIGHT,,,12/1/2020 8:20:19 AM,False,7538,Accepted,
27514800,0561000,JEFFERSONTOWN POLICE DEPT,Accepted,JEFFERSON,,,WATTERSON,TRL,,,LOCHRIDGE,,,,,38.183355576,-85.590428424,1.967,11/30/2020 12:00:00 AM,1646,3,3,0,0,RAINING,WET,True,OTHER INTERSECTION COLLISIONS,REAR END,STRAIGHT & LEVEL,DAYLIGHT,,,11/30/2020 11:58:37 PM,True,8265,Accepted,
27515687,0568000,LOUISVILLE METRO POLICE DEPT,Accepted,JEFFERSON,I 0065,,,,,,,,,,,38.226792756,-85.751402871,0.014,11/30/2020 12:00:00 AM,1222,2,2,0,0,RAINING,WET,False,OTHER RAMP RELATED COLLISIONS NOT LISTED ABOVE,HEAD ON,CURVE & GRADE,DAYLIGHT,I 0065,KY0061,12/1/2020 8:20:51 AM,False,4903,Accepted,
27515688,0568000,LOUISVILLE METRO POLICE DEPT,Accepted,JEFFERSON,I 0264,,I264 W,,,,,,,,,38.186956308,-85.790906017,8.791,11/30/2020 12:00:00 AM,1232,3,3,0,0,RAINING,WET,False,SIDESWIPE COLLISION - SAME DIRECTION,SIDESWIPE-SAME DIRECTION,STRAIGHT & LEVEL,DAYLIGHT,,,12/1/2020 8:20:56 AM,False,8278,Accepted,
27511299,0568000,LOUISVILLE METRO POLICE DEPT,Accepted,JEFFERSON,US0060,,SHELBYVILLE,RD,,,,,BIRCHAM,,BECKLEY CREEK,38.236070125,-85.475069888,13.652,11/30/2020 12:00:00 AM,0050,1,1,0,0,RAINING,WET,False,COLLISION WITH FIXED OBJECT NON - INTERSECTION - FIRST EVENT COLLISION 09 - 32 EXCLUDING 16,SINGLE VEHICLE,STRAIGHT & HILLCREST,DARK-HWY NOT LIGHTED,,,11/30/2020 8:42:33 AM,False,5304,Accepted,
27511307,0568000,LOUISVILLE METRO POLICE DEPT,Accepted,JEFFERSON,I 0264,,,,,,,,,,,38.186875921,-85.784974186,0.071,11/30/2020 12:00:00 AM,0615,2,2,0,1,RAINING,WET,False,OTHER RAMP RELATED COLLISIONS NOT LISTED ABOVE,REAR END,STRAIGHT & LEVEL,DARK-HWY LIGHTED/ON,KY1865,I 0264,11/30/2020 8:42:57 AM,False,5183,Accepted,
27537242,0568000,LOUISVILLE METRO POLICE DEPT,Accepted,JEFFERSON,I 0064,,I64 E,,,,,,,,,38.260071473,-85.725215853,6.403,11/30/2020 12:00:00 AM,1612,1,1,0,0,RAINING,WET,False,OTHER ROADWAY OR MID-BLOCK COLLISION,SINGLE VEHICLE,CURVE & GRADE,DAYLIGHT,,,12/7/2020 10:33:49 AM,False,8278,Accepted,
27515683,0568000,LOUISVILLE METRO POLICE DEPT,Accepted,JEFFERSON,KY2051,2903,ROCKFORD,LN,,,,,,,,38.179989762,-85.851561550,1.612,11/30/2020 12:00:00 AM,1058,2,2,0,1,RAINING,WET,False,SIDESWIPE COLLISION - SAME DIRECTION,SIDESWIPE-SAME DIRECTION,CURVE & LEVEL,DAYLIGHT,,,12/1/2020 8:20:33 AM,False,7424,Accepted,
27515684,0568000,LOUISVILLE METRO POLICE DEPT,Accepted,JEFFERSON,US0031E,,BARDSTOWN,RD,,,FERNDALE,,,,,38.155478739,-85.589967696,5.953,11/30/2020 12:00:00 AM,1105,2,2,0,1,RAINING,WET,False,ANGLE COLLISION - OTHER,ANGLE,STRAIGHT & GRADE,DAYLIGHT,,,12/1/2020 8:20:37 AM,False,2017,Accepted,
27515685,0568000,LOUISVILLE METRO POLICE DEPT,Accepted,JEFFERSON,,739,COMPTON,ST,,,,,,,,38.213816487,-85.771606153,0.049,11/30/2020 12:00:00 AM,1215,1,1,0,0,RAINING,WET,False,COLLISION WITH FIXED OBJECT NON - INTERSECTION - FIRST EVENT COLLISION 09 - 32 EXCLUDING 16,SINGLE VEHICLE,STRAIGHT & GRADE,DAYLIGHT,,,12/1/2020 8:20:41 AM,False,5334,Accepted,
27515691,0568000,LOUISVILLE METRO POLICE DEPT,Accepted,JEFFERSON,US0031E,,BARDSTOWN,RD,,,,,,,,38.187703014,-85.638653083,9.481,11/30/2020 12:00:00 AM,1139,2,2,0,1,RAINING,WET,False,REAR END IN TRAFFIC LANES BOTH VEHICLES MOVING,REAR END,STRAIGHT & LEVEL,DAYLIGHT,,,12/1/2020 8:21:29 AM,False,4693,Accepted,
27515692,0568000,LOUISVILLE METRO POLICE DEPT,Accepted,JEFFERSON,US0031E,,BARDSTOWN,RD,,,,,,,,38.205553629,-85.666751463,11.561,11/30/2020 12:00:00 AM,1308,2,2,0,0,RAINING,WET,False,1 VEHICLE ENTERING/LEAVING ENTRANCE,ANGLE,STRAIGHT & LEVEL,DAYLIGHT,,,12/1/2020 8:21:36 AM,False,4693,Accepted,
27515693,0568000,LOUISVILLE METRO POLICE DEPT,Accepted,JEFFERSON,,,MUHAMMAD ALI,BLVD,W,,32ND,,,,,38.256441683,-85.804950943,2.874,11/30/2020 12:00:00 AM,1442,2,2,0,0,RAINING,WET,False,ANGLE COLLISION - OTHER,ANGLE,STRAIGHT & LEVEL,DAYLIGHT,,,12/1/2020 8:21:44 AM,False,5324,Accepted,
27515699,0568000,LOUISVILLE METRO POLICE DEPT,Accepted,JEFFERSON,,,DUMESNIL,ST,,,,,,,,38.237990651,-85.813543930,0.363,11/30/2020 12:00:00 AM,1329,2,2,0,0,SLEET HAIL FREEZING RAIN,WET,False,SIDESWIPE COLLISION - SAME DIRECTION,SIDESWIPE-SAME DIRECTION,STRAIGHT & LEVEL,DAYLIGHT,,,12/1/2020 8:22:18 AM,False,7469,Accepted,
27515700,0568000,LOUISVILLE METRO POLICE DEPT,Accepted,JEFFERSON,,,LEE,ST,W,KY1020,2ND,,,,,38.223051050,-85.759077173,1.315,11/30/2020 12:00:00 AM,1236,2,2,0,0,CLOUDY,WET,False,COLLISION WITH PARKED VEHICLE,SIDESWIPE-SAME DIRECTION,STRAIGHT & LEVEL,DAYLIGHT,,,12/1/2020 8:22:22 AM,False,5325,Accepted,