IncidentID,AgencyORI,AgencyName,IncidentStatusDesc,County,RdwyNumber,Street,RoadwayName,StreetSfx,StreetDir,IntersectionRdwy,IntersectionRdwyName,BetweenStRdwy1,BetweenStRdwyName1,BetweenStRdwy2,BetweenStRdwyName2,Latitude,Longitude,Milepoint,CollisionDate,CollisionTime,UnitsInvolved,MotorVehiclesInvolved,NumberKilled,NumberInjured,Weather,RdwyConditionCode,HitandRun,DirAnalysisCode,MannerofCollision,RdwyCharacter,LightCondition,RampFromRdwyId,RampToRdwyId,AcceptedDate,IsSecondaryCollision,OwnerBadge,IncidentStatus,
27515701,0568000,LOUISVILLE METRO POLICE DEPT,Accepted,JEFFERSON,KY0155,,TAYLORSVILLE,RD,,,WALLACE,,,,,38.223512269,-85.682685610,16.426,11/30/2020 12:00:00 AM,1417,2,2,0,0,SLEET HAIL FREEZING RAIN,WET,True,OPPOSING LEFT TURN,OPPOSING LEFT TURN,STRAIGHT & LEVEL,DAYLIGHT,,,12/1/2020 8:22:27 AM,False,7740,Accepted,
27515702,0568000,LOUISVILLE METRO POLICE DEPT,Accepted,JEFFERSON,KY1747,2901,FERN VALLEY,RD,,,,,,,,38.157169989,-85.713412666,1.031,11/30/2020 12:00:00 AM,1615,2,2,0,0,RAINING,WET,False,1 VEHICLE ENTERING/LEAVING ENTRANCE,ANGLE,STRAIGHT & LEVEL,DAYLIGHT,,,12/1/2020 8:22:31 AM,False,7812,Accepted,
27515707,0568000,LOUISVILLE METRO POLICE DEPT,Accepted,JEFFERSON,I 0265,,I265 N,,,,,,,,,38.287177675,-85.521225588,30.849,11/30/2020 12:00:00 AM,2153,1,1,0,0,SLEET HAIL FREEZING RAIN,WET,False,OTHER ROADWAY OR MID-BLOCK COLLISION,SINGLE VEHICLE,STRAIGHT & GRADE,DARK-HWY LIGHTED/ON,,,12/1/2020 8:22:47 AM,False,7159,Accepted,
27515708,0568000,LOUISVILLE METRO POLICE DEPT,Accepted,JEFFERSON,KY1450,,BLUE LICK,RD,,,OLD SCHOOL HOUSE,,,,,38.102563300,-85.693682607,1.191,11/30/2020 12:00:00 AM,1922,2,2,0,0,SNOWING,SNOW/SLUSH,False,HEAD-ON COLLISION,HEAD ON,CURVE & LEVEL,DARK-HWY NOT LIGHTED,,,12/1/2020 8:22:50 AM,False,7474,Accepted,
27515716,0568000,LOUISVILLE METRO POLICE DEPT,Accepted,JEFFERSON,US0031W,,22ND,ST,S,,OAK,,,,,38.237491331,-85.790298335,18.743,11/30/2020 12:00:00 AM,2031,2,2,0,0,SNOWING,WET,False,ANGLE COLLISION - OTHER,ANGLE,STRAIGHT & LEVEL,DARK-HWY LIGHTED/ON,,,12/1/2020 8:23:20 AM,False,5292,Accepted,
27511304,0568000,LOUISVILLE METRO POLICE DEPT,Accepted,JEFFERSON,I 0264,,,,,,,,,,,38.210375188,-85.826894580,0.091,11/30/2020 12:00:00 AM,0440,1,1,0,0,RAINING,WET,True,OTHER RAMP RELATED COLLISIONS NOT LISTED ABOVE,SINGLE VEHICLE,STRAIGHT & HILLCREST,DARK-HWY LIGHTED/ON,I 0264,KY1934,11/30/2020 8:42:51 AM,False,2877,Accepted,
27511306,0568000,LOUISVILLE METRO POLICE DEPT,Accepted,JEFFERSON,KY1020,,2ND,ST,S,,,,,,,38.254182119,-85.753740320,12.675,11/30/2020 12:00:00 AM,0510,2,2,0,0,RAINING,WET,False,REAR END IN TRAFFIC LANES BOTH VEHICLES MOVING,REAR END,STRAIGHT & LEVEL,DARK-HWY LIGHTED/ON,,,11/30/2020 8:42:53 AM,False,5331,Accepted,
27515690,0568000,LOUISVILLE METRO POLICE DEPT,Accepted,JEFFERSON,I 0064,,I64 E,,,I 0264,I264 E,,,,,38.236590634,-85.618729957,12.720,11/30/2020 12:00:00 AM,1330,2,2,0,1,SLEET HAIL FREEZING RAIN,WET,True,OTHER INTERSECTION COLLISIONS,REAR END,STRAIGHT & LEVEL,DAYLIGHT,,,12/1/2020 8:21:19 AM,False,2013,Accepted,
27515698,0568000,LOUISVILLE METRO POLICE DEPT,Accepted,JEFFERSON,,6313,LOWER HUNTERS,TRCE,,,,,,,,38.167730820,-85.871769599,2.237,11/30/2020 12:00:00 AM,1236,1,1,0,0,RAINING,WET,True,COLLISION WITH FIXED OBJECT NON - INTERSECTION - FIRST EVENT COLLISION 09 - 32 EXCLUDING 16,SINGLE VEHICLE,STRAIGHT & LEVEL,DAYLIGHT,,,12/1/2020 8:22:15 AM,False,7356,Accepted,
27515715,0568000,LOUISVILLE METRO POLICE DEPT,Accepted,JEFFERSON,KY1747,,HURSTBOURNE,PKWY,S,,RAINTREE,,,,,38.200708677,-85.602920347,9.727,11/30/2020 12:00:00 AM,2342,2,2,0,0,SNOWING,WET,False,ANGLE COLLISION - OTHER,ANGLE,STRAIGHT & GRADE,DARK-HWY NOT LIGHTED,,,12/1/2020 8:23:14 AM,False,7851,Accepted,
27588712,0568000,LOUISVILLE METRO POLICE DEPT,Accepted,JEFFERSON,,200,ABRAHAM FLEXNER,WAY,,,,,,,,38.249259358,-85.750095028,0.004,11/30/2020 12:00:00 AM,1805,1,1,0,0,SNOWING,WET,False,COLLISION IN PARKING LOT,SINGLE VEHICLE,STRAIGHT & LEVEL,DARK-HWY LIGHTED/ON,,,12/21/2020 8:42:56 AM,False,2764,Accepted,
27568235,0568000,LOUISVILLE METRO POLICE DEPT,Accepted,JEFFERSON,,,30TH,ST,S,,CHESTNUT,,,,,38.253715642,-85.800913559,0.535,11/29/2020 12:00:00 AM,2308,1,1,0,2,RAINING,WET,False,COLLISION WITH FIXED OBJECT IN INTERSECTION - FIRST EVENT COLLISION 09 - 32,SINGLE VEHICLE,STRAIGHT & LEVEL,DARK-HWY LIGHTED/ON,,,12/15/2020 9:59:42 AM,False,5199,Accepted,
27511278,0568000,LOUISVILLE METRO POLICE DEPT,Accepted,JEFFERSON,,2900,MARIGOLD,AVE,,,LORETTA,,,,,38.166643779,-85.709621834,0.088,11/29/2020 12:00:00 AM,1507,1,1,0,0,CLEAR,DRY,False,COLLISION WITH FIXED OBJECT IN INTERSECTION - FIRST EVENT COLLISION 09 - 32,SINGLE VEHICLE,STRAIGHT & LEVEL,DAYLIGHT,,,11/30/2020 8:40:39 AM,False,5321,Accepted,
27511286,0568000,LOUISVILLE METRO POLICE DEPT,Accepted,JEFFERSON,KY6162,2700B,MINOR,LN,,KY6160,MINORS LN SERVICE ROAD,,,,,38.135659085,-85.711689209,0.163,11/29/2020 12:00:00 AM,0630,2,2,0,0,CLEAR,DRY,True,COLLISION WITH PARKED VEHICLE,REAR END,STRAIGHT & LEVEL,DARK-HWY LIGHTED/ON,,,11/30/2020 8:41:15 AM,False,7669,Accepted,
27511295,0568000,LOUISVILLE METRO POLICE DEPT,Accepted,JEFFERSON,,,BARRET,AVE,,,,,,,,38.237895274,-85.729318662,0.835,11/29/2020 12:00:00 AM,1808,3,3,0,0,CLEAR,DRY,False,REAR END IN TRAFFIC LANES BOTH VEHICLES MOVING,REAR END,STRAIGHT & LEVEL,DARK-HWY LIGHTED/ON,,,11/30/2020 8:42:12 AM,False,5112,Accepted,
27511296,0568000,LOUISVILLE METRO POLICE DEPT,Accepted,JEFFERSON,,,OAK,ST,W,,17TH,,,,,38.237054608,-85.782827828,1.505,11/29/2020 12:00:00 AM,1917,2,2,0,2,CLEAR,DRY,False,COLLISION WITH PARKED VEHICLE,REAR END,STRAIGHT & LEVEL,DARK-HWY LIGHTED/ON,,,11/30/2020 8:42:15 AM,False,5282,Accepted,
27511297,0568000,LOUISVILLE METRO POLICE DEPT,Accepted,JEFFERSON,US0150,,BROADWAY,,E,,BARRET,,,,,38.244261158,-85.733961970,3.720,11/29/2020 12:00:00 AM,1759,2,2,0,1,CLEAR,DRY,False,OPPOSING LEFT TURN,OPPOSING LEFT TURN,STRAIGHT & GRADE,DARK-HWY LIGHTED/ON,,,11/30/2020 8:42:19 AM,False,7960,Accepted,
27511298,0568000,LOUISVILLE METRO POLICE DEPT,Accepted,JEFFERSON,KY2054,,ALGONQUIN,PKWY,,,CYPRESS,,,,,38.223671962,-85.800163308,1.217,11/29/2020 12:00:00 AM,1604,2,2,0,2,CLOUDY,DRY,False,ANGLE COLLISION - ONE VEHICLE TURNING LEFT,ANGLE,STRAIGHT & LEVEL,DUSK,,,11/30/2020 8:42:29 AM,False,5202,Accepted,
27513816,0560400,SHIVELY POLICE DEPARTMENT,Accepted,JEFFERSON,I 0264,,I264 W,,,,,I 0264,I264 W EXIT8 ON RAMP FROM US31W S,I 0264,I264 W EXIT5 RAMP KY1934,38.202772126,-85.827259855,5.500,11/29/2020 12:00:00 AM,1500,2,2,0,0,CLOUDY,DRY,False,1 VEHICLE PARKED POSITION (NOT PARKING LOT/DRIVEWAY),REAR END,STRAIGHT & LEVEL,DAYLIGHT,,,11/30/2020 4:59:49 PM,False,7091,Accepted,
27511274,0568000,LOUISVILLE METRO POLICE DEPT,Accepted,JEFFERSON,I 0265,,I265 E,,,,SEATONVILLE,,,,,38.143043660,-85.561689646,18.490,11/29/2020 12:00:00 AM,1000,1,1,0,1,CLEAR,DRY,False,COLLISION WITH FIXED OBJECT IN INTERSECTION - FIRST EVENT COLLISION 09 - 32,SINGLE VEHICLE,STRAIGHT & LEVEL,DAYLIGHT,,,11/30/2020 8:40:17 AM,False,7465,Accepted,
27511282,0568000,LOUISVILLE METRO POLICE DEPT,Accepted,JEFFERSON,I 0064,,,,,,,,,,,38.260749832,-85.737312988,0.682,11/29/2020 12:00:00 AM,1530,1,1,0,0,CLOUDY,DRY,False,OTHER RAMP RELATED COLLISIONS NOT LISTED ABOVE,SINGLE VEHICLE,STRAIGHT & LEVEL,DAYLIGHT,I 0064,I 0065,11/30/2020 8:40:53 AM,False,6360,Accepted,
27511285,0568000,LOUISVILLE METRO POLICE DEPT,Accepted,JEFFERSON,KY2051,,LEES,LN,,KY1934,CANE RUN,,,,,38.183626936,-85.855084659,1.960,11/29/2020 12:00:00 AM,1543,2,2,0,1,CLOUDY,DRY,False,ANGLE COLLISION - OTHER,ANGLE,STRAIGHT & LEVEL,DAYLIGHT,,,11/30/2020 8:41:04 AM,False,5257,Accepted,
27511292,0568000,LOUISVILLE METRO POLICE DEPT,Accepted,JEFFERSON,US0031W,,22ND,ST,S,,OAK,,,,,38.237450908,-85.790267777,18.747,11/29/2020 12:00:00 AM,1323,2,2,0,5,CLEAR,DRY,False,ANGLE COLLISION - OTHER,ANGLE,STRAIGHT & LEVEL,DAYLIGHT,,,11/30/2020 8:41:59 AM,False,5179,Accepted,
27511293,0568000,LOUISVILLE METRO POLICE DEPT,Accepted,JEFFERSON,,,WHIPPS MILL,RD,,,,,,,,38.254680018,-85.591790355,0.740,11/29/2020 12:00:00 AM,1840,2,2,0,0,CLOUDY,DRY,False,OTHER ROADWAY OR MID-BLOCK COLLISION,REAR END,STRAIGHT & LEVEL,DARK-HWY LIGHTED/OFF,,,11/30/2020 8:42:04 AM,False,6777,Accepted,
27511300,0568000,LOUISVILLE METRO POLICE DEPT,Accepted,JEFFERSON,I 0065,,I65 N,,,,,,,,,38.219083483,-85.752081844,133.385,11/29/2020 12:00:00 AM,2253,3,3,0,1,RAINING,WET,True,SIDESWIPE COLLISION - SAME DIRECTION,SIDESWIPE-SAME DIRECTION,STRAIGHT & LEVEL,DARK-HWY NOT LIGHTED,,,11/30/2020 8:42:37 AM,False,5258,Accepted,
27511277,0568000,LOUISVILLE METRO POLICE DEPT,Accepted,JEFFERSON,KY1450,9716,BLUE LICK,RD,,,,,,,,38.106403121,-85.692396313,1.467,11/29/2020 12:00:00 AM,1400,1,1,0,0,CLOUDY,DRY,True,COLLISION WITH FIXED OBJECT NON - INTERSECTION - FIRST EVENT COLLISION 09 - 32 EXCLUDING 16,SINGLE VEHICLE,STRAIGHT & LEVEL,DAYLIGHT,,,11/30/2020 8:40:29 AM,False,7354,Accepted,
27511291,0568000,LOUISVILLE METRO POLICE DEPT,Accepted,JEFFERSON,KY1931,,MANSLICK,RD,,,MARCH,,,,,38.191674544,-85.800765116,8.105,11/29/2020 12:00:00 AM,1520,3,3,0,1,CLEAR,DRY,False,ANGLE COLLISION - OTHER,ANGLE,STRAIGHT & LEVEL,DAYLIGHT,,,11/30/2020 8:41:51 AM,False,5123,Accepted,
27511269,0568000,LOUISVILLE METRO POLICE DEPT,Accepted,JEFFERSON,KY0061,4919,PRESTON,HWY,,,,,,,,38.194653381,-85.729627891,8.536,11/29/2020 12:00:00 AM,0126,1,1,0,0,CLEAR,DRY,False,COLLISION WITH FIXED OBJECT NON - INTERSECTION - FIRST EVENT COLLISION 09 - 32 EXCLUDING 16,SINGLE VEHICLE,STRAIGHT & LEVEL,DARK-HWY LIGHTED/ON,,,11/30/2020 8:40:01 AM,False,7972,Accepted,
27511288,0568000,LOUISVILLE METRO POLICE DEPT,Accepted,JEFFERSON,,7914,WATERFERN,WAY,,,,,,,,38.152931189,-85.612392548,0.176,11/29/2020 12:00:00 AM,1520,2,2,0,0,CLOUDY,DRY,False,1 VEHICLE PARKED POSITION (NOT PARKING LOT/DRIVEWAY),ANGLE,STRAIGHT & LEVEL,DAYLIGHT,,,11/30/2020 8:41:33 AM,False,7484,Accepted,
27511289,0568000,LOUISVILLE METRO POLICE DEPT,Accepted,JEFFERSON,US0031W,,DIXIE,HWY,,,BLANTON,,,,,38.157377545,-85.833911434,12.526,11/29/2020 12:00:00 AM,1708,4,4,0,3,CLOUDY,DRY,False,ANGLE COLLISION - OTHER,ANGLE,STRAIGHT & LEVEL,DARK-HWY LIGHTED/ON,,,11/30/2020 8:41:40 AM,False,7340,Accepted,
27511287,0568000,LOUISVILLE METRO POLICE DEPT,Accepted,JEFFERSON,KY1865,,NEW CUT,RD,,,,,,,,38.150798113,-85.776373334,3.009,11/29/2020 12:00:00 AM,0934,2,2,0,0,CLEAR,DRY,False,OTHER ROADWAY OR MID-BLOCK COLLISION,OPPOSING LEFT TURN,STRAIGHT & LEVEL,DAYLIGHT,,,11/30/2020 8:41:29 AM,False,7331,Accepted,
27511302,0568000,LOUISVILLE METRO POLICE DEPT,Accepted,JEFFERSON,I 0065,,I65 N,,,,,,,,,38.213195020,-85.752629599,132.977,11/29/2020 12:00:00 AM,2305,2,2,0,0,RAINING,WET,True,REAR END IN TRAFFIC LANES BOTH VEHICLES MOVING,REAR END,CURVE & LEVEL,DUSK,,,11/30/2020 8:42:44 AM,False,7291,Accepted,
27511223,0568000,LOUISVILLE METRO POLICE DEPT,Accepted,JEFFERSON,,,7TH,ST,S,,HILL,,,,,38.226766622,-85.769041267,0.656,11/28/2020 12:00:00 AM,0023,2,2,0,0,CLEAR,DRY,False,ANGLE COLLISION - OTHER,ANGLE,STRAIGHT & LEVEL,DARK-HWY LIGHTED/ON,,,11/30/2020 8:38:01 AM,False,5183,Accepted,
27511230,0568000,LOUISVILLE METRO POLICE DEPT,Accepted,JEFFERSON,,,CHESTNUT,ST,W,,29TH,,,,,38.253580818,-85.799228909,0.087,11/28/2020 12:00:00 AM,1148,2,2,0,0,CLEAR,DRY,False,ANGLE COLLISION - OTHER,ANGLE,STRAIGHT & LEVEL,DAYLIGHT,,,11/30/2020 8:38:35 AM,False,7479,Accepted,
27511231,0568000,LOUISVILLE METRO POLICE DEPT,Accepted,JEFFERSON,,,BUECHEL BANK,RD,,,LAMBERT,,,,,38.183283377,-85.648254714,0.628,11/28/2020 12:00:00 AM,1301,2,2,0,0,CLEAR,DRY,False,ANGLE COLLISION - OTHER,ANGLE,STRAIGHT & LEVEL,DAYLIGHT,,,11/30/2020 8:38:39 AM,False,7482,Accepted,
27511290,0568000,LOUISVILLE METRO POLICE DEPT,Accepted,JEFFERSON,,,CENTRAL,AVE,,,,,COLORADO,,UTAH,38.210009155,-85.779055058,1.325,11/28/2020 12:00:00 AM,0816,2,2,0,1,CLEAR,DRY,False,1 VEHICLE PARKED POSITION (NOT PARKING LOT/DRIVEWAY),SIDESWIPE-SAME DIRECTION,STRAIGHT & LEVEL,DAYLIGHT,,,11/30/2020 8:41:45 AM,False,5328,Accepted,
27511279,0568000,LOUISVILLE METRO POLICE DEPT,Accepted,JEFFERSON,US0031W,,MAIN,ST,W,,CHAPEL,,,,,38.257772866,-85.767228073,21.339,11/28/2020 12:00:00 AM,1440,2,2,0,0,CLOUDY,DRY,False,SIDESWIPE-SAME DIRECTION,SIDESWIPE-SAME DIRECTION,STRAIGHT & GRADE,DAYLIGHT,,,11/30/2020 8:40:47 AM,False,2661,Accepted,
27511236,0568000,LOUISVILLE METRO POLICE DEPT,Accepted,JEFFERSON,US0031E,,BAXTER,AVE,,,PAYNE,,,,,38.246236865,-85.728957918,16.137,11/28/2020 12:00:00 AM,1332,2,2,0,0,CLEAR,DRY,False,ANGLE COLLISION - OTHER,ANGLE,STRAIGHT & HILLCREST,DAYLIGHT,,,11/30/2020 8:38:50 AM,False,7129,Accepted,
27511254,0568000,LOUISVILLE METRO POLICE DEPT,Accepted,JEFFERSON,I 0064,,I64 W,,,,,,,,,38.258856032,-85.765022665,3.839,11/28/2020 12:00:00 AM,1842,2,2,0,0,CLEAR,DRY,True,REAR END IN TRAFFIC LANES BOTH VEHICLES MOVING,REAR END,STRAIGHT & LEVEL,DARK-HWY LIGHTED/ON,,,11/30/2020 8:39:28 AM,False,5172,Accepted,
27511263,0568000,LOUISVILLE METRO POLICE DEPT,Accepted,JEFFERSON,KY1747,,HURSTBOURNE,PKWY,,,LISA,,,,,38.165828990,-85.607075733,7.248,11/28/2020 12:00:00 AM,2120,2,2,0,2,CLEAR,DRY,False,ANGLE COLLISION - OTHER,ANGLE,STRAIGHT & LEVEL,DARK-HWY NOT LIGHTED,,,11/30/2020 8:39:52 AM,False,7415,Accepted,
27511271,0568000,LOUISVILLE METRO POLICE DEPT,Accepted,JEFFERSON,KY0841,,GENE SNYDER,FWY,,,,,,,,38.115044134,-85.712017455,9.666,11/28/2020 12:00:00 AM,2006,2,2,0,0,CLEAR,DRY,True,1 VEHICLE ENTERING/LEAVING ENTRANCE,ANGLE,STRAIGHT & LEVEL,DARK-HWY LIGHTED/ON,,,11/30/2020 8:40:04 AM,False,5182,Accepted,
27511275,0568000,LOUISVILLE METRO POLICE DEPT,Accepted,JEFFERSON,,,WALLIE ANN,CT,,,HAROLD,,,,,38.218129384,-85.791143442,0.217,11/28/2020 12:00:00 AM,1048,2,2,0,1,CLEAR,DRY,False,ANGLE COLLISION - OTHER,ANGLE,STRAIGHT & LEVEL,DAYLIGHT,,,11/30/2020 8:40:21 AM,False,2569,Accepted,
27511226,0568000,LOUISVILLE METRO POLICE DEPT,Accepted,JEFFERSON,KY0864,,POPLAR LEVEL,RD,,,INDIAN,,,,,38.171546394,-85.684998652,9.215,11/28/2020 12:00:00 AM,0859,2,2,0,0,CLEAR,DRY,False,ANGLE COLLISION - OTHER,ANGLE,STRAIGHT & LEVEL,DAYLIGHT,,,11/30/2020 8:38:20 AM,False,7431,Accepted,
27511234,0568000,LOUISVILLE METRO POLICE DEPT,Accepted,JEFFERSON,,,ARCADE,AVE,,,,,,,,38.206437946,-85.784777946,0.347,11/28/2020 12:00:00 AM,1500,2,2,0,1,CLEAR,DRY,True,1 VEHICLE ENTERING/LEAVING ENTRANCE,ANGLE,STRAIGHT & LEVEL,DAYLIGHT,,,11/30/2020 8:38:46 AM,False,7628,Accepted,
27511242,0568000,LOUISVILLE METRO POLICE DEPT,Accepted,JEFFERSON,KY2054,,ALGONQUIN,PKWY,,,MCCLOSKEY,,,,,38.222899804,-85.788028837,1.882,11/28/2020 12:00:00 AM,1510,2,2,0,1,CLEAR,DRY,False,OPPOSING LEFT TURN,OPPOSING LEFT TURN,CURVE & LEVEL,DAYLIGHT,,,11/30/2020 8:38:59 AM,False,2469,Accepted,
27511243,0568000,LOUISVILLE METRO POLICE DEPT,Accepted,JEFFERSON,KY1747,,HURSTBOURNE,PKWY,S,,HURSTBOURNE,,,,,38.217707372,-85.586901246,11.304,11/28/2020 12:00:00 AM,1702,3,3,0,1,CLEAR,DRY,False,SIDESWIPE-SAME DIRECTION,SIDESWIPE-SAME DIRECTION,STRAIGHT & LEVEL,DUSK,,,11/30/2020 8:39:02 AM,False,2532,Accepted,
27511266,0568000,LOUISVILLE METRO POLICE DEPT,Accepted,JEFFERSON,KY1020,,SOUTHSIDE,DR,,,KINGSTON,,,,,38.172781347,-85.764748529,7.085,11/28/2020 12:00:00 AM,2328,2,2,0,0,CLEAR,DRY,True,ANGLE COLLISION - OTHER,ANGLE,STRAIGHT & LEVEL,DARK-HWY LIGHTED/ON,,,11/30/2020 8:39:56 AM,False,7032,Accepted,
27511232,0568000,LOUISVILLE METRO POLICE DEPT,Accepted,JEFFERSON,US0031W,6700,DIXIE,HWY,,,,,,,,38.151624383,-85.836390084,12.172,11/28/2020 12:00:00 AM,1250,2,2,0,0,CLEAR,DRY,True,OTHER ROADWAY OR MID-BLOCK COLLISION,REAR END,CURVE & LEVEL,DAYLIGHT,,,11/30/2020 8:38:43 AM,False,7817,Accepted,
27511250,0568000,LOUISVILLE METRO POLICE DEPT,Accepted,JEFFERSON,KY1065,,OUTER,LOOP,,,AFTERGLOW,,,,,38.127069328,-85.790380644,0.232,11/28/2020 12:00:00 AM,1611,2,2,0,0,CLEAR,DRY,False,OTHER INTERSECTION COLLISIONS,REAR END,STRAIGHT & LEVEL,DAYLIGHT,,,11/30/2020 8:39:15 AM,False,7483,Accepted,
27511259,0568000,LOUISVILLE METRO POLICE DEPT,Accepted,JEFFERSON,KY1934,,CANE RUN,RD,,,,,,,,38.203295061,-85.832097238,9.587,11/28/2020 12:00:00 AM,2000,2,2,0,0,CLEAR,DRY,False,SIDESWIPE COLLISION - SAME DIRECTION,SIDESWIPE-SAME DIRECTION,STRAIGHT & LEVEL,DARK (UNKNOWN ROADWAY LIGHTING),,,11/30/2020 8:39:42 AM,False,5273,Accepted,
27511276,0568000,LOUISVILLE METRO POLICE DEPT,Accepted,JEFFERSON,,,GLOBAL,DR,,KY1230,CANE RUN,,,,,38.139848231,-85.897294130,0.530,11/28/2020 12:00:00 AM,1536,2,2,0,0,CLEAR,DRY,False,ANGLE COLLISION - OTHER,ANGLE,STRAIGHT & LEVEL,DAYLIGHT,,,11/30/2020 8:40:24 AM,False,5323,Accepted,
27513795,0560400,SHIVELY POLICE DEPARTMENT,Accepted,JEFFERSON,I 0264,,I264 W,,,,,I 0264,I264 W EXIT5 RAMP KY1934,I 0264,I264 W EXIT8 ON RAMP FROM US31W S,38.201542709,-85.827257985,5.618,11/28/2020 12:00:00 AM,2048,3,3,0,0,CLEAR,DRY,True,REAR END IN TRAFFIC LANES BOTH VEHICLES MOVING,REAR END,STRAIGHT & LEVEL,DARK (UNKNOWN ROADWAY LIGHTING),,,11/30/2020 4:59:28 PM,False,7124,Accepted,
27511303,0568000,LOUISVILLE METRO POLICE DEPT,Accepted,JEFFERSON,I 0264,,,,,,,,,,,38.239785262,-85.815320873,,11/28/2020 12:00:00 AM,2129,2,2,0,0,CLEAR,DRY,False,OTHER RAMP RELATED COLLISIONS NOT LISTED ABOVE,ANGLE,STRAIGHT & LEVEL,DARK-HWY LIGHTED/ON,VIRGINIA AVE,I 0264,11/30/2020 8:42:48 AM,False,5285,Accepted,
27511587,0568000,LOUISVILLE METRO POLICE DEPT,Accepted,JEFFERSON,,7319,RIDAN,WAY,,,,,,,,38.151562327,-85.807024011,0.034,11/28/2020 12:00:00 AM,2325,2,1,0,0,CLEAR,DRY,True,1 VEHICLE PARKED POSITION (NOT PARKING LOT/DRIVEWAY),REAR END,STRAIGHT & LEVEL,DARK-HWY LIGHTED/ON,,,11/30/2020 8:39:47 AM,False,5209,Accepted,
27511247,0568000,LOUISVILLE METRO POLICE DEPT,Accepted,JEFFERSON,KY1865,,NEW CUT,RD,,,,,,,,38.143788950,-85.774823249,2.528,11/28/2020 12:00:00 AM,1557,2,2,0,2,CLEAR,DRY,False,REAR END IN TRAFFIC LANES BOTH VEHICLES MOVING,REAR END,STRAIGHT & LEVEL,DAYLIGHT,,,11/30/2020 8:39:10 AM,False,5326,Accepted,
28090600,0568000,LOUISVILLE METRO POLICE DEPT,Accepted,JEFFERSON,US0031E,2490,BARDSTOWN,RD,,,,,,,,38.092974706,-85.558054923,1.211,11/28/2020 12:00:00 AM,1340,1,1,0,2,CLEAR,DRY,False,COLLISION WITH FIXED OBJECT NON - INTERSECTION - FIRST EVENT COLLISION 09 - 32 EXCLUDING 16,SINGLE VEHICLE,STRAIGHT & LEVEL,DAYLIGHT,,,5/4/2021 3:25:00 PM,False,2142,Accepted,
30118877,0568000,LOUISVILLE METRO POLICE DEPT,Accepted,JEFFERSON,,6606,MILLER PARK,DR,,,,,GREEN PARK,,RIDGE PARK,38.139781252,-85.875600578,0.156,11/27/2020 12:00:00 AM,2213,2,2,0,1,CLEAR,DRY,False,HEAD-ON COLLISION,HEAD ON,STRAIGHT & LEVEL,DARK-HWY LIGHTED/ON,,,5/30/2022 8:44:56 AM,False,5211,Accepted,
27513161,0561500,UNIV. OF LOUISVILLE POLICE,Accepted,JEFFERSON,US0060A,,EASTERN,PKWY,,,,,,,,38.213431872,-85.759970717,3.536,11/27/2020 12:00:00 AM,1523,2,2,0,0,CLEAR,DRY,False,REAR END IN TRAFFIC LANES BOTH VEHICLES MOVING,REAR END,STRAIGHT & LEVEL,DAYLIGHT,,,11/30/2020 3:11:08 PM,False,5691,Accepted,
27511252,0568000,LOUISVILLE METRO POLICE DEPT,Accepted,JEFFERSON,I 0065,,I65 S,,,I 0065,I65 S EXIT130 OFF RAMP TO  GRADE LN,,,,,38.181806130,-85.721899055,130.011,11/27/2020 12:00:00 AM,2208,3,3,0,2,CLEAR,DRY,False,OTHER INTERSECTION COLLISIONS,REAR END,STRAIGHT & LEVEL,DARK-HWY LIGHTED/ON,,,11/30/2020 8:39:20 AM,False,5301,Accepted,
27511209,0568000,LOUISVILLE METRO POLICE DEPT,Accepted,JEFFERSON,,7200,INTERMODAL,DR,,,,,,,,38.158513941,-85.889681414,0.288,11/27/2020 12:00:00 AM,0620,2,2,0,0,CLEAR,DRY,False,1 VEHICLE ENTERING/LEAVING ENTRANCE,ANGLE,STRAIGHT & LEVEL,DARK-HWY LIGHTED/ON,,,11/30/2020 8:36:56 AM,False,7321,Accepted,
27511216,0568000,LOUISVILLE METRO POLICE DEPT,Accepted,JEFFERSON,US0031E,,BARDSTOWN,RD,,KY1065,SEATONVILLE,,,,,38.149877250,-85.587368974,5.553,11/27/2020 12:00:00 AM,1745,3,3,0,0,CLEAR,DRY,False,ANGLE COLLISION - OTHER,ANGLE,STRAIGHT & LEVEL,DARK-HWY LIGHTED/ON,,,11/30/2020 8:37:37 AM,False,7486,Accepted,
27511217,0568000,LOUISVILLE METRO POLICE DEPT,Accepted,JEFFERSON,KY1727,,TERRY,RD,,,WESTSHIRE,,,,,38.134263115,-85.873692224,0.864,11/27/2020 12:00:00 AM,1721,3,3,0,0,CLEAR,DRY,False,OTHER INTERSECTION COLLISIONS,REAR END,STRAIGHT & LEVEL,DARK (UNKNOWN ROADWAY LIGHTING),,,11/30/2020 8:37:41 AM,False,7483,Accepted,