IncidentID,AgencyORI,AgencyName,IncidentStatusDesc,County,RdwyNumber,Street,RoadwayName,StreetSfx,StreetDir,IntersectionRdwy,IntersectionRdwyName,BetweenStRdwy1,BetweenStRdwyName1,BetweenStRdwy2,BetweenStRdwyName2,Latitude,Longitude,Milepoint,CollisionDate,CollisionTime,UnitsInvolved,MotorVehiclesInvolved,NumberKilled,NumberInjured,Weather,RdwyConditionCode,HitandRun,DirAnalysisCode,MannerofCollision,RdwyCharacter,LightCondition,RampFromRdwyId,RampToRdwyId,AcceptedDate,IsSecondaryCollision,OwnerBadge,IncidentStatus,
27511218,0568000,LOUISVILLE METRO POLICE DEPT,Accepted,JEFFERSON,KY1065,,OUTER,LOOP,,,JEFFERSON,,,,,38.138033976,-85.675501041,6.706,11/27/2020 12:00:00 AM,1838,2,2,0,0,CLEAR,DRY,False,OTHER INTERSECTION COLLISIONS,REAR END,STRAIGHT & LEVEL,DARK-HWY LIGHTED/ON,,,11/30/2020 8:37:46 AM,False,5042,Accepted,
27511215,0568000,LOUISVILLE METRO POLICE DEPT,Accepted,JEFFERSON,,,2ND,ST,S,,WOODLAWN,,,,,38.181385473,-85.764567135,0.889,11/27/2020 12:00:00 AM,1800,2,2,0,1,CLEAR,DRY,False,ANGLE COLLISION - OTHER,ANGLE,STRAIGHT & LEVEL,DARK (UNKNOWN ROADWAY LIGHTING),,,11/30/2020 8:37:33 AM,False,7488,Accepted,
27511220,0568000,LOUISVILLE METRO POLICE DEPT,Accepted,JEFFERSON,I 0065,,I65 S,,,,,,,,,38.136455611,-85.706619187,126.684,11/27/2020 12:00:00 AM,2000,2,2,0,0,CLEAR,DRY,True,1 VEHICLE ENTERING/LEAVING ENTRANCE,ANGLE,STRAIGHT & LEVEL,DARK (UNKNOWN ROADWAY LIGHTING),,,11/30/2020 8:37:50 AM,False,5248,Accepted,
27511228,0568000,LOUISVILLE METRO POLICE DEPT,Accepted,JEFFERSON,,,CORNWALL,ST,,,25TH,,,,,38.272528323,-85.787786504,0.182,11/27/2020 12:00:00 AM,1537,2,2,0,1,CLEAR,DRY,False,ANGLE COLLISION - OTHER,ANGLE,STRAIGHT & LEVEL,DAYLIGHT,,,11/30/2020 8:38:24 AM,False,5300,Accepted,
27511238,0568000,LOUISVILLE METRO POLICE DEPT,Accepted,JEFFERSON,KY1065,,OUTER,LOOP,,,ROBBS,,,,,38.137979948,-85.665255182,7.236,11/27/2020 12:00:00 AM,1809,2,2,0,0,CLEAR,DRY,True,REAR END - ONE VEHICLE TURNING RIGHT,REAR END,,DARK-HWY NOT LIGHTED,,,11/30/2020 8:38:53 AM,False,7379,Accepted,
27511221,0568000,LOUISVILLE METRO POLICE DEPT,Accepted,JEFFERSON,,2918,GREENWOOD,AVE,,,,,,,,38.242590155,-85.802649146,0.948,11/27/2020 12:00:00 AM,2300,2,2,0,0,CLEAR,DRY,True,1 VEHICLE PARKED POSITION (NOT PARKING LOT/DRIVEWAY),HEAD ON,STRAIGHT & LEVEL,DARK-HWY LIGHTED/ON,,,11/30/2020 8:37:53 AM,False,5261,Accepted,
27511229,0568000,LOUISVILLE METRO POLICE DEPT,Accepted,JEFFERSON,,,WINGFIELD,AVE,,KY2054,ALGONQUIN,,,,,38.222276428,-85.783946546,0.012,11/27/2020 12:00:00 AM,1800,2,2,0,1,CLOUDY,DRY,True,OTHER INTERSECTION COLLISIONS,REAR END,STRAIGHT & LEVEL,DARK-HWY LIGHTED/ON,,,11/30/2020 8:38:32 AM,False,2469,Accepted,
27511205,0568000,LOUISVILLE METRO POLICE DEPT,Accepted,JEFFERSON,,,34TH,ST,S,,VIRGINIA,,,,,38.239040567,-85.810207447,1.629,11/27/2020 12:00:00 AM,0133,2,2,0,0,CLEAR,DRY,False,ANGLE COLLISION - OTHER,ANGLE,STRAIGHT & LEVEL,DARK-HWY LIGHTED/ON,,,11/30/2020 8:36:42 AM,False,5229,Accepted,
27511204,0568000,LOUISVILLE METRO POLICE DEPT,Accepted,JEFFERSON,,3239,VIRGINIA,AVE,,,,,34TH,,32ND,38.239039830,-85.810086814,0.758,11/26/2020 12:00:00 AM,2246,2,2,0,0,CLEAR,DRY,True,1 VEHICLE PARKED POSITION (NOT PARKING LOT/DRIVEWAY),SIDESWIPE-SAME DIRECTION,STRAIGHT & LEVEL,DARK-HWY LIGHTED/ON,,,11/30/2020 8:36:37 AM,False,5229,Accepted,
27511181,0568000,LOUISVILLE METRO POLICE DEPT,Accepted,JEFFERSON,I 0065,,,,,,,,,,,38.159416788,-85.718926728,0.230,11/26/2020 12:00:00 AM,0829,1,1,0,0,CLOUDY,DRY,True,COLLISION WITH FIXED OBJECT NON - INTERSECTION - FIRST EVENT COLLISION 09 - 32 EXCLUDING 16,SINGLE VEHICLE,STRAIGHT & LEVEL,DAYLIGHT,KY1631,I 0065,11/30/2020 8:34:44 AM,False,7341,Accepted,
27511171,0568000,LOUISVILLE METRO POLICE DEPT,Accepted,JEFFERSON,,,RIVER PARK,DR,,,32ND,,,,,38.254193793,-85.805321040,1.190,11/26/2020 12:00:00 AM,0235,2,2,0,0,CLEAR,DRY,False,ANGLE COLLISION - OTHER,ANGLE,STRAIGHT & LEVEL,DARK-HWY LIGHTED/ON,,,11/30/2020 8:34:07 AM,False,5008,Accepted,
27511180,0568000,LOUISVILLE METRO POLICE DEPT,Accepted,JEFFERSON,,,INDIAN,TRL,W,,,,,,,38.169125817,-85.707674685,0.040,11/26/2020 12:00:00 AM,0648,2,2,0,0,CLEAR,DRY,True,SIDESWIPE COLLISION - SAME DIRECTION,SIDESWIPE-SAME DIRECTION,STRAIGHT & LEVEL,DARK (UNKNOWN ROADWAY LIGHTING),,,11/30/2020 8:34:40 AM,False,5286,Accepted,
27511172,0568000,LOUISVILLE METRO POLICE DEPT,Accepted,JEFFERSON,KY1447,8715,WESTPORT,RD,,,,,,,,38.280623323,-85.590601006,4.111,11/26/2020 12:00:00 AM,0320,1,1,0,1,CLOUDY,WET,False,COLLISION WITH FIXED OBJECT NON - INTERSECTION - FIRST EVENT COLLISION 09 - 32 EXCLUDING 16,SINGLE VEHICLE,CURVE & LEVEL,DARK-HWY LIGHTED/OFF,,,11/30/2020 8:34:14 AM,False,5004,Accepted,
27511168,0568000,LOUISVILLE METRO POLICE DEPT,Accepted,JEFFERSON,KY1747,,HURSTBOURNE,PKWY,S,,STONY BROOK,,,,,38.171161533,-85.604532958,7.627,11/26/2020 12:00:00 AM,0010,1,1,0,0,CLOUDY,DRY,False,COLLISION WITH FIXED OBJECT IN INTERSECTION - FIRST EVENT COLLISION 09 - 32,SINGLE VEHICLE,CURVE & GRADE,DARK-HWY NOT LIGHTED,,,11/30/2020 8:33:46 AM,False,2775,Accepted,
27511185,0568000,LOUISVILLE METRO POLICE DEPT,Accepted,JEFFERSON,KY0907,,3RD ST,RD,,,,,SHOREWOOD,KY1865,NEW CUT,38.145172782,-85.776039768,6.204,11/26/2020 12:00:00 AM,1204,2,2,0,0,CLOUDY,DRY,False,SIDESWIPE COLLISION - SAME DIRECTION,SIDESWIPE-SAME DIRECTION,STRAIGHT & LEVEL,DAYLIGHT,,,11/30/2020 8:34:56 AM,False,5316,Accepted,
27511192,0568000,LOUISVILLE METRO POLICE DEPT,Accepted,JEFFERSON,US0150,,BROADWAY,,W,KY1020,3RD,,,,,38.246001399,-85.756751507,2.471,11/26/2020 12:00:00 AM,1400,3,3,0,0,CLOUDY,DRY,False,ANGLE COLLISION - OTHER,ANGLE,STRAIGHT & LEVEL,DAYLIGHT,,,11/30/2020 8:35:17 AM,False,7229,Accepted,
27511199,0568000,LOUISVILLE METRO POLICE DEPT,Accepted,JEFFERSON,,1922,ENGLISH STATION,RD,N,,,,,,,38.274045607,-85.519978343,2.079,11/26/2020 12:00:00 AM,2138,2,2,0,0,CLEAR,DRY,False,REAR END IN TRAFFIC LANES BOTH VEHICLES MOVING,REAR END,STRAIGHT & LEVEL,DARK-HWY LIGHTED/ON,,,11/30/2020 8:35:55 AM,False,5007,Accepted,
27511200,0568000,LOUISVILLE METRO POLICE DEPT,Accepted,JEFFERSON,I 0064,,I64 W,,,,,,,,,38.277650183,-85.820972404,0.239,11/26/2020 12:00:00 AM,2030,2,2,0,4,CLEAR,DRY,False,COLLISION WITH PEDESTRIAN NON - INTERSECTION,REAR END,STRAIGHT & LEVEL,DARK-HWY LIGHTED/ON,,,11/30/2020 8:36:05 AM,False,7466,Accepted,
27511201,0568000,LOUISVILLE METRO POLICE DEPT,Accepted,JEFFERSON,I 0071,,I71 S,,,I 0071,I71 S EXIT5 RAMP TO I264 W,,,,,38.290462734,-85.643515260,5.238,11/26/2020 12:00:00 AM,2140,2,2,0,0,CLEAR,DRY,False,SIDESWIPE-SAME DIRECTION,SIDESWIPE-SAME DIRECTION,CURVE & LEVEL,DARK-HWY LIGHTED/OFF,,,11/30/2020 8:36:15 AM,False,5004,Accepted,
27511202,0568000,LOUISVILLE METRO POLICE DEPT,Accepted,JEFFERSON,KY0061,,PRESTON,HWY,,,OAKLAWN,,,,,38.148811809,-85.692501101,4.628,11/26/2020 12:00:00 AM,2150,2,2,0,1,CLEAR,DRY,False,OTHER INTERSECTION COLLISIONS,REAR END,STRAIGHT & LEVEL,DARK-HWY LIGHTED/ON,,,11/30/2020 8:36:22 AM,False,5314,Accepted,
27511175,0568000,LOUISVILLE METRO POLICE DEPT,Accepted,JEFFERSON,,1211,CENTRAL,AVE,,,,,,,,38.207324941,-85.777061904,1.102,11/26/2020 12:00:00 AM,0033,3,3,0,0,CLOUDY,WET,False,1 VEHICLE PARKED POSITION (NOT PARKING LOT/DRIVEWAY),REAR END,STRAIGHT & LEVEL,DARK-HWY NOT LIGHTED,,,11/30/2020 8:34:25 AM,False,5204,Accepted,
27511176,0568000,LOUISVILLE METRO POLICE DEPT,Accepted,JEFFERSON,,3907,KURTZ,AVE,,,,,,,,38.107727392,-85.691046826,0.042,11/26/2020 12:00:00 AM,0244,2,2,0,0,CLEAR,DRY,False,REAR END IN TRAFFIC LANES BOTH VEHICLES MOVING,REAR END,STRAIGHT & LEVEL,OTHER,,,11/30/2020 8:34:29 AM,False,7474,Accepted,
27515681,0568000,LOUISVILLE METRO POLICE DEPT,Accepted,JEFFERSON,KY1450,,BLUE LICK,RD,,,VANGUARD,,,,,38.107950008,-85.691739618,1.578,11/26/2020 12:00:00 AM,1740,2,2,0,0,CLEAR,DRY,False,REAR END - ONE VEHICLE TURNING LEFT,REAR END,STRAIGHT & LEVEL,DARK-HWY NOT LIGHTED,,,12/1/2020 8:20:25 AM,False,7989,Accepted,
28034188,0568000,LOUISVILLE METRO POLICE DEPT,Accepted,JEFFERSON,I 0064,,I64 E,,,,,,,,,38.243606468,-85.696547384,8.400,11/26/2020 12:00:00 AM,1236,2,2,0,1,CLEAR,WET,True,SIDESWIPE COLLISION - SAME DIRECTION,SIDESWIPE-SAME DIRECTION,CURVE & LEVEL,DAYLIGHT,,,4/20/2021 8:34:50 AM,False,7632,Accepted,
29312668,0568000,LOUISVILLE METRO POLICE DEPT,Accepted,JEFFERSON,KY1934,,CANE RUN,RD,,,ROCKFORD,,,,,38.183876563,-85.855278463,7.805,11/25/2020 12:00:00 AM,1804,2,2,0,0,RAINING,WET,False,OPPOSING LEFT TURN,OPPOSING LEFT TURN,STRAIGHT & LEVEL,DARK-HWY LIGHTED/ON,,,11/15/2021 8:22:05 AM,False,5329,Accepted,
27596698,0568000,LOUISVILLE METRO POLICE DEPT,Accepted,JEFFERSON,I 0264,,I264 E,,,,,,,,,38.202045089,-85.689412244,14.482,11/25/2020 12:00:00 AM,0657,2,2,0,0,RAINING,WET,False,SIDESWIPE COLLISION - SAME DIRECTION,SIDESWIPE-SAME DIRECTION,STRAIGHT & LEVEL,DAWN,,,12/23/2020 7:59:46 AM,False,7049,Accepted,
27515689,0568000,LOUISVILLE METRO POLICE DEPT,Accepted,JEFFERSON,I 0264,,I264 E,,,,,,,,,38.190068336,-85.758333320,10.508,11/25/2020 12:00:00 AM,1637,2,2,0,0,CLEAR,DRY,False,REAR END IN TRAFFIC LANES BOTH VEHICLES MOVING,REAR END,STRAIGHT & GRADE,DAYLIGHT,,,12/1/2020 8:21:01 AM,False,8278,Accepted,
27511182,0568000,LOUISVILLE METRO POLICE DEPT,Accepted,JEFFERSON,,,26TH,ST,N,,ST XAVIER,,,,,38.268119541,-85.791682212,0.526,11/25/2020 12:00:00 AM,1250,3,3,0,0,CLOUDY,WET,True,ANGLE COLLISION - OTHER,ANGLE,STRAIGHT & LEVEL,DAYLIGHT,,,11/30/2020 8:34:47 AM,True,5322,Accepted,
27511141,0568000,LOUISVILLE METRO POLICE DEPT,Accepted,JEFFERSON,I 0265,,I265 W,,,I 0065,I65 N EXIT125B OFF RAMP TO KY481,,,,,38.115091436,-85.701575603,10.254,11/25/2020 12:00:00 AM,1003,2,2,0,3,RAINING,WET,False,SIDESWIPE-SAME DIRECTION,SIDESWIPE-SAME DIRECTION,STRAIGHT & LEVEL,DAYLIGHT,,,11/30/2020 8:31:47 AM,False,7989,Accepted,
27511157,0568000,LOUISVILLE METRO POLICE DEPT,Accepted,JEFFERSON,KY1020,,SOUTHSIDE,DR,,,STRAWBERRY,,,,,38.158396775,-85.764736075,6.077,11/25/2020 12:00:00 AM,1216,2,2,0,0,CLOUDY,WET,False,OTHER INTERSECTION COLLISIONS,REAR END,STRAIGHT & LEVEL,DAYLIGHT,,,11/30/2020 8:32:23 AM,False,5316,Accepted,
27511165,0568000,LOUISVILLE METRO POLICE DEPT,Accepted,JEFFERSON,,,VERMONT,AVE,,,34TH,,,,,38.255551999,-85.807350273,0.364,11/25/2020 12:00:00 AM,2030,2,2,0,2,CLOUDY,WET,False,ANGLE COLLISION - OTHER,ANGLE,STRAIGHT & LEVEL,DARK-HWY LIGHTED/ON,,,11/30/2020 8:33:12 AM,False,7489,Accepted,
27511166,0568000,LOUISVILLE METRO POLICE DEPT,Accepted,JEFFERSON,I 0065,,I65 N,,,,,,,,,38.170158018,-85.720459425,129.175,11/25/2020 12:00:00 AM,1931,3,3,0,0,CLOUDY,WET,True,REAR END IN TRAFFIC LANES BOTH VEHICLES MOVING,REAR END,STRAIGHT & LEVEL,DARK (UNKNOWN ROADWAY LIGHTING),,,11/30/2020 8:33:33 AM,False,5174,Accepted,
27497954,0568000,LOUISVILLE METRO POLICE DEPT,Accepted,JEFFERSON,US0031,,CLARK MEMORIAL,BRG,,,,,,,,38.264078594,-85.751538756,0.549,11/25/2020 12:00:00 AM,0606,2,2,0,0,RAINING,WET,True,SIDESWIPE COLLISION - SAME DIRECTION,SIDESWIPE-SAME DIRECTION,STRAIGHT & LEVEL,DARK-HWY NOT LIGHTED,,,11/25/2020 10:14:02 AM,False,7325,Accepted,
27497955,0568000,LOUISVILLE METRO POLICE DEPT,Accepted,JEFFERSON,,,CHESTNUT,ST,W,KY1020,2ND,,,,,38.248581220,-85.754566105,2.546,11/25/2020 12:00:00 AM,0658,2,2,0,0,RAINING,WET,False,ANGLE COLLISION - OTHER,ANGLE,STRAIGHT & LEVEL,DARK-HWY LIGHTED/ON,,,11/25/2020 10:14:05 AM,False,7325,Accepted,
27511208,0568000,LOUISVILLE METRO POLICE DEPT,Accepted,JEFFERSON,US0031W,,22ND,ST,S,,ANDERSON,,,,,38.248648131,-85.788303535,19.519,11/25/2020 12:00:00 AM,1906,3,3,0,0,CLOUDY,WET,False,OTHER INTERSECTION COLLISIONS,REAR END,STRAIGHT & LEVEL,DARK-HWY LIGHTED/ON,,,11/30/2020 8:36:51 AM,False,7578,Accepted,
27511183,0568000,LOUISVILLE METRO POLICE DEPT,Accepted,JEFFERSON,,843,FETTER,AVE,,,ALEXANDER,,,,,38.216855702,-85.741205569,0.177,11/25/2020 12:00:00 AM,1303,2,2,0,0,CLOUDY,WET,False,COLLISION WITH PARKED VEHICLE,HEAD ON,STRAIGHT & GRADE,DAYLIGHT,,,11/30/2020 8:34:51 AM,False,5325,Accepted,
27511193,0568000,LOUISVILLE METRO POLICE DEPT,Accepted,JEFFERSON,,,ST CATHERINE,ST,E,KY0061,JACKSON,,,,,38.235331156,-85.747299399,0.866,11/25/2020 12:00:00 AM,0930,2,2,0,1,RAINING,WET,False,SIDESWIPE-SAME DIRECTION,SIDESWIPE-SAME DIRECTION,STRAIGHT & LEVEL,OTHER,,,11/30/2020 8:35:21 AM,False,5120,Accepted,
27511143,0568000,LOUISVILLE METRO POLICE DEPT,Accepted,JEFFERSON,I 0065,,,,,,,,,,,38.188968893,-85.728012684,,11/25/2020 12:00:00 AM,0809,1,1,0,1,RAINING,WATER (STANDING OR MOVING),False,OVERTURNED ON RAMP,SINGLE VEHICLE,STRAIGHT & LEVEL,DAWN,I 0065,FREEDOM WAY N,11/30/2020 8:31:51 AM,False,5180,Accepted,
27511159,0568000,LOUISVILLE METRO POLICE DEPT,Accepted,JEFFERSON,,,OAK,ST,W,,4TH,,,,,38.235020471,-85.760346243,0.272,11/25/2020 12:00:00 AM,1455,3,3,0,1,CLEAR,WET,False,ANGLE COLLISION - OTHER,ANGLE,STRAIGHT & LEVEL,DAYLIGHT,,,11/30/2020 8:32:31 AM,False,5186,Accepted,
27511173,0568000,LOUISVILLE METRO POLICE DEPT,Accepted,JEFFERSON,,,DEL MARIA,WAY,,,HAMES,,,,,38.168037198,-85.608215525,0.165,11/25/2020 12:00:00 AM,2000,2,2,0,0,CLOUDY,WET,False,ANGLE COLLISION - OTHER,ANGLE,STRAIGHT & LEVEL,DARK-HWY LIGHTED/ON,,,11/30/2020 8:34:20 AM,False,5178,Accepted,
27511156,0568000,LOUISVILLE METRO POLICE DEPT,Accepted,JEFFERSON,,,GRINSTEAD,DR,,,SEMINARY,,,,,38.249027400,-85.691287073,0.810,11/25/2020 12:00:00 AM,1513,1,1,0,0,CLOUDY,WET,False,COLLISION WITH FIXED OBJECT IN INTERSECTION - FIRST EVENT COLLISION 09 - 32,SINGLE VEHICLE,CURVE & LEVEL,DAYLIGHT,,,11/30/2020 8:32:18 AM,False,5264,Accepted,
27511163,0568000,LOUISVILLE METRO POLICE DEPT,Accepted,JEFFERSON,,,BROADWAY,,W,,28TH,,,,,38.249691566,-85.798314648,0.541,11/25/2020 12:00:00 AM,1851,2,1,0,1,CLOUDY,WET,True,COLLISION WITH PEDESTRIAN IN INTERSECTION,SINGLE VEHICLE,STRAIGHT & LEVEL,DARK (UNKNOWN ROADWAY LIGHTING),,,11/30/2020 8:33:05 AM,False,7345,Accepted,
27511164,0568000,LOUISVILLE METRO POLICE DEPT,Accepted,JEFFERSON,KY2860,,GRINSTEAD,DR,,,,,,,,38.241358966,-85.713426792,0.480,11/25/2020 12:00:00 AM,1955,1,1,0,0,CLOUDY,WET,False,COLLISION WITH FIXED OBJECT NON - INTERSECTION - FIRST EVENT COLLISION 09 - 32 EXCLUDING 16,SINGLE VEHICLE,CURVE & GRADE,DARK-HWY LIGHTED/ON,,,11/30/2020 8:33:09 AM,False,7376,Accepted,
27520033,0568000,LOUISVILLE METRO POLICE DEPT,Accepted,JEFFERSON,I 0064,,I64 W,,,,,,,,,38.242725116,-85.694550724,8.264,11/25/2020 12:00:00 AM,1409,2,2,0,3,CLOUDY,DRY,False,1 VEHICLE ENTERING/LEAVING ENTRANCE,ANGLE,STRAIGHT & LEVEL,DAYLIGHT,,,12/2/2020 8:37:36 AM,False,7403,Accepted,
27511147,0568000,LOUISVILLE METRO POLICE DEPT,Accepted,JEFFERSON,,5403,ROBBS,LN,,,,,,,,38.134823702,-85.660412856,0.349,11/25/2020 12:00:00 AM,1405,2,2,0,1,CLOUDY,WET,False,1 VEHICLE ENTERING/LEAVING ENTRANCE,ANGLE,CURVE & LEVEL,DAYLIGHT,,,11/30/2020 8:31:58 AM,False,7799,Accepted,
27511155,0568000,LOUISVILLE METRO POLICE DEPT,Accepted,JEFFERSON,,,9TH,ST,S,,,,,,,38.226952494,-85.770092303,1.348,11/25/2020 12:00:00 AM,1432,2,2,0,2,CLEAR,WET,False,1 VEHICLE ENTERING/LEAVING ENTRANCE,ANGLE,STRAIGHT & LEVEL,DAYLIGHT,,,11/30/2020 8:32:13 AM,False,5311,Accepted,
27511188,0568000,LOUISVILLE METRO POLICE DEPT,Accepted,JEFFERSON,,,CALM RIVER,WAY,,,WEATHER VANE,,,,,38.151698319,-85.550608636,,11/25/2020 12:00:00 AM,0755,2,2,0,0,RAINING,WET,False,OPPOSING LEFT TURN,OPPOSING LEFT TURN,STRAIGHT & LEVEL,DAWN,,,11/30/2020 8:35:03 AM,False,7642,Accepted,
27511153,0568000,LOUISVILLE METRO POLICE DEPT,Accepted,JEFFERSON,,,OAK,ST,E,,BARRET,,,,,38.235805820,-85.727643561,1.568,11/25/2020 12:00:00 AM,1444,2,2,0,0,CLOUDY,WET,False,ANGLE COLLISION - OTHER,ANGLE,STRAIGHT & LEVEL,DAYLIGHT,,,11/30/2020 8:32:05 AM,False,7900,Accepted,
27511154,0568000,LOUISVILLE METRO POLICE DEPT,Accepted,JEFFERSON,,,1ST,ST,S,US0150,BROADWAY,,,,,38.245746332,-85.753350429,0.719,11/25/2020 12:00:00 AM,1442,2,2,0,0,CLEAR,WET,False,ANGLE COLLISION - OTHER,ANGLE,STRAIGHT & LEVEL,DAYLIGHT,,,11/30/2020 8:32:09 AM,False,5324,Accepted,
27511161,0568000,LOUISVILLE METRO POLICE DEPT,Accepted,JEFFERSON,KY1747,,HURSTBOURNE,PKWY,S,,PATRIOTS CROSSING,,,,,38.162392036,-85.633725921,5.568,11/25/2020 12:00:00 AM,1804,2,2,0,1,RAINING,WET,False,ANGLE COLLISION - ONE VEHICLE TURNING LEFT,ANGLE,CURVE & LEVEL,DARK-HWY NOT LIGHTED,,,11/30/2020 8:32:57 AM,False,2959,Accepted,
27511162,0568000,LOUISVILLE METRO POLICE DEPT,Accepted,JEFFERSON,,,1ST,ST,S,,BRECKINRIDGE,,,,,38.240964229,-85.754159060,1.006,11/25/2020 12:00:00 AM,1029,1,1,0,0,CLOUDY,WET,False,COLLISION WITH FIXED OBJECT IN INTERSECTION - FIRST EVENT COLLISION 09 - 32,SINGLE VEHICLE,STRAIGHT & LEVEL,DAYLIGHT,,,11/30/2020 8:33:00 AM,False,5315,Accepted,
27511169,0568000,LOUISVILLE METRO POLICE DEPT,Accepted,JEFFERSON,KY1747,,FERN VALLEY,RD,,,,,,,,38.157799834,-85.718497557,0.751,11/25/2020 12:00:00 AM,2158,3,3,0,1,CLEAR,DRY,False,1 VEHICLE ENTERING OR LEAVING PARKED POSITION (NOT PARKING LOT),REAR END,STRAIGHT & LEVEL,DARK-HWY LIGHTED/ON,,,11/30/2020 8:33:51 AM,False,5314,Accepted,
27511203,0568000,LOUISVILLE METRO POLICE DEPT,Accepted,JEFFERSON,US0031W,12201,DIXIE,HWY,,,,,,,,38.079223901,-85.883297887,6.476,11/25/2020 12:00:00 AM,1845,2,2,0,3,CLOUDY,WET,False,1 VEHICLE ENTERING/LEAVING ENTRANCE,ANGLE,STRAIGHT & LEVEL,DARK-HWY LIGHTED/ON,,,11/30/2020 8:36:30 AM,False,7166,Accepted,
27511194,0568000,LOUISVILLE METRO POLICE DEPT,Accepted,JEFFERSON,,,WARNOCK,ST,,,,,BRADLEY,,CRITTENDEN,38.214426895,-85.749694049,0.067,11/25/2020 12:00:00 AM,1744,2,2,0,0,CLOUDY,DRY,False,1 VEHICLE PARKED POSITION (NOT PARKING LOT/DRIVEWAY),SIDESWIPE-OPPOSITE DIRECTION,STRAIGHT & LEVEL,DARK-HWY LIGHTED/ON,,,11/30/2020 8:35:24 AM,False,2927,Accepted,
27511195,0568000,LOUISVILLE METRO POLICE DEPT,Accepted,JEFFERSON,KY1931,,MANSLICK,RD,,,,,ANNA,,BLUEGRASS,38.180331279,-85.799056224,7.305,11/25/2020 12:00:00 AM,1808,2,2,0,0,RAINING,WET,True,REAR END IN TRAFFIC LANES BOTH VEHICLES MOVING,REAR END,STRAIGHT & GRADE,DARK-HWY LIGHTED/ON,,,11/30/2020 8:35:29 AM,False,5315,Accepted,
27515682,0568000,LOUISVILLE METRO POLICE DEPT,Accepted,JEFFERSON,KY1020,,2ND,ST,S,,JEFFERSON,,,,,38.253429225,-85.753702287,12.630,11/25/2020 12:00:00 AM,1340,2,2,0,1,CLOUDY,DRY,False,ANGLE COLLISION - OTHER,ANGLE,STRAIGHT & LEVEL,DAYLIGHT,,,12/1/2020 8:20:29 AM,False,7628,Accepted,
27537309,0568000,LOUISVILLE METRO POLICE DEPT,Accepted,JEFFERSON,I 0065,,I65 S,,,,,,,,,38.207064615,-85.750424172,132.494,11/25/2020 12:00:00 AM,1050,3,3,0,0,RAINING,WET,False,SIDESWIPE COLLISION - SAME DIRECTION,SIDESWIPE-SAME DIRECTION,CURVE & GRADE,DAYLIGHT,,,12/7/2020 10:38:43 AM,True,5296,Accepted,
27562925,0568000,LOUISVILLE METRO POLICE DEPT,Accepted,JEFFERSON,KY0061,4900,PRESTON,HWY,,,,,,,,38.175168496,-85.713357821,6.972,11/24/2020 12:00:00 AM,1624,3,3,0,0,CLEAR,DRY,True,OTHER ROADWAY OR MID-BLOCK COLLISION,REAR END,STRAIGHT & LEVEL,DAYLIGHT,,,12/14/2020 8:54:39 AM,False,7283,Accepted,
27511211,0568000,LOUISVILLE METRO POLICE DEPT,Accepted,JEFFERSON,US0150,,22ND,ST,N,,DUNCAN,,,,,38.262594836,-85.785907668,0.555,11/24/2020 12:00:00 AM,1406,2,2,0,1,CLEAR,DRY,True,ANGLE COLLISION - OTHER,ANGLE,STRAIGHT & LEVEL,DAYLIGHT,,,11/30/2020 8:37:01 AM,False,5108,Accepted,
27511212,0568000,LOUISVILLE METRO POLICE DEPT,Accepted,JEFFERSON,,,4TH,ST,S,,HILL,,,,,38.225987025,-85.761920647,2.132,11/24/2020 12:00:00 AM,1651,4,4,0,0,CLOUDY,WET,False,ANGLE COLLISION - OTHER,ANGLE,STRAIGHT & LEVEL,DARK (UNKNOWN ROADWAY LIGHTING),,,11/30/2020 8:37:04 AM,False,5111,Accepted,
27497933,0568000,LOUISVILLE METRO POLICE DEPT,Accepted,JEFFERSON,,1103,CENTRAL,AVE,,,,,,,,38.206448146,-85.776342596,1.039,11/24/2020 12:00:00 AM,0238,2,2,0,0,CLEAR,DRY,True,1 VEHICLE PARKED POSITION (NOT PARKING LOT/DRIVEWAY),REAR END,STRAIGHT & LEVEL,DARK-HWY LIGHTED/ON,,,11/25/2020 10:12:45 AM,False,5175,Accepted,
27497943,0568000,LOUISVILLE METRO POLICE DEPT,Accepted,JEFFERSON,KY0061,,PRESTON,HWY,,,,I 0065,I65 N EXIT130 ON RAMP FROM KY61,I 0065,I65 N EXIT130 OFF RAMP TO KY61,38.178931701,-85.717116465,7.236,11/24/2020 12:00:00 AM,1852,2,2,0,1,CLEAR,DRY,False,OTHER ROADWAY OR MID-BLOCK COLLISION,OPPOSING LEFT TURN,STRAIGHT & LEVEL,DARK-HWY LIGHTED/ON,,,11/25/2020 10:13:23 AM,False,5165,Accepted,