IncidentID,AgencyORI,AgencyName,IncidentStatusDesc,County,RdwyNumber,Street,RoadwayName,StreetSfx,StreetDir,IntersectionRdwy,IntersectionRdwyName,BetweenStRdwy1,BetweenStRdwyName1,BetweenStRdwy2,BetweenStRdwyName2,Latitude,Longitude,Milepoint,CollisionDate,CollisionTime,UnitsInvolved,MotorVehiclesInvolved,NumberKilled,NumberInjured,Weather,RdwyConditionCode,HitandRun,DirAnalysisCode,MannerofCollision,RdwyCharacter,LightCondition,RampFromRdwyId,RampToRdwyId,AcceptedDate,IsSecondaryCollision,OwnerBadge,IncidentStatus,
27497944,0568000,LOUISVILLE METRO POLICE DEPT,Accepted,JEFFERSON,,,GRADE,LN,,,GRADE LN CONN,,,,,38.169275470,-85.720774036,0.821,11/24/2020 12:00:00 AM,2227,2,2,0,1,CLEAR,DRY,False,HEAD-ON COLLISION,HEAD ON,CURVE & GRADE,DARK-HWY LIGHTED/ON,,,11/25/2020 10:13:30 AM,False,5165,Accepted,
27497945,0568000,LOUISVILLE METRO POLICE DEPT,Accepted,JEFFERSON,,3305,INDIAN CREEK,CT,,,,,,,,38.206697749,-85.676542368,0.027,11/24/2020 12:00:00 AM,2314,3,3,0,0,CLEAR,DRY,True,COLLISION IN PARKING LOT,SIDESWIPE-OPPOSITE DIRECTION,STRAIGHT & LEVEL,DARK-HWY LIGHTED/ON,,,11/25/2020 10:13:34 AM,False,7201,Accepted,
27497950,0568000,LOUISVILLE METRO POLICE DEPT,Accepted,JEFFERSON,,,MUD,LN,,,,,,,,38.090354387,-85.669047662,0.268,11/24/2020 12:00:00 AM,1818,2,2,0,0,CLEAR,DRY,True,1 VEHICLE ENTERING/LEAVING ENTRANCE,ANGLE,STRAIGHT & LEVEL,DARK-HWY LIGHTED/ON,,,11/25/2020 10:13:50 AM,False,5182,Accepted,
27497951,0568000,LOUISVILLE METRO POLICE DEPT,Accepted,JEFFERSON,,,LYNNBROOK,DR,,,VINEDALE,,,,,38.231379878,-85.622928066,0.404,11/24/2020 12:00:00 AM,2016,1,1,0,0,CLEAR,DRY,False,COLLISION WITH FIXED OBJECT IN INTERSECTION - FIRST EVENT COLLISION 09 - 32,SINGLE VEHICLE,STRAIGHT & LEVEL,DARK-HWY NOT LIGHTED,,,11/25/2020 10:13:53 AM,False,5146,Accepted,
27497952,0568000,LOUISVILLE METRO POLICE DEPT,Accepted,JEFFERSON,,4900,INDIAN,TRL,E,,,,,,,38.171411819,-85.685419970,1.174,11/24/2020 12:00:00 AM,2019,2,2,0,1,CLEAR,DRY,False,1 VEHICLE ENTERING/LEAVING ENTRANCE,ANGLE,STRAIGHT & LEVEL,DARK (UNKNOWN ROADWAY LIGHTING),,,11/25/2020 10:13:56 AM,False,7492,Accepted,
27497919,0568000,LOUISVILLE METRO POLICE DEPT,Accepted,JEFFERSON,KY1934,4214,CANE RUN,RD,,,KRAMERS,,,,,38.201189246,-85.835049363,9.372,11/24/2020 12:00:00 AM,1420,2,2,0,0,CLOUDY,DRY,False,OTHER INTERSECTION COLLISIONS,REAR END,STRAIGHT & LEVEL,DAYLIGHT,,,11/25/2020 10:11:48 AM,False,5257,Accepted,
27497926,0568000,LOUISVILLE METRO POLICE DEPT,Accepted,JEFFERSON,,,ARNOLDTOWN,RD,,,,,TIMBER HILLS,,MOUNTAIN BROOK,38.129089971,-85.810727103,1.647,11/24/2020 12:00:00 AM,1538,1,1,0,2,CLEAR,DRY,False,COLLISION WITH FIXED OBJECT NON - INTERSECTION - FIRST EVENT COLLISION 09 - 32 EXCLUDING 16,SINGLE VEHICLE,STRAIGHT & HILLCREST,DAYLIGHT,,,11/25/2020 10:12:12 AM,False,6318,Accepted,
27497927,0568000,LOUISVILLE METRO POLICE DEPT,Accepted,JEFFERSON,I 0264,,I264 E,,,,,,,,,38.189964345,-85.751200699,10.897,11/24/2020 12:00:00 AM,1631,2,2,0,0,CLOUDY,DRY,False,OTHER ROADWAY OR MID-BLOCK COLLISION,REAR END,STRAIGHT & LEVEL,DUSK,,,11/25/2020 10:12:15 AM,False,7872,Accepted,
27497928,0568000,LOUISVILLE METRO POLICE DEPT,Accepted,JEFFERSON,I 0264,,I264 E,,,,,,,,,38.189609983,-85.771371729,9.798,11/24/2020 12:00:00 AM,1730,2,2,0,1,CLEAR,DRY,False,COLLISION WITH FIXED OBJECT NON - INTERSECTION - FIRST EVENT COLLISION 09 - 32 EXCLUDING 16,REAR END,STRAIGHT & LEVEL,DARK-HWY LIGHTED/ON,,,11/25/2020 10:12:19 AM,False,5328,Accepted,
27497934,0568000,LOUISVILLE METRO POLICE DEPT,Accepted,JEFFERSON,US0031E,,BARDSTOWN,RD,,,CAREY,,,,,38.184162151,-85.632126346,9.122,11/24/2020 12:00:00 AM,1827,2,2,0,0,CLEAR,DRY,False,OTHER INTERSECTION COLLISIONS,REAR END,STRAIGHT & LEVEL,DARK-HWY NOT LIGHTED,,,11/25/2020 10:12:49 AM,False,7294,Accepted,
27497935,0568000,LOUISVILLE METRO POLICE DEPT,Accepted,JEFFERSON,,,CRUMS,LN,S,,SOUTHERN FARM,,,,,38.193743015,-85.838949503,0.565,11/24/2020 12:00:00 AM,1630,2,2,0,0,CLEAR,DRY,False,ANGLE COLLISION - OTHER,ANGLE,STRAIGHT & LEVEL,DUSK,,,11/25/2020 10:12:52 AM,False,5253,Accepted,
27498188,0561500,UNIV. OF LOUISVILLE POLICE,Accepted,JEFFERSON,,2800,FLOYD,ST,S,,,,,,,38.207273095,-85.757263350,3.222,11/24/2020 12:00:00 AM,1930,2,2,0,0,CLEAR,DRY,True,1 VEHICLE PARKED POSITION (NOT PARKING LOT/DRIVEWAY),SIDESWIPE-SAME DIRECTION,STRAIGHT & LEVEL,DARK-HWY LIGHTED/ON,,,11/25/2020 11:35:21 AM,False,5676,Accepted,
27497946,0568000,LOUISVILLE METRO POLICE DEPT,Accepted,JEFFERSON,,,4TH,ST,S,,ORMSBY,,,,,38.232884429,-85.760698979,1.653,11/24/2020 12:00:00 AM,1816,2,2,0,0,CLEAR,DRY,False,COLLISION WITH PARKED VEHICLE,SIDESWIPE-SAME DIRECTION,STRAIGHT & LEVEL,DARK-HWY LIGHTED/ON,,,11/25/2020 10:13:41 AM,False,5236,Accepted,
27497948,0568000,LOUISVILLE METRO POLICE DEPT,Accepted,JEFFERSON,US0031E,,BARDSTOWN,RD,,,PATTERSON,,,,,38.237339337,-85.719006827,15.293,11/24/2020 12:00:00 AM,0750,3,1,0,1,CLEAR,DRY,False,COLLISION WITH PEDESTRIAN IN INTERSECTION,SINGLE VEHICLE,STRAIGHT & LEVEL,DARK-HWY LIGHTED/ON,,,11/25/2020 10:13:46 AM,False,5243,Accepted,
27493000,0568000,LOUISVILLE METRO POLICE DEPT,Accepted,JEFFERSON,KY1065,195,OUTER,LOOP,,,,,,,,38.126340010,-85.775187199,1.076,11/24/2020 12:00:00 AM,0345,2,2,0,0,CLEAR,DRY,False,COLLISION IN PARKING LOT,BACKING,STRAIGHT & LEVEL,DARK-HWY LIGHTED/ON,,,11/24/2020 8:14:31 AM,False,5223,Accepted,
27497915,0568000,LOUISVILLE METRO POLICE DEPT,Accepted,JEFFERSON,KY1747,,FERN VALLEY,RD,,,,,,,,38.157856204,-85.688382850,2.413,11/24/2020 12:00:00 AM,0937,2,2,0,1,CLOUDY,DRY,False,REAR END IN TRAFFIC LANES BOTH VEHICLES MOVING,REAR END,STRAIGHT & LEVEL,DAYLIGHT,,,11/25/2020 10:11:40 AM,False,4693,Accepted,
27497921,0568000,LOUISVILLE METRO POLICE DEPT,Accepted,JEFFERSON,I 0264,,I264 E,,,,,I 0064,I64 E EXIT19A RAMP TO I64 E,I 0264,I264 E EXIT18 ON RAMP FROM KY1932 N,38.231583973,-85.630418535,18.307,11/24/2020 12:00:00 AM,1547,3,3,0,0,CLOUDY,DRY,False,SIDESWIPE COLLISION - SAME DIRECTION,SIDESWIPE-SAME DIRECTION,STRAIGHT & LEVEL,DAYLIGHT,,,11/25/2020 10:11:55 AM,False,2403,Accepted,
27497922,0568000,LOUISVILLE METRO POLICE DEPT,Accepted,JEFFERSON,KY1931,,MANSLICK,RD,,,,,,,,38.178921897,-85.798923601,7.197,11/24/2020 12:00:00 AM,1301,2,2,0,1,CLOUDY,DRY,False,REAR END IN TRAFFIC LANES BOTH VEHICLES MOVING,REAR END,STRAIGHT & LEVEL,DAYLIGHT,,,11/25/2020 10:11:58 AM,False,5328,Accepted,
27497923,0568000,LOUISVILLE METRO POLICE DEPT,Accepted,JEFFERSON,KY0864,,POPLAR LEVEL,RD,,,GARDINER,,,,,38.192561924,-85.705911007,11.083,11/24/2020 12:00:00 AM,1617,2,2,0,0,CLEAR,DRY,False,OTHER INTERSECTION COLLISIONS,REAR END,STRAIGHT & HILLCREST,DAYLIGHT,,,11/25/2020 10:12:02 AM,False,5321,Accepted,
27497929,0568000,LOUISVILLE METRO POLICE DEPT,Accepted,JEFFERSON,,,FRANKFORT,AVE,,US0042,STORY,,,,,38.258830375,-85.721458167,0.001,11/24/2020 12:00:00 AM,1604,3,3,0,0,CLEAR,DRY,False,HEAD-ON COLLISION,HEAD ON,STRAIGHT & LEVEL,DAYLIGHT,,,11/25/2020 10:12:26 AM,False,5317,Accepted,
27493002,0568000,LOUISVILLE METRO POLICE DEPT,Accepted,JEFFERSON,US0031E,,BARDSTOWN,RD,,,CEDAR SPRINGS,,,,,38.145195034,-85.584959137,5.191,11/24/2020 12:00:00 AM,0554,2,2,0,1,CLEAR,DRY,False,OTHER INTERSECTION COLLISIONS,REAR END,STRAIGHT & LEVEL,DARK-HWY LIGHTED/ON,,,11/24/2020 8:14:38 AM,False,5011,Accepted,
27496051,0560300,ST. MATTHEWS POLICE DEPARTMENT,Accepted,JEFFERSON,US0060,,SHELBYVILLE,RD,,KY1932,BRECKENRIDGE,,,,,38.252830859,-85.655188138,3.551,11/24/2020 12:00:00 AM,0159,2,2,0,1,CLEAR,DRY,True,OTHER INTERSECTION COLLISIONS,REAR END,STRAIGHT & LEVEL,DARK-HWY LIGHTED/ON,,,11/24/2020 9:44:38 PM,False,9188,Accepted,
27497924,0568000,LOUISVILLE METRO POLICE DEPT,Accepted,JEFFERSON,US0031W,8021,DIXIE,HWY,,,OAK PARK,,,,,38.136498692,-85.844055181,11.061,11/24/2020 12:00:00 AM,1059,1,1,0,0,CLEAR,DRY,False,COLLISION WITH FIXED OBJECT IN INTERSECTION - FIRST EVENT COLLISION 09 - 32,SINGLE VEHICLE,CURVE & LEVEL,DAYLIGHT,,,11/25/2020 10:12:08 AM,False,5323,Accepted,
27497932,0568000,LOUISVILLE METRO POLICE DEPT,Accepted,JEFFERSON,,,GLENGARRY,DR,,KY1020,NATIONAL,,,,,38.123622059,-85.748500608,0.616,11/24/2020 12:00:00 AM,1805,2,2,0,1,CLEAR,DRY,False,ANGLE COLLISION - ONE VEHICLE TURNING LEFT,ANGLE,STRAIGHT & LEVEL,UNKNOWN,,,11/25/2020 10:12:40 AM,False,7483,Accepted,
27497938,0568000,LOUISVILLE METRO POLICE DEPT,Accepted,JEFFERSON,,,WARREN,AVE,,,WHITNEY,,,,,38.193793005,-85.777117271,0.285,11/24/2020 12:00:00 AM,2150,2,2,0,0,CLEAR,DRY,False,ANGLE COLLISION - OTHER,ANGLE,STRAIGHT & LEVEL,DARK-HWY LIGHTED/ON,,,11/25/2020 10:13:02 AM,False,5175,Accepted,
27600292,0568000,LOUISVILLE METRO POLICE DEPT,Accepted,JEFFERSON,US0031W,15301,DIXIE,HWY,,,,,,,,38.042870920,-85.903411812,3.649,11/24/2020 12:00:00 AM,0823,3,3,0,1,CLOUDY,DRY,False,COLLISION WITH FIXED OBJECT NON - INTERSECTION - FIRST EVENT COLLISION 09 - 32 EXCLUDING 16,HEAD ON,STRAIGHT & LEVEL,DAYLIGHT,,,12/24/2020 7:05:23 AM,False,7496,Accepted,
27497905,0568000,LOUISVILLE METRO POLICE DEPT,Accepted,JEFFERSON,,7520,DISTRIBUTION,DR,,,,,,,,38.151030810,-85.895694288,0.525,11/23/2020 12:00:00 AM,1632,2,2,0,1,CLEAR,DRY,False,1 VEHICLE ENTERING/LEAVING ENTRANCE,ANGLE,STRAIGHT & LEVEL,DAYLIGHT,,,11/25/2020 10:11:26 AM,False,7205,Accepted,
27497930,0568000,LOUISVILLE METRO POLICE DEPT,Accepted,JEFFERSON,,,CRITTENDEN,DR,,,PHILLIPS,,,,,38.192260042,-85.750906987,0.368,11/23/2020 12:00:00 AM,1330,3,3,0,0,CLEAR,DRY,False,ANGLE COLLISION - OTHER,ANGLE,STRAIGHT & LEVEL,DAYLIGHT,,,11/25/2020 10:12:31 AM,False,5201,Accepted,
27497931,0568000,LOUISVILLE METRO POLICE DEPT,Accepted,JEFFERSON,,,3RD,ST,S,,FAIRMONT,,,,,38.195359440,-85.764982319,0.362,11/23/2020 12:00:00 AM,1618,5,5,0,0,CLEAR,DRY,False,COLLISION WITH FIXED OBJECT IN INTERSECTION - FIRST EVENT COLLISION 09 - 32,ANGLE,STRAIGHT & LEVEL,DAYLIGHT,,,11/25/2020 10:12:36 AM,False,5201,Accepted,
27493001,0568000,LOUISVILLE METRO POLICE DEPT,Accepted,JEFFERSON,KY2052,7316,SHEPHERDSVILLE,RD,,,,,,,,38.142699839,-85.659423685,0.245,11/23/2020 12:00:00 AM,1902,3,3,0,2,CLEAR,DRY,False,1 VEHICLE PARKED POSITION (NOT PARKING LOT/DRIVEWAY),HEAD ON,STRAIGHT & LEVEL,DARK-HWY NOT LIGHTED,,,11/24/2020 8:14:34 AM,False,5138,Accepted,
27492999,0568000,LOUISVILLE METRO POLICE DEPT,Accepted,JEFFERSON,KY1747,,HURSTBOURNE,PKWY,S,,WATTERSON,,,,,38.162713008,-85.612999640,6.843,11/23/2020 12:00:00 AM,2323,2,2,0,0,CLEAR,DRY,False,ANGLE COLLISION - OTHER,ANGLE,STRAIGHT & LEVEL,DARK-HWY LIGHTED/ON,,,11/24/2020 8:14:28 AM,False,5153,Accepted,
27489283,0568000,LOUISVILLE METRO POLICE DEPT,Accepted,JEFFERSON,I 0064,,I64 E,,,,,,,,,38.222650834,-85.517122990,18.353,11/23/2020 12:00:00 AM,0642,2,2,0,0,CLEAR,DRY,False,SIDESWIPE COLLISION - SAME DIRECTION,SIDESWIPE-SAME DIRECTION,STRAIGHT & LEVEL,DAYLIGHT,,,11/23/2020 10:15:54 AM,False,4903,Accepted,
27492984,0568000,LOUISVILLE METRO POLICE DEPT,Accepted,JEFFERSON,I 0065,,,,,,,,,,,38.190573109,-85.728197489,0.215,11/23/2020 12:00:00 AM,1103,2,2,0,1,CLEAR,DRY,False,OTHER RAMP RELATED COLLISIONS NOT LISTED ABOVE,REAR END,CURVE & GRADE,DAYLIGHT,I 0065,I 0065,11/24/2020 8:13:24 AM,False,4693,Accepted,
27492985,0568000,LOUISVILLE METRO POLICE DEPT,Accepted,JEFFERSON,US0031E,,BARDSTOWN,RD,,KY1065,SEATONVILLE,,,,,38.149853317,-85.587226284,5.555,11/23/2020 12:00:00 AM,1134,2,2,0,0,CLEAR,DRY,True,SIDESWIPE-SAME DIRECTION,SIDESWIPE-SAME DIRECTION,STRAIGHT & LEVEL,DAYLIGHT,,,11/24/2020 8:13:28 AM,False,2017,Accepted,
27492990,0568000,LOUISVILLE METRO POLICE DEPT,Accepted,JEFFERSON,US0150,,BROADWAY,,E,,HANCOCK,,,,,38.244982934,-85.743568528,3.189,11/23/2020 12:00:00 AM,1418,2,2,0,1,CLOUDY,DRY,False,OPPOSING LEFT TURN,OPPOSING LEFT TURN,STRAIGHT & LEVEL,DAYLIGHT,,,11/24/2020 8:13:43 AM,False,7890,Accepted,
27492992,0568000,LOUISVILLE METRO POLICE DEPT,Accepted,JEFFERSON,US0060A,,TAYLOR,BLVD,,,,,,,,38.200570192,-85.782557734,1.791,11/23/2020 12:00:00 AM,1912,2,2,0,2,CLEAR,DRY,False,1 VEHICLE ENTERING/LEAVING ENTRANCE,ANGLE,STRAIGHT & LEVEL,DARK-HWY LIGHTED/ON,,,11/24/2020 8:13:52 AM,False,5258,Accepted,
27499961,0560300,ST. MATTHEWS POLICE DEPARTMENT,Accepted,JEFFERSON,US0060,5000,SHELBYVILLE,RD,,,TEN PIN,,,,,38.250346332,-85.623518505,5.307,11/23/2020 12:00:00 AM,1604,2,2,0,0,CLEAR,DRY,False,ANGLE COLLISION - OTHER,ANGLE,STRAIGHT & LEVEL,DAYLIGHT,,,11/25/2020 10:54:41 PM,False,9195,Accepted,
27494551,0564400,INDIAN HILLS POLICE DEPARTMENT,Accepted,JEFFERSON,US0042,,BROWNSBORO,RD,,,,,CHENOWETH,,LOTIS,38.265568127,-85.666819516,3.835,11/23/2020 12:00:00 AM,1940,2,2,0,0,CLEAR,DRY,False,OTHER ROADWAY OR MID-BLOCK COLLISION,REAR END,STRAIGHT & LEVEL,DARK-HWY LIGHTED/ON,,,11/24/2020 3:15:17 PM,False,4436,Accepted,
27492986,0568000,LOUISVILLE METRO POLICE DEPT,Accepted,JEFFERSON,,200,CHESTNUT,ST,E,,,,,,,38.248364684,-85.752456561,0.025,11/23/2020 12:00:00 AM,1528,2,2,0,0,CLOUDY,DRY,False,1 VEHICLE PARKED POSITION (NOT PARKING LOT/DRIVEWAY),SIDESWIPE-SAME DIRECTION,CURVE & HILLCREST,DAYLIGHT,,,11/24/2020 8:13:32 AM,False,2403,Accepted,
27511284,0568000,LOUISVILLE METRO POLICE DEPT,Accepted,JEFFERSON,,,SHORT,ST,,,,,,,,38.263983412,-85.784247365,0.068,11/23/2020 12:00:00 AM,1042,2,2,0,0,CLEAR,DRY,False,1 VEHICLE PARKED POSITION (NOT PARKING LOT/DRIVEWAY),BACKING,STRAIGHT & LEVEL,DAYLIGHT,,,11/30/2020 8:40:59 AM,False,7288,Accepted,
27492987,0568000,LOUISVILLE METRO POLICE DEPT,Accepted,JEFFERSON,,,CHESTNUT,ST,E,KY0061,PRESTON,,,,,38.247789966,-85.747191271,0.314,11/23/2020 12:00:00 AM,1559,2,2,0,0,CLEAR,DRY,False,ANGLE COLLISION - ONE VEHICLE TURNING LEFT,ANGLE,STRAIGHT & LEVEL,DAYLIGHT,,,11/24/2020 8:13:37 AM,False,5187,Accepted,
27492988,0568000,LOUISVILLE METRO POLICE DEPT,Accepted,JEFFERSON,KY3082,,BANK,ST,,,,,,,,38.267876432,-85.786958653,1.330,11/23/2020 12:00:00 AM,1548,2,2,0,0,CLEAR,DRY,False,OTHER COLLISIONS ON SHOULDER,SIDESWIPE-SAME DIRECTION,STRAIGHT & LEVEL,DAYLIGHT,,,11/24/2020 8:13:39 AM,False,7288,Accepted,
27497918,0568000,LOUISVILLE METRO POLICE DEPT,Accepted,JEFFERSON,,,BARRET,AVE,,,,,,,,38.226623958,-85.720520602,1.765,11/23/2020 12:00:00 AM,0846,2,2,0,2,CLEAR,DRY,False,1 VEHICLE ENTERING/LEAVING ENTRANCE,ANGLE,STRAIGHT & LEVEL,DAYLIGHT,,,11/25/2020 10:11:44 AM,False,5112,Accepted,
27492996,0568000,LOUISVILLE METRO POLICE DEPT,Accepted,JEFFERSON,I 0264,,I264 W,,,,,,,,,38.214167810,-85.665959158,16.025,11/23/2020 12:00:00 AM,1540,2,2,0,0,CLEAR,DRY,False,SIDESWIPE COLLISION - SAME DIRECTION,SIDESWIPE-SAME DIRECTION,STRAIGHT & LEVEL,DAYLIGHT,,,11/24/2020 8:14:10 AM,False,8278,Accepted,
27575619,0568000,LOUISVILLE METRO POLICE DEPT,Accepted,JEFFERSON,US0060A,1155,EASTERN,PKWY,,,,,,,,38.225359686,-85.727829981,5.680,11/23/2020 12:00:00 AM,1823,2,2,0,1,CLEAR,DRY,False,1 VEHICLE ENTERING/LEAVING ENTRANCE,ANGLE,STRAIGHT & LEVEL,DARK-HWY LIGHTED/ON,,,12/17/2020 9:20:39 AM,False,5196,Accepted,
27537266,0568000,LOUISVILLE METRO POLICE DEPT,Accepted,JEFFERSON,I 0065,,I65 S,,,I 0065,I65 S EXIT131A ON RAMP,,,,,38.188304667,-85.727691705,130.562,11/22/2020 12:00:00 AM,2005,2,2,0,1,RAINING,WET,False,SIDESWIPE-SAME DIRECTION,SIDESWIPE-SAME DIRECTION,STRAIGHT & LEVEL,DARK-HWY LIGHTED/ON,,,12/7/2020 10:36:05 AM,False,5139,Accepted,
27492995,0568000,LOUISVILLE METRO POLICE DEPT,Accepted,JEFFERSON,,,ROY WILKINS,AVE,,,MUHAMMAD ALI,,,,,38.252057124,-85.765852736,0.382,11/22/2020 12:00:00 AM,1826,2,2,0,0,CLOUDY,DRY,False,ANGLE COLLISION - OTHER,ANGLE,STRAIGHT & LEVEL,DARK-HWY LIGHTED/ON,,,11/24/2020 8:14:04 AM,False,7239,Accepted,
27511197,0568000,LOUISVILLE METRO POLICE DEPT,Accepted,JEFFERSON,,,LINCOLN,AVE,,,LINDBERGH,,,,,38.214979518,-85.776402984,0.436,11/22/2020 12:00:00 AM,1640,2,2,0,1,CLOUDY,WET,False,ANGLE COLLISION - OTHER,ANGLE,STRAIGHT & LEVEL,DUSK,,,11/30/2020 8:35:33 AM,False,5315,Accepted,
27488978,0568000,LOUISVILLE METRO POLICE DEPT,Accepted,JEFFERSON,KY1747,,FERN VALLEY,RD,,,JEFFERSON,,,,,38.156653063,-85.671525619,3.313,11/22/2020 12:00:00 AM,0930,3,3,0,0,RAINING,WET,False,ANGLE COLLISION - ONE VEHICLE TURNING LEFT,ANGLE,STRAIGHT & LEVEL,DAYLIGHT,,,11/23/2020 9:29:52 AM,False,2547,Accepted,
27488985,0568000,LOUISVILLE METRO POLICE DEPT,Accepted,JEFFERSON,KY0061,,PRESTON,HWY,,KY1065,OUTER,,,,,38.138464803,-85.686658692,3.960,11/22/2020 12:00:00 AM,1127,2,2,0,2,RAINING,WET,False,ANGLE COLLISION - OTHER,ANGLE,STRAIGHT & LEVEL,DAYLIGHT,,,11/23/2020 9:30:21 AM,False,2324,Accepted,
27488987,0568000,LOUISVILLE METRO POLICE DEPT,Accepted,JEFFERSON,I 0065,,,,,,,,,,,38.114960447,-85.701070460,0.418,11/22/2020 12:00:00 AM,1125,2,2,0,0,RAINING,WET,False,OTHER RAMP RELATED COLLISIONS NOT LISTED ABOVE,SIDESWIPE-SAME DIRECTION,CURVE & GRADE,DAYLIGHT,I 0065,KY0481,11/23/2020 9:30:31 AM,False,7720,Accepted,
27489025,0568000,LOUISVILLE METRO POLICE DEPT,Accepted,JEFFERSON,I 0071,,I71 N,,,,,I 0071,I71 TURN AROUND6,I 0071,I71 TURN AROUND8,38.299322804,-85.619636841,6.744,11/22/2020 12:00:00 AM,2210,2,2,0,0,CLOUDY,DRY,True,SIDESWIPE COLLISION - SAME DIRECTION,SIDESWIPE-SAME DIRECTION,CURVE & GRADE,DARK-HWY NOT LIGHTED,,,11/23/2020 9:34:50 AM,False,5228,Accepted,
27489026,0568000,LOUISVILLE METRO POLICE DEPT,Accepted,JEFFERSON,KY3077,,BINGHAM,WAY,,KY3077,RIVER,,,,,38.258108054,-85.750310189,0.632,11/22/2020 12:00:00 AM,2030,1,1,0,0,CLEAR,DRY,True,COLLISION WITH FIXED OBJECT IN INTERSECTION - FIRST EVENT COLLISION 09 - 32,SINGLE VEHICLE,CURVE & LEVEL,DARK-HWY LIGHTED/ON,,,11/23/2020 9:34:55 AM,False,5275,Accepted,
27489027,0568000,LOUISVILLE METRO POLICE DEPT,Accepted,JEFFERSON,KY0907,9106,3RD ST,RD,,,,,,,,38.116573869,-85.818383549,3.031,11/22/2020 12:00:00 AM,1420,1,1,0,1,CLOUDY,WET,False,COLLISION WITH FIXED OBJECT NON - INTERSECTION - FIRST EVENT COLLISION 09 - 32 EXCLUDING 16,SINGLE VEHICLE,CURVE & GRADE,DAYLIGHT,,,11/23/2020 9:35:00 AM,False,7578,Accepted,
27489028,0568000,LOUISVILLE METRO POLICE DEPT,Accepted,JEFFERSON,US0031E,3000B,BARDSTOWN,RD,,,GARDINER,,,,,38.212605273,-85.672347978,12.133,11/22/2020 12:00:00 AM,1928,2,2,0,0,CLEAR,DRY,False,SIDESWIPE-SAME DIRECTION,SIDESWIPE-SAME DIRECTION,STRAIGHT & LEVEL,DARK-HWY LIGHTED/ON,,,11/23/2020 9:35:05 AM,False,7101,Accepted,
27489001,0568000,LOUISVILLE METRO POLICE DEPT,Accepted,JEFFERSON,,,ROBBS,LN,,,,,SHEPHERDSVILLE,,GAYEWAY,38.134801170,-85.660935382,0.322,11/22/2020 12:00:00 AM,1548,2,2,0,1,CLOUDY,WET,False,HEAD-ON COLLISION,HEAD ON,CURVE & LEVEL,DAYLIGHT,,,11/23/2020 9:32:50 AM,False,2547,Accepted,
27489009,0568000,LOUISVILLE METRO POLICE DEPT,Accepted,JEFFERSON,KY1065,,OUTER,LOOP,,,,,NOLTEMEYER WYNDE,,LAMBERT,38.138272527,-85.678391072,6.515,11/22/2020 12:00:00 AM,,2,2,0,0,CLEAR,DRY,True,SIDESWIPE COLLISION - SAME DIRECTION,SIDESWIPE-SAME DIRECTION,STRAIGHT & LEVEL,DUSK,,,11/23/2020 9:33:31 AM,False,2324,Accepted,
27488950,0568000,LOUISVILLE METRO POLICE DEPT,Accepted,JEFFERSON,US0060A,,EASTERN,PKWY,,KY0061,PRESTON,,,,,38.214595094,-85.743132482,4.549,11/22/2020 12:00:00 AM,0006,2,2,0,1,CLOUDY,WATER (STANDING OR MOVING),True,ANGLE COLLISION - OTHER,ANGLE,STRAIGHT & LEVEL,DARK-HWY LIGHTED/ON,,,11/23/2020 9:29:16 AM,False,5204,Accepted,
27515679,0568000,LOUISVILLE METRO POLICE DEPT,Accepted,JEFFERSON,US0031W,,DIXIE,HWY,,KY0907,VALLEY STATION,,,,,38.107597595,-85.866718033,8.631,11/22/2020 12:00:00 AM,1740,2,2,0,0,CLOUDY,DRY,False,OPPOSING LEFT TURN,OPPOSING LEFT TURN,STRAIGHT & LEVEL,DARK (UNKNOWN ROADWAY LIGHTING),,,12/1/2020 8:20:14 AM,False,7336,Accepted,
27489050,0568000,LOUISVILLE METRO POLICE DEPT,Accepted,JEFFERSON,I 0064,,I64 W,,,,,I 0064,I64 E EXIT5AB RAMP TO I65 N,I 0065,I65 N,38.260322758,-85.741340718,5.158,11/22/2020 12:00:00 AM,1524,1,1,0,0,CLOUDY,WET,False,OTHER COLLISIONS ON SHOULDER,SINGLE VEHICLE,CURVE & LEVEL,DAYLIGHT,,,11/23/2020 9:40:34 AM,False,2764,Accepted,