IncidentID,AgencyORI,AgencyName,IncidentStatusDesc,County,RdwyNumber,Street,RoadwayName,StreetSfx,StreetDir,IntersectionRdwy,IntersectionRdwyName,BetweenStRdwy1,BetweenStRdwyName1,BetweenStRdwy2,BetweenStRdwyName2,Latitude,Longitude,Milepoint,CollisionDate,CollisionTime,UnitsInvolved,MotorVehiclesInvolved,NumberKilled,NumberInjured,Weather,RdwyConditionCode,HitandRun,DirAnalysisCode,MannerofCollision,RdwyCharacter,LightCondition,RampFromRdwyId,RampToRdwyId,AcceptedDate,IsSecondaryCollision,OwnerBadge,IncidentStatus,
27488994,0568000,LOUISVILLE METRO POLICE DEPT,Accepted,JEFFERSON,US0060,10410,SHELBYVILLE,RD,,,,,,,,38.245253473,-85.561653791,8.693,11/22/2020 12:00:00 AM,1424,1,1,0,1,RAINING,WET,False,COLLISION IN PARKING LOT,SINGLE VEHICLE,STRAIGHT & LEVEL,DAYLIGHT,,,11/23/2020 9:31:36 AM,False,7633,Accepted,
27488995,0568000,LOUISVILLE METRO POLICE DEPT,Accepted,JEFFERSON,I 0265,,I265 N,,,,,I 0064,I64 W EXIT19B RAMP TO I265 N,I 0265,I265 N EXIT27 OFF RAMP TO US60,38.230093024,-85.504790611,25.990,11/22/2020 12:00:00 AM,1432,1,1,0,0,RAINING,WET,False,OTHER ROADWAY OR MID-BLOCK COLLISION,SINGLE VEHICLE,STRAIGHT & LEVEL,DAYLIGHT,,,11/23/2020 9:31:44 AM,False,2109,Accepted,
27489011,0568000,LOUISVILLE METRO POLICE DEPT,Accepted,JEFFERSON,I 0064,,I64 E,,,,,I 0065,I65 N,I 0064,I64 N EXIT137 RAMP TO I71 N,38.257929819,-85.741075171,5.452,11/22/2020 12:00:00 AM,1338,2,2,0,0,CLOUDY,WET,False,SIDESWIPE COLLISION - SAME DIRECTION,SIDESWIPE-SAME DIRECTION,CURVE & LEVEL,DAYLIGHT,,,11/23/2020 9:33:36 AM,False,2764,Accepted,
27511152,0568000,LOUISVILLE METRO POLICE DEPT,Accepted,JEFFERSON,,,GEORGETOWN,PL,,,LIBERTY BELL,,,,,38.194748821,-85.793454664,0.128,11/22/2020 12:00:00 AM,1900,2,2,0,0,CLEAR,DRY,False,ANGLE COLLISION - OTHER,ANGLE,STRAIGHT & LEVEL,DARK-HWY LIGHTED/OFF,,,11/30/2020 8:32:01 AM,False,7298,Accepted,
27511191,0568000,LOUISVILLE METRO POLICE DEPT,Accepted,JEFFERSON,KY0864,,GOSS,AVE,,,TEXAS,,,,,38.225942142,-85.733324678,13.933,11/22/2020 12:00:00 AM,1829,2,2,0,0,CLEAR,DRY,True,OTHER INTERSECTION COLLISIONS,REAR END,CURVE & LEVEL,DARK-HWY LIGHTED/ON,,,11/30/2020 8:35:14 AM,False,7257,Accepted,
27488937,0568000,LOUISVILLE METRO POLICE DEPT,Accepted,JEFFERSON,,,MUHAMMAD ALI,BLVD,W,US0031W,22ND,,,,,38.254416932,-85.787312713,1.908,11/22/2020 12:00:00 AM,0120,2,2,0,1,CLEAR,WET,False,ANGLE COLLISION - OTHER,ANGLE,STRAIGHT & LEVEL,DARK-HWY LIGHTED/ON,,,11/23/2020 9:28:45 AM,False,5008,Accepted,
27488943,0568000,LOUISVILLE METRO POLICE DEPT,Accepted,JEFFERSON,I 0064,,I64 E,,,,,,,,,38.274904775,-85.815746334,0.628,11/22/2020 12:00:00 AM,0455,2,2,0,2,FOG,WET,False,1 VEHICLE ENTERING/LEAVING ENTRANCE,ANGLE,CURVE & LEVEL,DARK-HWY LIGHTED/OFF,,,11/23/2020 9:29:04 AM,False,7489,Accepted,
27488979,0568000,LOUISVILLE METRO POLICE DEPT,Accepted,JEFFERSON,US0031E,,BARDSTOWN,RD,,,FERN CREEK,,,,,38.157631804,-85.591004671,6.160,11/22/2020 12:00:00 AM,0915,3,3,0,0,RAINING,WET,False,ANGLE COLLISION - ONE VEHICLE TURNING LEFT,ANGLE,STRAIGHT & LEVEL,DAYLIGHT,,,11/23/2020 9:29:56 AM,False,7914,Accepted,
27488980,0568000,LOUISVILLE METRO POLICE DEPT,Accepted,JEFFERSON,KY1819,5109,BILLTOWN,RD,,,,,,,,38.171285115,-85.572748663,7.531,11/22/2020 12:00:00 AM,0951,1,1,0,0,RAINING,WET,False,OTHER COLLISIONS ON SHOULDER,SINGLE VEHICLE,CURVE & HILLCREST,DAYLIGHT,,,11/23/2020 9:29:59 AM,False,7914,Accepted,
27489015,0568000,LOUISVILLE METRO POLICE DEPT,Accepted,JEFFERSON,,,SIX MILE,LN,,,KLONDIKE,,,,,38.199183853,-85.643414769,0.582,11/22/2020 12:00:00 AM,1829,1,1,0,0,RAINING,WET,False,COLLISION WITH FIXED OBJECT IN INTERSECTION - FIRST EVENT COLLISION 09 - 32,SINGLE VEHICLE,CURVE & LEVEL,DARK (UNKNOWN ROADWAY LIGHTING),,,11/23/2020 9:33:52 AM,False,5191,Accepted,
27489021,0568000,LOUISVILLE METRO POLICE DEPT,Accepted,JEFFERSON,,605,37TH,ST,S,,,,,,,38.254634007,-85.813296995,0.316,11/22/2020 12:00:00 AM,1955,1,1,0,0,CLEAR,DRY,False,COLLISION WITH FIXED OBJECT NON - INTERSECTION - FIRST EVENT COLLISION 09 - 32 EXCLUDING 16,SINGLE VEHICLE,STRAIGHT & LEVEL,DARK-HWY LIGHTED/ON,,,11/23/2020 9:34:35 AM,False,5216,Accepted,
27489023,0568000,LOUISVILLE METRO POLICE DEPT,Accepted,JEFFERSON,,,OLD HENRY,RD,,,OLD HENRY,,,,,38.279937630,-85.486978164,0.287,11/22/2020 12:00:00 AM,2145,1,1,0,1,CLEAR,DRY,False,COLLISION WITH FIXED OBJECT IN INTERSECTION - FIRST EVENT COLLISION 09 - 32,SINGLE VEHICLE,STRAIGHT & LEVEL,DARK-HWY NOT LIGHTED,,,11/23/2020 9:34:44 AM,False,7012,Accepted,
27489024,0568000,LOUISVILLE METRO POLICE DEPT,Accepted,JEFFERSON,I 0071,,I71 N,,,,,,,,,38.308708351,-85.594092423,8.298,11/22/2020 12:00:00 AM,2240,2,2,0,2,CLOUDY,DRY,False,REAR END IN TRAFFIC LANES BOTH VEHICLES MOVING,REAR END,CURVE & LEVEL,DARK-HWY LIGHTED/OFF,,,11/23/2020 9:34:47 AM,False,5004,Accepted,
27489031,0568000,LOUISVILLE METRO POLICE DEPT,Accepted,JEFFERSON,,,UPPER HUNTERS,TRCE,,,STEWART,,,,,38.168619012,-85.833532309,0.273,11/22/2020 12:00:00 AM,2051,1,1,0,0,CLEAR,DRY,False,OTHER INTERSECTION COLLISIONS,SINGLE VEHICLE,CURVE & LEVEL,DARK-HWY LIGHTED/ON,,,11/23/2020 9:35:16 AM,False,7321,Accepted,
27489249,0568000,LOUISVILLE METRO POLICE DEPT,Accepted,JEFFERSON,I 0265,,I265 N,,,,,,,,,38.300605704,-85.553106275,32.863,11/22/2020 12:00:00 AM,1453,2,2,0,1,RAINING,WET,False,REAR END IN TRAFFIC LANES BOTH VEHICLES MOVING,REAR END,STRAIGHT & LEVEL,DAYLIGHT,,,11/23/2020 10:14:32 AM,False,7313,Accepted,
27488991,0568000,LOUISVILLE METRO POLICE DEPT,Accepted,JEFFERSON,,,GARLAND,AVE,,,,,CECIL,,41ST,38.246822347,-85.820873624,2.908,11/22/2020 12:00:00 AM,1102,2,2,0,1,RAINING,WET,False,1 VEHICLE ENTERING/LEAVING ENTRANCE,ANGLE,STRAIGHT & LEVEL,DAYLIGHT,,,11/23/2020 9:31:25 AM,False,7328,Accepted,
27489007,0568000,LOUISVILLE METRO POLICE DEPT,Accepted,JEFFERSON,US0031W,,DIXIE,HWY,,,STONEGATE MANOR,,,,,38.080626846,-85.882716895,6.576,11/22/2020 12:00:00 AM,1744,2,2,0,1,CLEAR,DRY,False,OPPOSING LEFT TURN,OPPOSING LEFT TURN,STRAIGHT & LEVEL,DARK-HWY NOT LIGHTED,,,11/23/2020 9:33:16 AM,False,7424,Accepted,
27488955,0568000,LOUISVILLE METRO POLICE DEPT,Accepted,JEFFERSON,US0031E,1572,BARDSTOWN,RD,,,,,,,,38.231097730,-85.705831806,14.438,11/22/2020 12:00:00 AM,0541,4,4,0,0,CLOUDY,DRY,True,1 VEHICLE PARKED POSITION (NOT PARKING LOT/DRIVEWAY),REAR END,STRAIGHT & LEVEL,DARK-HWY LIGHTED/ON,,,11/23/2020 9:29:23 AM,False,2976,Accepted,
27488981,0568000,LOUISVILLE METRO POLICE DEPT,Accepted,JEFFERSON,US0031E,,BARDSTOWN,RD,,,,,FERNDALE,,STORAGE,38.154686058,-85.589513274,5.843,11/22/2020 12:00:00 AM,1035,2,2,0,1,RAINING,WET,False,OTHER ROADWAY OR MID-BLOCK COLLISION,OPPOSING LEFT TURN,STRAIGHT & HILLCREST,DAYLIGHT,,,11/23/2020 9:30:03 AM,False,6878,Accepted,
27488989,0568000,LOUISVILLE METRO POLICE DEPT,Accepted,JEFFERSON,KY1020,,NATIONAL,TPKE,,KY0841,KY841 RAMP FROM KY1020,,,,,38.116809114,-85.747918626,3.010,11/22/2020 12:00:00 AM,1213,2,2,0,3,RAINING,WET,False,OPPOSING LEFT TURN,OPPOSING LEFT TURN,STRAIGHT & LEVEL,DAYLIGHT,,,11/23/2020 9:30:54 AM,False,7252,Accepted,
27488940,0568000,LOUISVILLE METRO POLICE DEPT,Accepted,JEFFERSON,,6111,SIX MILE,LN,,,BUXTON,,,,,38.199150827,-85.643385783,0.581,11/22/2020 12:00:00 AM,0037,1,1,0,0,CLOUDY,WET,False,COLLISION WITH FIXED OBJECT IN INTERSECTION - FIRST EVENT COLLISION 09 - 32,SINGLE VEHICLE,CURVE & LEVEL,DARK-HWY NOT LIGHTED,,,11/23/2020 9:28:55 AM,False,7851,Accepted,
27488996,0568000,LOUISVILLE METRO POLICE DEPT,Accepted,JEFFERSON,US0150T,,MARKET,ST,W,US0031W,22ND,,,,,38.258635644,-85.786830124,0.012,11/22/2020 12:00:00 AM,1414,2,2,0,0,CLOUDY,WET,False,ANGLE COLLISION - OTHER,ANGLE,STRAIGHT & LEVEL,DAYLIGHT,,,11/23/2020 9:31:55 AM,False,7345,Accepted,
27488997,0568000,LOUISVILLE METRO POLICE DEPT,Accepted,JEFFERSON,KY2051,,LEES,LN,,KY1934,CANE RUN,,,,,38.183930801,-85.855385593,1.964,11/22/2020 12:00:00 AM,1435,2,2,0,0,CLOUDY,WET,False,ANGLE COLLISION - OTHER,ANGLE,STRAIGHT & LEVEL,DAYLIGHT,,,11/23/2020 9:32:01 AM,False,7427,Accepted,
27489005,0568000,LOUISVILLE METRO POLICE DEPT,Accepted,JEFFERSON,,,DODGE,LN,S,,SILVER CREEK,,,,,38.100104834,-85.846424355,0.254,11/22/2020 12:00:00 AM,1056,1,1,0,1,RAINING,WET,False,NON-COLLISION OBJECT COLLISION,SINGLE VEHICLE,CURVE & LEVEL,DAYLIGHT,,,11/23/2020 9:33:09 AM,False,5329,Accepted,
27489006,0568000,LOUISVILLE METRO POLICE DEPT,Accepted,JEFFERSON,KY1065,,OUTER,LOOP,,,MINOR,,,,,38.136252524,-85.697108966,5.469,11/21/2020 12:00:00 AM,1820,2,2,0,0,RAINING,WET,False,OPPOSING LEFT TURN,OPPOSING LEFT TURN,STRAIGHT & LEVEL,DARK-HWY LIGHTED/ON,,,11/23/2020 9:33:12 AM,False,5309,Accepted,
27489014,0568000,LOUISVILLE METRO POLICE DEPT,Accepted,JEFFERSON,,1100 BLK,LEXINGTON,RD,,,,US0031E,BAXTER,,COOPER,38.248853916,-85.730109163,0.175,11/21/2020 12:00:00 AM,1832,2,2,0,0,CLOUDY,WET,False,1 VEHICLE ENTERING/LEAVING ENTRANCE,ANGLE,STRAIGHT & LEVEL,DARK-HWY LIGHTED/ON,,,11/23/2020 9:33:45 AM,False,5020,Accepted,
27488963,0568000,LOUISVILLE METRO POLICE DEPT,Accepted,JEFFERSON,KY1931,4827,MANSLICK,RD,,,,,,,,38.174684045,-85.797803612,6.883,11/21/2020 12:00:00 AM,2325,1,1,0,0,CLOUDY,WET,False,COLLISION WITH FIXED OBJECT NON - INTERSECTION - FIRST EVENT COLLISION 09 - 32 EXCLUDING 16,SINGLE VEHICLE,CURVE & GRADE,DARK-HWY LIGHTED/ON,,,11/23/2020 9:29:34 AM,False,7423,Accepted,
27488966,0568000,LOUISVILLE METRO POLICE DEPT,Accepted,JEFFERSON,,,CENTRAL STATION,BLVD,,KY1020,3RD,,,,,38.203531867,-85.764162883,0.053,11/21/2020 12:00:00 AM,1122,2,2,0,0,RAINING,WET,False,ANGLE COLLISION - OTHER,ANGLE,STRAIGHT & LEVEL,DAYLIGHT,,,11/23/2020 9:29:37 AM,False,5186,Accepted,
27488941,0568000,LOUISVILLE METRO POLICE DEPT,Accepted,JEFFERSON,KY1931,,MANSLICK,RD,,,,,MANSLICK,,MARCH,38.191626261,-85.800798724,8.103,11/21/2020 12:00:00 AM,1957,2,2,0,1,RAINING,WET,False,1 VEHICLE ENTERING/LEAVING ENTRANCE,ANGLE,STRAIGHT & LEVEL,DARK-HWY LIGHTED/ON,,,11/23/2020 9:28:58 AM,False,5267,Accepted,
27488906,0568000,LOUISVILLE METRO POLICE DEPT,Accepted,JEFFERSON,,,STONESTREET,RD,,,,,,,,38.106251849,-85.834556114,1.696,11/21/2020 12:00:00 AM,1451,1,1,0,1,RAINING,WET,False,COLLISION WITH FIXED OBJECT NON - INTERSECTION - FIRST EVENT COLLISION 09 - 32 EXCLUDING 16,SINGLE VEHICLE,STRAIGHT & LEVEL,DAYLIGHT,,,11/23/2020 9:27:03 AM,False,7174,Accepted,
27488907,0568000,LOUISVILLE METRO POLICE DEPT,Accepted,JEFFERSON,KY0907,,3RD ST,RD,,,,,,,,38.116438368,-85.812416922,3.357,11/21/2020 12:00:00 AM,1536,2,2,0,0,RAINING,WET,False,1 VEHICLE ENTERING/LEAVING ENTRANCE,ANGLE,STRAIGHT & LEVEL,DAYLIGHT,,,11/23/2020 9:27:06 AM,False,7174,Accepted,
27488905,0568000,LOUISVILLE METRO POLICE DEPT,Accepted,JEFFERSON,,,FISCHER PARK,DR,,,SHELBURN PARK,,,,,38.296217867,-85.557087620,0.168,11/21/2020 12:00:00 AM,1144,3,3,0,0,CLOUDY,DRY,False,ANGLE COLLISION - OTHER,ANGLE,STRAIGHT & HILLCREST,DAYLIGHT,,,11/23/2020 9:26:59 AM,False,7751,Accepted,
27488921,0568000,LOUISVILLE METRO POLICE DEPT,Accepted,JEFFERSON,I 0065,,,,,,,,,,,38.113564256,-85.699340400,0.594,11/21/2020 12:00:00 AM,1446,1,1,0,1,RAINING,WET,False,OTHER RAMP RELATED COLLISIONS NOT LISTED ABOVE,SINGLE VEHICLE,CURVE & LEVEL,DUSK,I 0065,I 0065,11/23/2020 9:27:56 AM,False,5336,Accepted,
27488922,0568000,LOUISVILLE METRO POLICE DEPT,Accepted,JEFFERSON,,609,40TH,ST,S,,,,,,,38.255420259,-85.817697875,0.372,11/21/2020 12:00:00 AM,1515,3,3,0,0,RAINING,WET,True,1 VEHICLE PARKED POSITION (NOT PARKING LOT/DRIVEWAY),BACKING,STRAIGHT & LEVEL,DAYLIGHT,,,11/23/2020 9:27:59 AM,False,5161,Accepted,
27488923,0568000,LOUISVILLE METRO POLICE DEPT,Accepted,JEFFERSON,I 0064,,,,,,,,,,,38.260034105,-85.739452187,0.127,11/21/2020 12:00:00 AM,1445,1,1,0,0,RAINING,WET,False,OTHER RAMP RELATED COLLISIONS NOT LISTED ABOVE,SINGLE VEHICLE,CURVE & GRADE,DAYLIGHT,I 0064,I 0065,11/23/2020 9:28:04 AM,False,2764,Accepted,
27488929,0568000,LOUISVILLE METRO POLICE DEPT,Accepted,JEFFERSON,KY1065,,BEULAH CHURCH,RD,,,DELIGHTFUL,,,,,38.137499519,-85.610285816,10.182,11/21/2020 12:00:00 AM,1734,3,3,0,4,RAINING,WET,False,OTHER INTERSECTION COLLISIONS,REAR END,STRAIGHT & LEVEL,DARK-HWY NOT LIGHTED,,,11/23/2020 9:28:14 AM,False,6937,Accepted,
27488930,0568000,LOUISVILLE METRO POLICE DEPT,Accepted,JEFFERSON,US0031E,,BARDSTOWN,RD,,,ICHABOD,,,,,38.131516929,-85.578181491,4.175,11/21/2020 12:00:00 AM,1815,3,3,0,0,CLOUDY,WET,False,OPPOSING LEFT TURN,OPPOSING LEFT TURN,STRAIGHT & LEVEL,DARK-HWY NOT LIGHTED,,,11/23/2020 9:28:18 AM,False,6878,Accepted,
27488932,0568000,LOUISVILLE METRO POLICE DEPT,Accepted,JEFFERSON,I 0065,,I65 N,,,,,,,,,38.202470025,-85.736826457,131.685,11/21/2020 12:00:00 AM,1545,2,2,0,0,RAINING,WET,False,1 VEHICLE ENTERING/LEAVING ENTRANCE,ANGLE,CURVE & HILLCREST,OTHER,,,11/23/2020 9:28:29 AM,False,7298,Accepted,
27488938,0568000,LOUISVILLE METRO POLICE DEPT,Accepted,JEFFERSON,I 0064,,I64 E,,,,,,,,,38.267172464,-85.780222159,2.987,11/21/2020 12:00:00 AM,2030,2,2,0,0,RAINING,WET,False,SIDESWIPE COLLISION - SAME DIRECTION,SIDESWIPE-SAME DIRECTION,STRAIGHT & LEVEL,DARK-HWY LIGHTED/ON,,,11/23/2020 9:28:49 AM,False,7430,Accepted,
27488939,0568000,LOUISVILLE METRO POLICE DEPT,Accepted,JEFFERSON,,,BROADWAY,,W,,23RD,,,,,38.249189494,-85.788299280,0.006,11/21/2020 12:00:00 AM,2148,2,2,0,2,RAINING,WET,False,ANGLE COLLISION - OTHER,ANGLE,STRAIGHT & LEVEL,DARK-HWY LIGHTED/ON,,,11/23/2020 9:28:52 AM,False,5162,Accepted,
27488891,0568000,LOUISVILLE METRO POLICE DEPT,Accepted,JEFFERSON,,501,UPLAND,RD,,,GRINSTEAD,,,,,38.248400761,-85.695830031,0.464,11/21/2020 12:00:00 AM,0039,1,1,0,0,CLEAR,DRY,False,COLLISION WITH FIXED OBJECT IN INTERSECTION - FIRST EVENT COLLISION 09 - 32,SINGLE VEHICLE,STRAIGHT & GRADE,DARK-HWY LIGHTED/ON,,,11/23/2020 9:26:13 AM,False,2229,Accepted,
27488946,0568000,LOUISVILLE METRO POLICE DEPT,Accepted,JEFFERSON,I 0064,,I64 W,,,,,,,,,38.261486184,-85.734413598,5.547,11/21/2020 12:00:00 AM,1940,1,1,0,0,RAINING,WATER (STANDING OR MOVING),False,COLLISION WITH FIXED OBJECT NON - INTERSECTION - FIRST EVENT COLLISION 09 - 32 EXCLUDING 16,SINGLE VEHICLE,CURVE & GRADE,DARK-HWY LIGHTED/ON,,,11/23/2020 9:29:08 AM,False,5275,Accepted,
27489030,0568000,LOUISVILLE METRO POLICE DEPT,Accepted,JEFFERSON,,1204,GILMORE,LN,,,,,,,,38.174838255,-85.712353090,0.026,11/21/2020 12:00:00 AM,2313,1,1,0,0,CLEAR,DRY,False,COLLISION IN PARKING LOT,SINGLE VEHICLE,STRAIGHT & LEVEL,DARK-HWY LIGHTED/ON,,,11/23/2020 9:35:13 AM,False,5269,Accepted,
27489022,0568000,LOUISVILLE METRO POLICE DEPT,Accepted,JEFFERSON,I 0064,,I64 W,,,,,,,,,38.279930025,-85.823485947,0.021,11/21/2020 12:00:00 AM,2354,2,2,0,0,CLEAR,DRY,False,SIDESWIPE COLLISION - SAME DIRECTION,SIDESWIPE-SAME DIRECTION,STRAIGHT & LEVEL,DARK-HWY LIGHTED/ON,,,11/23/2020 9:34:39 AM,False,5216,Accepted,
27488902,0568000,LOUISVILLE METRO POLICE DEPT,Accepted,JEFFERSON,I 0071,,I71 S,,,,,I 0071,I71 S EXIT35B ON RAMP FROM KY841 S,I 0071,I71 S EXIT9A RAMP TO I265 W,38.313257803,-85.585293455,8.879,11/21/2020 12:00:00 AM,0741,1,1,0,0,RAINING,WET,False,COLLISION WITH FIXED OBJECT NON - INTERSECTION - FIRST EVENT COLLISION 09 - 32 EXCLUDING 16,SINGLE VEHICLE,STRAIGHT & LEVEL,DAWN,,,11/23/2020 9:26:53 AM,False,7751,Accepted,
27488903,0568000,LOUISVILLE METRO POLICE DEPT,Accepted,JEFFERSON,,,TUCKER STATION,RD,,,,,REHL,,TUCKER LAKE,38.198550488,-85.527279922,3.676,11/21/2020 12:00:00 AM,0945,1,1,0,0,RAINING,WET,False,COLLISION WITH FIXED OBJECT NON - INTERSECTION - FIRST EVENT COLLISION 09 - 32 EXCLUDING 16,SINGLE VEHICLE,STRAIGHT & HILLCREST,DAYLIGHT,,,11/23/2020 9:26:56 AM,False,7751,Accepted,
27488911,0568000,LOUISVILLE METRO POLICE DEPT,Accepted,JEFFERSON,,,3RD,ST,S,,LANSING,,,,,38.192714559,-85.764931493,0.544,11/21/2020 12:00:00 AM,1611,2,2,0,1,RAINING,WET,False,OTHER INTERSECTION COLLISIONS,REAR END,STRAIGHT & LEVEL,OTHER,,,11/23/2020 9:27:38 AM,False,5299,Accepted,
27488920,0568000,LOUISVILLE METRO POLICE DEPT,Accepted,JEFFERSON,I 0065,,,,,,,,,,,38.206644706,-85.748410671,0.264,11/21/2020 12:00:00 AM,1103,2,2,0,0,CLOUDY,WET,False,OTHER RAMP RELATED COLLISIONS NOT LISTED ABOVE,SIDESWIPE-SAME DIRECTION,CURVE & LEVEL,OTHER,CRITTENDEN DR,I 0065,11/23/2020 9:27:53 AM,False,5325,Accepted,
27488900,0568000,LOUISVILLE METRO POLICE DEPT,Accepted,JEFFERSON,US0060A,,EASTERN,PKWY,,,BARRET,,,,,38.226531726,-85.720401453,6.107,11/21/2020 12:00:00 AM,0742,1,1,0,0,RAINING,WET,False,COLLISION WITH FIXED OBJECT IN INTERSECTION - FIRST EVENT COLLISION 09 - 32,SINGLE VEHICLE,CURVE & GRADE,DARK-HWY LIGHTED/ON,,,11/23/2020 9:26:46 AM,False,2228,Accepted,
27488901,0568000,LOUISVILLE METRO POLICE DEPT,Accepted,JEFFERSON,I 0064,,I64 E,,,I 0064,I64 E EXIT6 RAMP TO I71 N,,,,,38.261084564,-85.728718147,6.196,11/21/2020 12:00:00 AM,0956,1,1,0,1,CLOUDY,WET,False,OTHER INTERSECTION COLLISIONS,SINGLE VEHICLE,STRAIGHT & LEVEL,DAYLIGHT,,,11/23/2020 9:26:50 AM,False,5324,Accepted,
27488909,0568000,LOUISVILLE METRO POLICE DEPT,Accepted,JEFFERSON,,,MANSLICK,RD,,,RUDGATE,,,,,38.147133195,-85.790421246,0.381,11/21/2020 12:00:00 AM,1516,2,2,0,1,RAINING,WET,False,HEAD-ON COLLISION,HEAD ON,CURVE & GRADE,DAYLIGHT,,,11/23/2020 9:27:20 AM,False,5316,Accepted,
27488917,0568000,LOUISVILLE METRO POLICE DEPT,Accepted,JEFFERSON,I 0064,,I64 E,,,,,,,,,38.247161595,-85.700441089,8.075,11/21/2020 12:00:00 AM,1521,2,2,0,2,RAINING,WET,False,COLLISION WITH FIXED OBJECT NON - INTERSECTION - FIRST EVENT COLLISION 09 - 32 EXCLUDING 16,REAR END,STRAIGHT & LEVEL,DAYLIGHT,,,11/23/2020 9:27:49 AM,False,5020,Accepted,
27511167,0568000,LOUISVILLE METRO POLICE DEPT,Accepted,JEFFERSON,KY2051,,ROCKFORD,LN,,,,,,,,38.180136635,-85.851922715,1.653,11/21/2020 12:00:00 AM,0040,2,2,0,0,CLEAR,DRY,False,1 VEHICLE ENTERING/LEAVING ENTRANCE,ANGLE,CURVE & LEVEL,DARK-HWY LIGHTED/ON,,,11/30/2020 8:33:40 AM,False,7973,Accepted,
27488925,0568000,LOUISVILLE METRO POLICE DEPT,Accepted,JEFFERSON,KY1865,,TAYLOR,BLVD,,,WALTER,,,,,38.175811439,-85.782661748,4.761,11/21/2020 12:00:00 AM,1414,3,3,0,0,RAINING,WET,True,OTHER INTERSECTION COLLISIONS,REAR END,STRAIGHT & LEVEL,DAYLIGHT,,,11/23/2020 9:28:09 AM,False,5221,Accepted,
27488933,0568000,LOUISVILLE METRO POLICE DEPT,Accepted,JEFFERSON,,,23RD,ST,S,,BROADWAY,,,,,38.249397177,-85.789816033,0.315,11/21/2020 12:00:00 AM,0645,3,3,0,0,RAINING,WET,True,ANGLE COLLISION - OTHER,ANGLE,STRAIGHT & LEVEL,DARK-HWY LIGHTED/ON,,,11/23/2020 9:28:33 AM,False,5162,Accepted,
27488936,0568000,LOUISVILLE METRO POLICE DEPT,Accepted,JEFFERSON,,,TENNY,AVE,W,,3RD,,,,,38.176908409,-85.767042882,0.079,11/21/2020 12:00:00 AM,2310,2,2,0,0,CLEAR,WET,False,HEAD-ON COLLISION,HEAD ON,CURVE & LEVEL,DARK-HWY LIGHTED/ON,,,11/23/2020 9:28:42 AM,False,5245,Accepted,
27488894,0568000,LOUISVILLE METRO POLICE DEPT,Accepted,JEFFERSON,,,DELPHINIUM,ST,,,,,MEETING,,DAYFLOWER,38.321941472,-85.565999592,0.052,11/21/2020 12:00:00 AM,0309,4,4,0,0,CLOUDY,DRY,False,1 VEHICLE PARKED POSITION (NOT PARKING LOT/DRIVEWAY),ANGLE,STRAIGHT & LEVEL,DARK-HWY LIGHTED/ON,,,11/23/2020 9:26:19 AM,False,7159,Accepted,
27489020,0568000,LOUISVILLE METRO POLICE DEPT,Accepted,JEFFERSON,,3402,VIRGINIA,AVE,,,,,,,,38.239006889,-85.810460834,0.758,11/21/2020 12:00:00 AM,1402,2,2,0,0,RAINING,WET,True,1 VEHICLE PARKED POSITION (NOT PARKING LOT/DRIVEWAY),REAR END,STRAIGHT & LEVEL,DAYLIGHT,,,11/23/2020 9:34:32 AM,False,7329,Accepted,
27489029,0568000,LOUISVILLE METRO POLICE DEPT,Accepted,JEFFERSON,US0060A,,EASTERN,PKWY,,,,,,,,38.228053005,-85.717163724,6.318,11/21/2020 12:00:00 AM,2320,2,2,0,0,CLOUDY,WET,True,SIDESWIPE COLLISION - SAME DIRECTION,SIDESWIPE-SAME DIRECTION,STRAIGHT & GRADE,DARK-HWY LIGHTED/ON,,,11/23/2020 9:35:09 AM,False,7376,Accepted,
27489003,0568000,LOUISVILLE METRO POLICE DEPT,Accepted,JEFFERSON,US0060,,SHELBYVILLE,RD,,,,,,,,38.245047108,-85.559128773,8.829,11/21/2020 12:00:00 AM,1619,3,3,0,1,CLOUDY,WET,False,REAR END IN TRAFFIC LANES BOTH VEHICLES MOVING,REAR END,STRAIGHT & GRADE,DARK-HWY LIGHTED/OFF,,,11/23/2020 9:32:59 AM,False,2454,Accepted,
27489254,0568000,LOUISVILLE METRO POLICE DEPT,Accepted,JEFFERSON,I 0065,,I65 S,,,,,,,,,38.264897293,-85.743849704,136.911,11/21/2020 12:00:00 AM,2123,2,2,0,0,RAINING,WET,True,1 VEHICLE ENTERING/LEAVING ENTRANCE,ANGLE,STRAIGHT & LEVEL,DARK-HWY LIGHTED/ON,,,11/23/2020 10:14:38 AM,False,5122,Accepted,