IncidentID,AgencyORI,AgencyName,IncidentStatusDesc,County,RdwyNumber,Street,RoadwayName,StreetSfx,StreetDir,IntersectionRdwy,IntersectionRdwyName,BetweenStRdwy1,BetweenStRdwyName1,BetweenStRdwy2,BetweenStRdwyName2,Latitude,Longitude,Milepoint,CollisionDate,CollisionTime,UnitsInvolved,MotorVehiclesInvolved,NumberKilled,NumberInjured,Weather,RdwyConditionCode,HitandRun,DirAnalysisCode,MannerofCollision,RdwyCharacter,LightCondition,RampFromRdwyId,RampToRdwyId,AcceptedDate,IsSecondaryCollision,OwnerBadge,IncidentStatus,
27488959,0568000,LOUISVILLE METRO POLICE DEPT,Accepted,JEFFERSON,KY2051,,LEES,LN,,KY1934,CANE RUN,,,,,38.184186905,-85.855585033,2.008,11/21/2020 12:00:00 AM,1839,2,2,0,0,RAINING,WET,False,OTHER INTERSECTION COLLISIONS,REAR END,STRAIGHT & LEVEL,DARK-HWY NOT LIGHTED,,,11/23/2020 9:29:30 AM,False,5208,Accepted,
27488968,0568000,LOUISVILLE METRO POLICE DEPT,Accepted,JEFFERSON,,,RODMAN,ST,,US0060A,WINKLER,,,,,38.210850039,-85.769630734,0.318,11/21/2020 12:00:00 AM,1206,2,2,0,0,RAINING,WET,False,OTHER INTERSECTION COLLISIONS,REAR END,STRAIGHT & LEVEL,DAYLIGHT,,,11/23/2020 9:29:40 AM,False,5186,Accepted,
27488976,0568000,LOUISVILLE METRO POLICE DEPT,Accepted,JEFFERSON,,,BARRET,AVE,,,WINTER,,,,,38.235736530,-85.727645888,1.009,11/21/2020 12:00:00 AM,1355,2,2,0,1,RAINING,WET,False,ANGLE COLLISION - OTHER,ANGLE,STRAIGHT & GRADE,DAYLIGHT,,,11/23/2020 9:29:48 AM,False,2228,Accepted,
27489010,0568000,LOUISVILLE METRO POLICE DEPT,Accepted,JEFFERSON,KY1932,,BRECKENRIDGE,LN,,,HIKES,,,,,38.218169224,-85.628568505,2.693,11/21/2020 12:00:00 AM,1737,2,2,0,1,CLEAR,DRY,False,ANGLE COLLISION - OTHER,ANGLE,STRAIGHT & LEVEL,DUSK,,,11/23/2020 9:33:34 AM,False,5247,Accepted,
27489017,0568000,LOUISVILLE METRO POLICE DEPT,Accepted,JEFFERSON,I 0264,,I264 W,,,,,,,,,38.238210456,-85.816494310,2.891,11/21/2020 12:00:00 AM,1509,1,1,0,1,RAINING,WET,False,OTHER ROADWAY OR MID-BLOCK COLLISION,SINGLE VEHICLE,CURVE & LEVEL,DAYLIGHT,,,11/23/2020 9:34:02 AM,False,7329,Accepted,
27489002,0568000,LOUISVILLE METRO POLICE DEPT,Accepted,JEFFERSON,I 0065,,I65 S,,,,,I 0065,I65 S EXIT136 ON RAMP FROM  E JACOB ST,I 0065,I65 S EXIT135 OFF RAMP TO  E SAINT CATHERINE ST,38.241756604,-85.753001330,134.980,11/21/2020 12:00:00 AM,1830,4,4,0,0,RAINING,WET,True,REAR END IN TRAFFIC LANES BOTH VEHICLES MOVING,REAR END,CURVE & LEVEL,DARK-HWY LIGHTED/ON,,,11/23/2020 9:32:54 AM,False,7058,Accepted,
27489018,0568000,LOUISVILLE METRO POLICE DEPT,Accepted,JEFFERSON,,,WILSON,AVE,,KY2054,ALGONQUIN,,,,,38.224405672,-85.809319783,2.179,11/21/2020 12:00:00 AM,1600,2,2,0,0,CLEAR,WET,True,OTHER INTERSECTION COLLISIONS,REAR END,,DAYLIGHT,,,11/23/2020 9:34:14 AM,False,7329,Accepted,
27490365,0561500,UNIV. OF LOUISVILLE POLICE,Accepted,JEFFERSON,KY1020,2000,3RD,ST,S,,,,,,,38.217979027,-85.761657376,10.143,11/21/2020 12:00:00 AM,0001,1,1,0,2,CLEAR,DRY,False,COLLISION WITH FIXED OBJECT NON - INTERSECTION - FIRST EVENT COLLISION 09 - 32 EXCLUDING 16,SINGLE VEHICLE,CURVE & LEVEL,DARK-HWY LIGHTED/ON,,,11/23/2020 2:15:17 PM,False,5700,Accepted,
27488993,0568000,LOUISVILLE METRO POLICE DEPT,Accepted,JEFFERSON,,,40TH,ST,S,,,,GARLAND,,DOERHOEFER,38.246768907,-85.818163410,0.972,11/21/2020 12:00:00 AM,1830,2,2,0,0,RAINING,WET,False,HEAD-ON COLLISION,HEAD ON,STRAIGHT & LEVEL,DAWN,,,11/23/2020 9:31:29 AM,False,7328,Accepted,
27511189,0568000,LOUISVILLE METRO POLICE DEPT,Accepted,JEFFERSON,I 0064,,I64 E,,,,,I 0064,I64 E EXIT8 ON RAMP FROM  GRINSTEAD DR,I 0064,I64 TURN AROUND9,38.242771600,-85.695343761,8.484,11/21/2020 12:00:00 AM,1507,1,1,0,0,RAINING,WET,False,COLLISION WITH FIXED OBJECT NON - INTERSECTION - FIRST EVENT COLLISION 09 - 32 EXCLUDING 16,SINGLE VEHICLE,STRAIGHT & LEVEL,DAYLIGHT,,,11/30/2020 8:35:07 AM,False,2673,Accepted,
27511187,0568000,LOUISVILLE METRO POLICE DEPT,Accepted,JEFFERSON,KY1065,,OUTER,LOOP,,,VAUGHN MILL,,,,,38.137310077,-85.628401370,9.253,11/21/2020 12:00:00 AM,1758,2,2,0,1,CLOUDY,WET,False,OPPOSING LEFT TURN,OPPOSING LEFT TURN,STRAIGHT & LEVEL,DARK-HWY LIGHTED/ON,,,11/30/2020 8:35:00 AM,False,7642,Accepted,
27515694,0568000,LOUISVILLE METRO POLICE DEPT,Accepted,JEFFERSON,KY1865,5200 BLK,NEW CUT,RD,,,,,,,,38.161357918,-85.779111456,3.757,11/21/2020 12:00:00 AM,1805,3,2,1,0,CLEAR,DRY,False,COLLISION WITH PEDESTRIAN NON - INTERSECTION,ANGLE,STRAIGHT & LEVEL,DARK-HWY LIGHTED/ON,,,12/1/2020 8:21:52 AM,False,2142,Accepted,
27511273,0568000,LOUISVILLE METRO POLICE DEPT,Accepted,JEFFERSON,KY2049,,CRUMS,LN,,,POPPY,,,,,38.197772911,-85.834097830,0.202,11/21/2020 12:00:00 AM,1241,1,1,0,1,CLEAR,DRY,False,OTHER INTERSECTION COLLISIONS,SINGLE VEHICLE,STRAIGHT & LEVEL,DAYLIGHT,,,11/30/2020 8:40:11 AM,False,5253,Accepted,
27554369,0568000,LOUISVILLE METRO POLICE DEPT,Accepted,JEFFERSON,KY1865,,TAYLOR,BLVD,,,ARLING,,,,,38.174241162,-85.782377532,4.579,11/21/2020 12:00:00 AM,1348,3,3,0,0,CLOUDY,WET,True,VEHICLE BACKING IN INTERSECTION,BACKING,STRAIGHT & LEVEL,DAYLIGHT,,,12/11/2020 8:09:42 AM,False,7468,Accepted,
27562868,0568000,LOUISVILLE METRO POLICE DEPT,Accepted,JEFFERSON,,,13TH,ST,S,,,,,,,38.247315603,-85.773337500,0.668,11/21/2020 12:00:00 AM,0100,1,1,0,1,CLEAR,DRY,False,OCCUPANT FELL FROM MOVING VEHICLE,SINGLE VEHICLE,STRAIGHT & GRADE,DARK-HWY LIGHTED/ON,,,12/14/2020 8:50:54 AM,False,5148,Accepted,
27985629,0568000,LOUISVILLE METRO POLICE DEPT,Accepted,JEFFERSON,KY1865,,NEW CUT,RD,,,WILDERNESS,,,,,38.153804603,-85.777066956,3.230,11/21/2020 12:00:00 AM,1407,2,2,0,1,RAINING,WET,False,OTHER INTERSECTION COLLISIONS,REAR END,STRAIGHT & LEVEL,DAYLIGHT,,,4/8/2021 8:41:17 AM,False,5316,Accepted,
27648599,0568000,LOUISVILLE METRO POLICE DEPT,Accepted,JEFFERSON,,1765,MELLWOOD,AVE,,,,,,,,38.260127458,-85.716869373,,11/21/2020 12:00:00 AM,1907,2,2,0,0,RAINING,WET,False,1 VEHICLE ENTERING/LEAVING ENTRANCE,ANGLE,STRAIGHT & LEVEL,DARK-HWY LIGHTED/ON,,,1/8/2021 10:53:46 AM,False,7304,Accepted,
27497942,0568000,LOUISVILLE METRO POLICE DEPT,Accepted,JEFFERSON,,730,IOWA,AVE,,,,,,,,38.208360231,-85.771084347,0.123,11/20/2020 12:00:00 AM,2124,2,2,0,0,CLEAR,DRY,True,1 VEHICLE PARKED POSITION (NOT PARKING LOT/DRIVEWAY),BACKING,STRAIGHT & LEVEL,DARK-HWY LIGHTED/ON,,,11/25/2020 10:13:20 AM,False,5163,Accepted,
27511206,0568000,LOUISVILLE METRO POLICE DEPT,Accepted,JEFFERSON,I 0065,,,,,I 0264,I264 W,,,,,38.191172475,-85.718765284,0.016,11/20/2020 12:00:00 AM,1835,1,1,0,0,CLEAR,DRY,False,COLLISION WITH FIXED OBJECT IN INTERSECTION - FIRST EVENT COLLISION 09 - 32,SINGLE VEHICLE,STRAIGHT & LEVEL,DARK-HWY LIGHTED/ON,,,11/30/2020 8:36:45 AM,False,7462,Accepted,
27513173,0560400,SHIVELY POLICE DEPARTMENT,Accepted,JEFFERSON,I 0264,,I264 W,,,I 0264,I264 W EXIT5 RAMP KY1934,,,,,38.195842241,-85.828813595,6.117,11/20/2020 12:00:00 AM,1428,2,2,0,0,CLEAR,DRY,False,SIDESWIPE-SAME DIRECTION,SIDESWIPE-SAME DIRECTION,STRAIGHT & LEVEL,DAYLIGHT,,,11/30/2020 3:15:38 PM,False,7103,Accepted,
27489245,0568000,LOUISVILLE METRO POLICE DEPT,Accepted,JEFFERSON,KY0155,,TAYLORSVILLE,RD,,I 0265,I265 W EXIT23 ON RAMP FROM KY155,,,,,38.188446926,-85.510502005,6.150,11/20/2020 12:00:00 AM,1730,2,2,0,0,CLEAR,DRY,False,OPPOSING LEFT TURN,OPPOSING LEFT TURN,STRAIGHT & LEVEL,DUSK,,,11/23/2020 10:13:42 AM,False,6878,Accepted,
27492998,0568000,LOUISVILLE METRO POLICE DEPT,Accepted,JEFFERSON,,,GRADE,LN,,,GRADE LN CONN,,,,,38.169220900,-85.721222744,0.829,11/20/2020 12:00:00 AM,0458,2,2,0,5,CLEAR,DRY,False,ANGLE COLLISION - OTHER,ANGLE,STRAIGHT & LEVEL,DARK-HWY LIGHTED/ON,,,11/24/2020 8:14:24 AM,False,5053,Accepted,
27488869,0568000,LOUISVILLE METRO POLICE DEPT,Accepted,JEFFERSON,US0031E,,BARDSTOWN,RD,,,GARDINER,,,,,38.212602066,-85.672363219,12.134,11/20/2020 12:00:00 AM,0809,2,2,0,2,CLEAR,DRY,False,HEAD-ON COLLISION,HEAD ON,STRAIGHT & LEVEL,DAYLIGHT,,,11/23/2020 9:25:06 AM,False,5240,Accepted,
27488870,0568000,LOUISVILLE METRO POLICE DEPT,Accepted,JEFFERSON,KY2052,,SHEPHERDSVILLE,RD,,,,KY1747,FERN VALLEY,,CLEARWATER FARM,38.155905382,-85.659767256,1.200,11/20/2020 12:00:00 AM,1549,2,2,0,0,CLOUDY,DRY,False,SIDESWIPE COLLISION - SAME DIRECTION,SIDESWIPE-SAME DIRECTION,STRAIGHT & LEVEL,DAYLIGHT,,,11/23/2020 9:25:17 AM,False,6937,Accepted,
27488877,0568000,LOUISVILLE METRO POLICE DEPT,Accepted,JEFFERSON,,,INDIAN,TRL,E,,ILEX,,,,,38.174920427,-85.681098933,1.523,11/20/2020 12:00:00 AM,1550,2,2,0,1,CLOUDY,DRY,False,REAR END - ONE VEHICLE TURNING RIGHT,REAR END,STRAIGHT & LEVEL,DAYLIGHT,,,11/23/2020 9:25:38 AM,False,5052,Accepted,
27488886,0568000,LOUISVILLE METRO POLICE DEPT,Accepted,JEFFERSON,KY0864,,POPLAR LEVEL,RD,,,AUDUBON PLAZA,,,,,38.214026745,-85.723033595,12.902,11/20/2020 12:00:00 AM,1439,5,5,0,1,CLOUDY,DRY,False,ANGLE COLLISION - OTHER,ANGLE,STRAIGHT & HILLCREST,DAYLIGHT,,,11/23/2020 9:25:54 AM,False,4693,Accepted,
27488868,0568000,LOUISVILLE METRO POLICE DEPT,Accepted,JEFFERSON,,,FEGENBUSH,LN,,,,,,,,38.186705092,-85.638079637,0.039,11/20/2020 12:00:00 AM,1207,2,2,0,0,CLOUDY,DRY,False,1 VEHICLE ENTERING/LEAVING ENTRANCE,ANGLE,STRAIGHT & LEVEL,DAYLIGHT,,,11/23/2020 9:24:58 AM,False,7403,Accepted,
27479434,0568000,LOUISVILLE METRO POLICE DEPT,Accepted,JEFFERSON,KY1020,,NATIONAL,TPKE,,KY1065,OUTER,,,,,38.126867491,-85.748938115,3.667,11/20/2020 12:00:00 AM,0024,2,2,0,0,CLEAR,DRY,False,ANGLE COLLISION - OTHER,ANGLE,STRAIGHT & LEVEL,DARK-HWY LIGHTED/ON,,,11/20/2020 8:10:56 AM,False,5293,Accepted,
27479443,0568000,LOUISVILLE METRO POLICE DEPT,Accepted,JEFFERSON,,,2ND,ST,S,,,,WOODLAWN,,WELLINGTON,38.182561796,-85.764329629,0.971,11/20/2020 12:00:00 AM,0053,2,2,0,0,CLEAR,DRY,False,1 VEHICLE PARKED POSITION (NOT PARKING LOT/DRIVEWAY),SIDESWIPE-SAME DIRECTION,STRAIGHT & LEVEL,DARK-HWY LIGHTED/ON,,,11/20/2020 8:11:41 AM,False,5287,Accepted,
27489016,0568000,LOUISVILLE METRO POLICE DEPT,Accepted,JEFFERSON,,,SOUTHERN,PKWY,,,BLUEGRASS,,,,,38.178934250,-85.771302646,0.292,11/20/2020 12:00:00 AM,1530,2,2,0,0,CLOUDY,WET,False,OTHER INTERSECTION COLLISIONS,REAR END,STRAIGHT & LEVEL,DAYLIGHT,,,11/23/2020 9:33:57 AM,False,7116,Accepted,
27488898,0568000,LOUISVILLE METRO POLICE DEPT,Accepted,JEFFERSON,KY2052,,SHEPHERDSVILLE,RD,,,MONACO,,,,,38.140503717,-85.657992488,0.088,11/20/2020 12:00:00 AM,1815,2,2,0,0,CLEAR,DRY,False,ANGLE COLLISION - OTHER,ANGLE,STRAIGHT & HILLCREST,DARK-HWY NOT LIGHTED,,,11/23/2020 9:26:34 AM,False,7914,Accepted,
27488899,0568000,LOUISVILLE METRO POLICE DEPT,Accepted,JEFFERSON,,10490,FREYS HILL,RD,,,,,,,,38.293838012,-85.559197111,0.006,11/20/2020 12:00:00 AM,1800,2,2,0,0,CLEAR,DRY,False,COLLISION IN PARKING LOT,ANGLE,STRAIGHT & LEVEL,DARK-HWY LIGHTED/ON,,,11/23/2020 9:26:38 AM,False,7313,Accepted,
27479439,0568000,LOUISVILLE METRO POLICE DEPT,Accepted,JEFFERSON,,,7TH,ST,S,,HILL,,,,,38.226761736,-85.768969298,0.656,11/20/2020 12:00:00 AM,0037,2,2,0,0,CLEAR,DRY,False,OTHER INTERSECTION COLLISIONS,REAR END,STRAIGHT & GRADE,DARK-HWY LIGHTED/ON,,,11/20/2020 8:11:20 AM,False,5183,Accepted,
27488865,0568000,LOUISVILLE METRO POLICE DEPT,Accepted,JEFFERSON,I 0065,,I65 S,,,,,,,,,38.196616586,-85.733743411,131.231,11/20/2020 12:00:00 AM,1439,2,2,0,0,CLOUDY,DRY,False,SIDESWIPE COLLISION - SAME DIRECTION,SIDESWIPE-SAME DIRECTION,CURVE & GRADE,DAYLIGHT,,,11/23/2020 9:24:47 AM,False,8278,Accepted,
27488866,0568000,LOUISVILLE METRO POLICE DEPT,Accepted,JEFFERSON,KY1020,,2ND,ST,S,,CHESTNUT,,,,,38.248625834,-85.754546683,12.285,11/20/2020 12:00:00 AM,1353,2,2,0,2,CLEAR,FLOODED,False,ANGLE COLLISION - ONE VEHICLE TURNING LEFT,ANGLE,STRAIGHT & LEVEL,DAYLIGHT,,,11/23/2020 9:24:51 AM,False,5105,Accepted,
27488873,0568000,LOUISVILLE METRO POLICE DEPT,Accepted,JEFFERSON,,,INTERMODAL,DR,,,,,,,,38.157285032,-85.885289612,0.034,11/20/2020 12:00:00 AM,1311,2,2,0,1,CLOUDY,DRY,False,SIDESWIPE COLLISION - SAME DIRECTION,SIDESWIPE-SAME DIRECTION,STRAIGHT & LEVEL,DAYLIGHT,,,11/23/2020 9:25:31 AM,False,7234,Accepted,
27488874,0568000,LOUISVILLE METRO POLICE DEPT,Accepted,JEFFERSON,KY1934,,CANE RUN,RD,,,,,,,,38.178161430,-85.861836726,7.188,11/20/2020 12:00:00 AM,1647,2,2,0,0,CLOUDY,DRY,False,SIDESWIPE COLLISION - SAME DIRECTION,SIDESWIPE-SAME DIRECTION,STRAIGHT & LEVEL,DAYLIGHT,,,11/23/2020 9:25:35 AM,False,7234,Accepted,
27488880,0568000,LOUISVILLE METRO POLICE DEPT,Accepted,JEFFERSON,US0060A,,BERRY,BLVD,,,GEORGETOWN,,,,,38.196629393,-85.793335698,0.896,11/20/2020 12:00:00 AM,1407,2,2,0,0,CLEAR,DRY,False,OPPOSING LEFT TURN,OPPOSING LEFT TURN,STRAIGHT & LEVEL,DAYLIGHT,,,11/23/2020 9:25:41 AM,False,5330,Accepted,
27488882,0568000,LOUISVILLE METRO POLICE DEPT,Accepted,JEFFERSON,,,SMYRNA,PKWY,,KY2845,MANSLICK,,,,,38.122846845,-85.643158712,1.045,11/20/2020 12:00:00 AM,1235,2,2,0,1,CLOUDY,DRY,False,ANGLE COLLISION - ONE VEHICLE TURNING LEFT,ANGLE,STRAIGHT & LEVEL,DAYLIGHT,,,11/23/2020 9:25:49 AM,False,4693,Accepted,
27488889,0568000,LOUISVILLE METRO POLICE DEPT,Accepted,JEFFERSON,US0031W,,DIXIE,HWY,,,ROCKFORD,,,,,38.173964197,-85.823705855,13.800,11/20/2020 12:00:00 AM,1934,2,2,0,0,CLEAR,DRY,False,ANGLE COLLISION - OTHER,ANGLE,STRAIGHT & LEVEL,DARK-HWY LIGHTED/ON,,,11/23/2020 9:26:09 AM,False,5170,Accepted,
27488896,0568000,LOUISVILLE METRO POLICE DEPT,Accepted,JEFFERSON,I 0065,,I65 N,,,,,,,,,38.179796478,-85.720566008,129.864,11/20/2020 12:00:00 AM,2300,2,2,0,0,CLEAR,DRY,False,1 VEHICLE ENTERING/LEAVING ENTRANCE,ANGLE,STRAIGHT & LEVEL,DARK-HWY LIGHTED/ON,,,11/23/2020 9:26:27 AM,False,5286,Accepted,
27488897,0568000,LOUISVILLE METRO POLICE DEPT,Accepted,JEFFERSON,,,FINCASTLE,RD,,,,KY0864,POPLAR LEVEL,,BELMAR,38.204580040,-85.715935491,0.292,11/20/2020 12:00:00 AM,2244,2,2,0,0,CLOUDY,DRY,False,1 VEHICLE PARKED POSITION (NOT PARKING LOT/DRIVEWAY),SIDESWIPE-SAME DIRECTION,CURVE & LEVEL,DARK-HWY LIGHTED/ON,,,11/23/2020 9:26:30 AM,False,5171,Accepted,
27488863,0568000,LOUISVILLE METRO POLICE DEPT,Accepted,JEFFERSON,,,WOLFE,AVE,,,,,,,,38.196563101,-85.730417693,0.022,11/20/2020 12:00:00 AM,0640,2,2,0,0,CLEAR,DRY,False,1 VEHICLE PARKED POSITION (NOT PARKING LOT/DRIVEWAY),ANGLE,STRAIGHT & LEVEL,DARK (UNKNOWN ROADWAY LIGHTING),,,11/23/2020 9:24:32 AM,False,4693,Accepted,
27488864,0568000,LOUISVILLE METRO POLICE DEPT,Accepted,JEFFERSON,,10609,SYCAMORE,GRN,,,,,,,,38.248405418,-85.561303624,0.016,11/20/2020 12:00:00 AM,0947,2,2,0,0,CLEAR,DRY,False,1 VEHICLE PARKED POSITION (NOT PARKING LOT/DRIVEWAY),BACKING,STRAIGHT & LEVEL,DAYLIGHT,,,11/23/2020 9:24:41 AM,False,5102,Accepted,
27488871,0568000,LOUISVILLE METRO POLICE DEPT,Accepted,JEFFERSON,,,28TH,ST,S,,JEFFERSON,,,,,38.258271007,-85.796749643,0.192,11/20/2020 12:00:00 AM,1625,2,2,0,2,CLEAR,DRY,False,ANGLE COLLISION - OTHER,ANGLE,STRAIGHT & LEVEL,DAYLIGHT,,,11/23/2020 9:25:21 AM,False,7220,Accepted,
27479428,0568000,LOUISVILLE METRO POLICE DEPT,Accepted,JEFFERSON,KY1065,,OUTER,LOOP,,,ZENITH,,,,,38.138305374,-85.646331567,8.272,11/19/2020 12:00:00 AM,1809,3,3,0,1,CLEAR,DRY,False,OTHER INTERSECTION COLLISIONS,REAR END,STRAIGHT & HILLCREST,DARK-HWY NOT LIGHTED,,,11/20/2020 8:10:06 AM,False,7484,Accepted,
27479437,0568000,LOUISVILLE METRO POLICE DEPT,Accepted,JEFFERSON,,1326,ARCADE,AVE,,,,,,,,38.204631377,-85.783363798,0.200,11/19/2020 12:00:00 AM,2008,1,1,0,0,CLEAR,DRY,False,COLLISION WITH FIXED OBJECT NON - INTERSECTION - FIRST EVENT COLLISION 09 - 32 EXCLUDING 16,SINGLE VEHICLE,STRAIGHT & LEVEL,DARK-HWY LIGHTED/ON,,,11/20/2020 8:11:14 AM,False,5175,Accepted,
27479440,0568000,LOUISVILLE METRO POLICE DEPT,Accepted,JEFFERSON,US0031W,,22ND,ST,S,,CHESTNUT,,,,,38.252248859,-85.787675010,19.769,11/19/2020 12:00:00 AM,0210,1,1,0,0,CLEAR,DRY,True,COLLISION WITH FIXED OBJECT IN INTERSECTION - FIRST EVENT COLLISION 09 - 32,SINGLE VEHICLE,STRAIGHT & LEVEL,DARK-HWY LIGHTED/ON,,,11/20/2020 8:11:26 AM,False,5172,Accepted,
27479430,0568000,LOUISVILLE METRO POLICE DEPT,Accepted,JEFFERSON,KY1447,,WESTPORT,RD,,,SHELBURN PARK,,,,,38.295077158,-85.556495948,6.204,11/19/2020 12:00:00 AM,1826,2,2,0,0,CLEAR,DRY,False,ANGLE COLLISION - ONE VEHICLE TURNING LEFT,ANGLE,STRAIGHT & LEVEL,DAYLIGHT,,,11/20/2020 8:10:40 AM,False,5030,Accepted,
27479431,0568000,LOUISVILLE METRO POLICE DEPT,Accepted,JEFFERSON,,,FEGENBUSH,LN,,KY1747,FERN VALLEY,,,,,38.161295645,-85.640900123,1.805,11/19/2020 12:00:00 AM,1921,2,2,0,0,CLEAR,DRY,False,ANGLE COLLISION - OTHER,ANGLE,STRAIGHT & LEVEL,DUSK,,,11/20/2020 8:10:44 AM,False,7492,Accepted,
27479413,0568000,LOUISVILLE METRO POLICE DEPT,Accepted,JEFFERSON,KY1934,,GREENBELT,HWY,,,INTERMODAL,,,,,38.157203477,-85.884833827,5.173,11/19/2020 12:00:00 AM,1055,2,2,0,1,CLEAR,DRY,False,ANGLE COLLISION - OTHER,ANGLE,STRAIGHT & LEVEL,DAYLIGHT,,,11/20/2020 8:08:49 AM,False,5326,Accepted,
27479414,0568000,LOUISVILLE METRO POLICE DEPT,Accepted,JEFFERSON,,,JEFFERSON,ST,E,KY0061,JACKSON,,,,,38.252727064,-85.746486826,0.728,11/19/2020 12:00:00 AM,1100,2,2,0,0,CLEAR,DRY,False,ANGLE COLLISION - OTHER,ANGLE,STRAIGHT & LEVEL,DAYLIGHT,,,11/20/2020 8:08:56 AM,False,2403,Accepted,
27479422,0568000,LOUISVILLE METRO POLICE DEPT,Accepted,JEFFERSON,,,MAGAZINE,ST,,,11TH,,,,,38.248989176,-85.769752140,0.280,11/19/2020 12:00:00 AM,1210,1,1,0,0,CLEAR,DRY,False,COLLISION WITH FIXED OBJECT IN INTERSECTION - FIRST EVENT COLLISION 09 - 32,SINGLE VEHICLE,STRAIGHT & GRADE,DAYLIGHT,,,11/20/2020 8:09:41 AM,False,2661,Accepted,
27479423,0568000,LOUISVILLE METRO POLICE DEPT,Accepted,JEFFERSON,,,FLOYD,ST,S,,WARNOCK,,,,,38.214677944,-85.755105796,2.837,11/19/2020 12:00:00 AM,1433,2,2,0,0,CLEAR,DRY,False,OPPOSING LEFT TURN,OPPOSING LEFT TURN,STRAIGHT & LEVEL,DAYLIGHT,,,11/20/2020 8:09:44 AM,False,5201,Accepted,
27479429,0568000,LOUISVILLE METRO POLICE DEPT,Accepted,JEFFERSON,,,RIVER PARK,DR,,,35TH,,,,,38.254696583,-85.809236334,0.969,11/19/2020 12:00:00 AM,0258,2,2,0,2,CLEAR,DRY,False,COLLISION WITH PARKED VEHICLE,SIDESWIPE-SAME DIRECTION,STRAIGHT & LEVEL,DARK-HWY LIGHTED/ON,,,11/20/2020 8:10:32 AM,False,5057,Accepted,
27488983,0568000,LOUISVILLE METRO POLICE DEPT,Accepted,JEFFERSON,I 0071,,,,,,,,,,,38.313659344,-85.585452692,0.287,11/19/2020 12:00:00 AM,1510,1,1,0,0,CLEAR,DRY,False,COLLISION WITH FIXED OBJECT NOT IN GORE ,SINGLE VEHICLE,CURVE & GRADE,DAYLIGHT,KY0841,I 0071,11/23/2020 9:30:15 AM,False,8278,Accepted,
27488990,0568000,LOUISVILLE METRO POLICE DEPT,Accepted,JEFFERSON,I 0071,,I71 S,,,,,,,,,38.290480970,-85.643492766,5.236,11/19/2020 12:00:00 AM,1722,2,2,0,0,CLEAR,DRY,False,REAR END IN TRAFFIC LANES BOTH VEHICLES MOVING,REAR END,CURVE & GRADE,DUSK,,,11/23/2020 9:31:20 AM,False,8278,Accepted,
27475140,0568000,LOUISVILLE METRO POLICE DEPT,Accepted,JEFFERSON,US0031W,,MAIN,ST,W,US0150,21ST,,,,,38.259723205,-85.784750302,20.385,11/19/2020 12:00:00 AM,0048,1,1,0,0,CLEAR,DRY,False,COLLISION WITH FIXED OBJECT IN INTERSECTION - FIRST EVENT COLLISION 09 - 32,SINGLE VEHICLE,STRAIGHT & LEVEL,DARK-HWY LIGHTED/ON,,,11/19/2020 8:10:48 AM,False,5118,Accepted,
27479408,0568000,LOUISVILLE METRO POLICE DEPT,Accepted,JEFFERSON,,,7TH,ST,S,,DAVIES,,,,,38.224249143,-85.771052381,0.453,11/19/2020 12:00:00 AM,0752,2,2,0,1,CLEAR,DRY,True,SIDESWIPE-SAME DIRECTION,SIDESWIPE-SAME DIRECTION,STRAIGHT & LEVEL,DAYLIGHT,,,11/20/2020 8:08:35 AM,False,7472,Accepted,
27479424,0568000,LOUISVILLE METRO POLICE DEPT,Accepted,JEFFERSON,,1063,KENTUCKY,ST,E,,,,,,,38.235758455,-85.734445137,1.130,11/19/2020 12:00:00 AM,1253,2,2,0,0,CLEAR,DRY,False,1 VEHICLE PARKED POSITION (NOT PARKING LOT/DRIVEWAY),SIDESWIPE-SAME DIRECTION,STRAIGHT & LEVEL,DAYLIGHT,,,11/20/2020 8:09:48 AM,False,7322,Accepted,
27479441,0568000,LOUISVILLE METRO POLICE DEPT,Accepted,JEFFERSON,,,SMYRNA,PKWY,,I 0265,I265 W EXIT14 ON RAMP FROM  COOPER CHAPEL RD,,,,,38.119420282,-85.643437121,1.279,11/19/2020 12:00:00 AM,2029,2,2,0,0,CLEAR,DRY,False,ANGLE COLLISION - ONE VEHICLE TURNING LEFT,ANGLE,STRAIGHT & LEVEL,DARK-HWY LIGHTED/ON,,,11/20/2020 8:11:31 AM,False,5040,Accepted,