IncidentID,AgencyORI,AgencyName,IncidentStatusDesc,County,RdwyNumber,Street,RoadwayName,StreetSfx,StreetDir,IntersectionRdwy,IntersectionRdwyName,BetweenStRdwy1,BetweenStRdwyName1,BetweenStRdwy2,BetweenStRdwyName2,Latitude,Longitude,Milepoint,CollisionDate,CollisionTime,UnitsInvolved,MotorVehiclesInvolved,NumberKilled,NumberInjured,Weather,RdwyConditionCode,HitandRun,DirAnalysisCode,MannerofCollision,RdwyCharacter,LightCondition,RampFromRdwyId,RampToRdwyId,AcceptedDate,IsSecondaryCollision,OwnerBadge,IncidentStatus,
27479442,0568000,LOUISVILLE METRO POLICE DEPT,Accepted,JEFFERSON,KY1065,,OUTER,LOOP,,,GRADE,,,,,38.130003939,-85.737133998,3.185,11/19/2020 12:00:00 AM,2139,3,3,0,0,CLEAR,DRY,True,ANGLE COLLISION - OTHER,ANGLE,STRAIGHT & LEVEL,DARK-HWY LIGHTED/ON,,,11/20/2020 8:11:34 AM,False,5040,Accepted,
27479435,0568000,LOUISVILLE METRO POLICE DEPT,Accepted,JEFFERSON,I 0064,,I64 E,,,,,,,,,38.238367217,-85.668921992,9.950,11/19/2020 12:00:00 AM,2330,2,2,0,0,CLEAR,DRY,True,SIDESWIPE COLLISION - SAME DIRECTION,SIDESWIPE-SAME DIRECTION,STRAIGHT & LEVEL,DARK-HWY LIGHTED/ON,,,11/20/2020 8:11:04 AM,False,7916,Accepted,
27479418,0568000,LOUISVILLE METRO POLICE DEPT,Accepted,JEFFERSON,US0150,,BROADWAY,,E,,,,HANCOCK,KY0061,JACKSON,38.245090678,-85.744721104,3.124,11/19/2020 12:00:00 AM,1200,2,2,0,1,CLOUDY,DRY,True,REAR END IN TRAFFIC LANES BOTH VEHICLES MOVING,REAR END,STRAIGHT & LEVEL,DAYLIGHT,,,11/20/2020 8:09:11 AM,False,2403,Accepted,
27479419,0568000,LOUISVILLE METRO POLICE DEPT,Accepted,JEFFERSON,US0031W,,DIXIE,HWY,,,STONESTREET,,,,,38.121200288,-85.855702158,9.748,11/19/2020 12:00:00 AM,1200,2,2,0,0,CLEAR,DRY,False,OPPOSING LEFT TURN,OPPOSING LEFT TURN,STRAIGHT & LEVEL,DAYLIGHT,,,11/20/2020 8:09:17 AM,False,5323,Accepted,
27479425,0568000,LOUISVILLE METRO POLICE DEPT,Accepted,JEFFERSON,KY2052,,SHEPHERDSVILLE,RD,,,RURAL,,,,,38.171060005,-85.659366674,2.241,11/19/2020 12:00:00 AM,1349,2,2,0,0,CLEAR,DRY,False,OTHER INTERSECTION COLLISIONS,REAR END,STRAIGHT & LEVEL,DAYLIGHT,,,11/20/2020 8:09:53 AM,False,7739,Accepted,
27479426,0568000,LOUISVILLE METRO POLICE DEPT,Accepted,JEFFERSON,,4515,HAZELWOOD,AVE,,,,,,,,38.175445592,-85.792507435,0.457,11/19/2020 12:00:00 AM,1829,1,1,0,0,CLEAR,DRY,False,COLLISION WITH FIXED OBJECT NON - INTERSECTION - FIRST EVENT COLLISION 09 - 32 EXCLUDING 16,SINGLE VEHICLE,STRAIGHT & LEVEL,DARK-HWY LIGHTED/ON,,,11/20/2020 8:09:57 AM,False,7301,Accepted,
27479427,0568000,LOUISVILLE METRO POLICE DEPT,Accepted,JEFFERSON,KY1865,,NEW CUT,RD,,,,,,,,38.116500641,-85.774153768,0.511,11/19/2020 12:00:00 AM,1850,2,2,0,0,CLEAR,DRY,False,OTHER ROADWAY OR MID-BLOCK COLLISION,REAR END,STRAIGHT & LEVEL,DARK-HWY LIGHTED/ON,,,11/20/2020 8:10:02 AM,False,7234,Accepted,
27479433,0568000,LOUISVILLE METRO POLICE DEPT,Accepted,JEFFERSON,KY1747,,FERN VALLEY,RD,,,,,,,,38.157307503,-85.714470789,0.976,11/19/2020 12:00:00 AM,1942,2,2,0,0,CLEAR,DRY,True,REAR END IN TRAFFIC LANES BOTH VEHICLES MOVING,REAR END,STRAIGHT & LEVEL,DARK (UNKNOWN ROADWAY LIGHTING),,,11/20/2020 8:10:53 AM,False,5248,Accepted,
27497940,0568000,LOUISVILLE METRO POLICE DEPT,Accepted,JEFFERSON,,,34TH,ST,S,,MARKET,,,,,38.260910947,-85.806820193,0.087,11/19/2020 12:00:00 AM,1850,2,2,0,0,CLEAR,DRY,False,ANGLE COLLISION - OTHER,ANGLE,STRAIGHT & LEVEL,DARK-HWY LIGHTED/ON,,,11/25/2020 10:13:10 AM,False,5164,Accepted,
27488893,0568000,LOUISVILLE METRO POLICE DEPT,Accepted,JEFFERSON,,523,WARNOCK,ST,,,,,BRADLEY,,CRITTENDEN,38.214439453,-85.749694048,0.067,11/19/2020 12:00:00 AM,0500,1,1,0,0,CLEAR,DRY,True,1 VEHICLE PARKED POSITION (NOT PARKING LOT/DRIVEWAY),SINGLE VEHICLE,STRAIGHT & LEVEL,DARK-HWY LIGHTED/ON,,,11/23/2020 9:26:16 AM,False,5275,Accepted,
27497962,KSP0400,KY STATE POLICE POST 04,Accepted,JEFFERSON,US0031E,,BARDSTOWN,RD,,,,,,,,38.086669139,-85.555732136,0.781,11/19/2020 12:00:00 AM,1336,3,3,0,2,CLEAR,DRY,False,REAR END IN TRAFFIC LANES BOTH VEHICLES MOVING,REAR END,STRAIGHT & LEVEL,DAYLIGHT,,,11/25/2020 10:15:47 AM,False,0627,Accepted,
27511198,0568000,LOUISVILLE METRO POLICE DEPT,Accepted,JEFFERSON,KY1934,,CANE RUN,RD,,,POPLAR VIEW,,,,,38.185427636,-85.853544294,7.870,11/19/2020 12:00:00 AM,1900,2,2,0,2,CLEAR,DRY,False,OPPOSING LEFT TURN,OPPOSING LEFT TURN,STRAIGHT & LEVEL,DARK-HWY LIGHTED/ON,,,11/30/2020 8:35:44 AM,False,7973,Accepted,
27562938,0568000,LOUISVILLE METRO POLICE DEPT,Accepted,JEFFERSON,KY0841,,GENE SNYDER,FWY,,,,,,,,38.091202276,-85.838767560,2.067,11/19/2020 12:00:00 AM,1941,2,2,0,1,CLEAR,DRY,False,REAR END IN TRAFFIC LANES BOTH VEHICLES MOVING,REAR END,STRAIGHT & LEVEL,DARK-HWY LIGHTED/ON,,,12/14/2020 8:55:19 AM,False,2905,Accepted,
27497936,0568000,LOUISVILLE METRO POLICE DEPT,Accepted,JEFFERSON,,,15TH,ST,S,,,,,,,38.236694912,-85.778384625,0.784,11/18/2020 12:00:00 AM,1430,1,1,0,0,CLEAR,DRY,False,OTHER ROADWAY OR MID-BLOCK COLLISION,SINGLE VEHICLE,STRAIGHT & HILLCREST,DAYLIGHT,,,11/25/2020 10:12:55 AM,False,5114,Accepted,
27475121,0568000,LOUISVILLE METRO POLICE DEPT,Accepted,JEFFERSON,I 0264,,I264 W,,,,,,,,,38.249608667,-85.807043060,1.941,11/18/2020 12:00:00 AM,0653,2,2,0,0,CLEAR,DRY,False,1 VEHICLE PARKED POSITION (NOT PARKING LOT/DRIVEWAY),REAR END,STRAIGHT & LEVEL,DAWN,,,11/19/2020 8:09:01 AM,False,4903,Accepted,
27475130,0568000,LOUISVILLE METRO POLICE DEPT,Accepted,JEFFERSON,US0031E,,BARDSTOWN,RD,,,,,,,,38.145562683,-85.585143532,5.219,11/18/2020 12:00:00 AM,1210,2,2,0,0,CLEAR,DRY,False,REAR END IN TRAFFIC LANES BOTH VEHICLES MOVING,REAR END,STRAIGHT & LEVEL,DAYLIGHT,,,11/19/2020 8:09:51 AM,False,4693,Accepted,
27479416,0568000,LOUISVILLE METRO POLICE DEPT,Accepted,JEFFERSON,I 0264,,I264 W,,,,,,,,,38.190458895,-85.758726432,10.583,11/18/2020 12:00:00 AM,1000,1,1,0,0,CLEAR,DRY,False,OTHER ROADWAY OR MID-BLOCK COLLISION,SINGLE VEHICLE,STRAIGHT & LEVEL,DAYLIGHT,,,11/20/2020 8:09:06 AM,False,2738,Accepted,
27475131,0568000,LOUISVILLE METRO POLICE DEPT,Accepted,JEFFERSON,KY0864,,POPLAR LEVEL,RD,,,,,,,,38.214032810,-85.723005278,12.902,11/18/2020 12:00:00 AM,1252,2,2,0,0,CLEAR,DRY,False,SIDESWIPE COLLISION - SAME DIRECTION,SIDESWIPE-SAME DIRECTION,STRAIGHT & LEVEL,DAYLIGHT,,,11/19/2020 8:09:55 AM,False,4693,Accepted,
27475132,0568000,LOUISVILLE METRO POLICE DEPT,Accepted,JEFFERSON,US0031W,,DIXIE,HWY,,,RATCLIFFE,,,,,38.219301683,-85.794275952,17.315,11/18/2020 12:00:00 AM,1525,2,2,0,1,CLEAR,DRY,False,ANGLE COLLISION - OTHER,ANGLE,STRAIGHT & LEVEL,DAYLIGHT,,,11/19/2020 8:09:59 AM,False,2569,Accepted,
27475139,0568000,LOUISVILLE METRO POLICE DEPT,Accepted,JEFFERSON,US0031W,,DIXIE,HWY,,,PENDLETON,,,,,38.062251314,-85.886415744,5.302,11/18/2020 12:00:00 AM,1945,3,3,0,0,CLEAR,DRY,False,ANGLE COLLISION - OTHER,ANGLE,STRAIGHT & LEVEL,DARK-HWY NOT LIGHTED,,,11/19/2020 8:10:43 AM,False,5033,Accepted,
27470661,0568000,LOUISVILLE METRO POLICE DEPT,Accepted,JEFFERSON,KY0864,,POPLAR LEVEL,RD,,,GILMORE,,,,,38.182681741,-85.698379053,10.290,11/18/2020 12:00:00 AM,0537,2,2,0,0,CLEAR,DRY,True,OPPOSING LEFT TURN,OPPOSING LEFT TURN,STRAIGHT & LEVEL,DARK-HWY LIGHTED/ON,,,11/18/2020 8:09:54 AM,False,5269,Accepted,
27470662,0568000,LOUISVILLE METRO POLICE DEPT,Accepted,JEFFERSON,US0042,1201,STORY,AVE,,,,,,,,38.255564900,-85.728978748,0.216,11/18/2020 12:00:00 AM,0530,1,1,0,0,CLEAR,DRY,False,COLLISION WITH FIXED OBJECT NON - INTERSECTION - FIRST EVENT COLLISION 09 - 32 EXCLUDING 16,SINGLE VEHICLE,STRAIGHT & LEVEL,DARK-HWY LIGHTED/ON,,,11/18/2020 8:09:57 AM,False,5122,Accepted,
27470658,0568000,LOUISVILLE METRO POLICE DEPT,Accepted,JEFFERSON,US0150,,BROADWAY,,E,,BROOK,,,,,38.245574753,-85.751692387,2.729,11/18/2020 12:00:00 AM,0230,2,2,0,0,CLEAR,DRY,True,ANGLE COLLISION - OTHER,ANGLE,STRAIGHT & LEVEL,DARK-HWY LIGHTED/ON,,,11/18/2020 8:09:23 AM,False,5122,Accepted,
27470660,0568000,LOUISVILLE METRO POLICE DEPT,Accepted,JEFFERSON,KY1747,2805,FERN VALLEY,RD,,,,,,,,38.157051687,-85.710370211,1.198,11/18/2020 12:00:00 AM,0342,1,1,0,0,CLEAR,DRY,False,COLLISION IN PARKING LOT,SINGLE VEHICLE,STRAIGHT & LEVEL,DARK-HWY LIGHTED/ON,,,11/18/2020 8:09:50 AM,False,5270,Accepted,
27488982,0568000,LOUISVILLE METRO POLICE DEPT,Accepted,JEFFERSON,I 0264,,I264 E,,,,,,,,,38.232755222,-85.627879958,18.466,11/18/2020 12:00:00 AM,1607,2,2,0,0,CLEAR,DRY,False,REAR END IN TRAFFIC LANES BOTH VEHICLES MOVING,REAR END,STRAIGHT & LEVEL,DAYLIGHT,,,11/23/2020 9:30:08 AM,False,8278,Accepted,
27479412,0568000,LOUISVILLE METRO POLICE DEPT,Accepted,JEFFERSON,KY1020,,3RD,ST,S,,HARLAN,,,,,38.201560285,-85.764531789,9.229,11/18/2020 12:00:00 AM,1750,2,2,0,3,CLEAR,DRY,False,ANGLE COLLISION - OTHER,ANGLE,STRAIGHT & LEVEL,DAWN,,,11/20/2020 8:08:44 AM,False,5201,Accepted,
27479415,0568000,LOUISVILLE METRO POLICE DEPT,Accepted,JEFFERSON,KY0061,,PRESTON,HWY,,,,I 0265,I265 E EXIT12 OFF RAMP TO KY61 S,KY0061,KY61 TURN LANE,38.105104140,-85.673420090,1.525,11/18/2020 12:00:00 AM,1636,2,2,0,0,CLEAR,DRY,False,SIDESWIPE COLLISION - SAME DIRECTION,SIDESWIPE-SAME DIRECTION,STRAIGHT & LEVEL,DAYLIGHT,,,11/20/2020 8:09:00 AM,False,2308,Accepted,
27475128,0568000,LOUISVILLE METRO POLICE DEPT,Accepted,JEFFERSON,KY1142,1014,PALATKA,RD,,,,,,,,38.152159206,-85.786195123,0.897,11/18/2020 12:00:00 AM,0850,3,3,0,0,CLEAR,DRY,False,1 VEHICLE PARKED POSITION (NOT PARKING LOT/DRIVEWAY),ANGLE,STRAIGHT & LEVEL,DAYLIGHT,,,11/19/2020 8:09:43 AM,False,5326,Accepted,
27475135,0568000,LOUISVILLE METRO POLICE DEPT,Accepted,JEFFERSON,,,WATSON,LN,,,,,,,,38.057644433,-85.893391739,0.182,11/18/2020 12:00:00 AM,1838,2,2,0,1,CLEAR,DRY,False,1 VEHICLE PARKED POSITION (NOT PARKING LOT/DRIVEWAY),BACKING,STRAIGHT & LEVEL,DARK-HWY NOT LIGHTED,,,11/19/2020 8:10:32 AM,False,7234,Accepted,
27470663,0568000,LOUISVILLE METRO POLICE DEPT,Accepted,JEFFERSON,,,2ND,ST,S,,WOODLAWN,,,,,38.181423413,-85.764580163,0.886,11/18/2020 12:00:00 AM,0645,2,2,0,0,CLEAR,DRY,False,ANGLE COLLISION - OTHER,ANGLE,STRAIGHT & LEVEL,DAWN,,,11/18/2020 8:10:02 AM,False,5245,Accepted,
27475134,0568000,LOUISVILLE METRO POLICE DEPT,Accepted,JEFFERSON,KY0864,7711,FEGENBUSH,LN,,,,,,,,38.140154027,-85.618284883,4.571,11/18/2020 12:00:00 AM,0838,2,2,0,3,CLEAR,DRY,False,HEAD-ON COLLISION,HEAD ON,STRAIGHT & LEVEL,DAYLIGHT,,,11/19/2020 8:10:07 AM,False,5005,Accepted,
29664997,0568000,LOUISVILLE METRO POLICE DEPT,Accepted,JEFFERSON,KY1447,,WESTPORT,RD,,,SPRINGHURST,,,,,38.293730974,-85.559232353,6.030,11/18/2020 12:00:00 AM,1853,2,1,0,1,CLEAR,DRY,False,ANGLE COLLISION - ONE VEHICLE TURNING LEFT,ANGLE,STRAIGHT & LEVEL,DUSK,,,2/6/2022 10:39:49 AM,False,5030,Accepted,
27475195,0568000,LOUISVILLE METRO POLICE DEPT,Accepted,JEFFERSON,US0031E,,BARDSTOWN,RD,,,,,,,,38.206527876,-85.667516177,11.634,11/17/2020 12:00:00 AM,1258,4,4,0,1,CLEAR,DRY,False,REAR END IN TRAFFIC LANES BOTH VEHICLES MOVING,REAR END,STRAIGHT & LEVEL,DAYLIGHT,,,11/19/2020 8:37:44 AM,False,4693,Accepted,
27470637,0568000,LOUISVILLE METRO POLICE DEPT,Accepted,JEFFERSON,KY1065,,OUTER,LOOP,,,NOLTEMEYER WYNDE,,,,,38.138265020,-85.680432698,6.413,11/17/2020 12:00:00 AM,0951,2,2,0,0,CLEAR,DRY,False,ANGLE COLLISION - OTHER,ANGLE,STRAIGHT & LEVEL,DAYLIGHT,,,11/18/2020 8:07:52 AM,False,4693,Accepted,
27470638,0568000,LOUISVILLE METRO POLICE DEPT,Accepted,JEFFERSON,I 0065,,,,,,,,,,,38.191169248,-85.719129821,0.035,11/17/2020 12:00:00 AM,0755,2,2,0,1,CLEAR,DRY,False,REAR END IN TRAFFIC LANES BOTH VEHICLES MOVING,REAR END,STRAIGHT & LEVEL,DAYLIGHT,,,11/18/2020 8:07:56 AM,False,4693,Accepted,
27470646,0568000,LOUISVILLE METRO POLICE DEPT,Accepted,JEFFERSON,KY1865,,NEW CUT,RD,,,HARPERS FERRY,,,,,38.132044683,-85.772507276,1.705,11/17/2020 12:00:00 AM,1906,2,2,0,0,CLEAR,DRY,False,ANGLE COLLISION - OTHER,ANGLE,STRAIGHT & LEVEL,DARK-HWY LIGHTED/ON,,,11/18/2020 8:08:52 AM,False,7427,Accepted,
27470632,0568000,LOUISVILLE METRO POLICE DEPT,Accepted,JEFFERSON,,,JEFFERSON,ST,W,,ROY WILKINS,,,,,38.254707720,-85.765133738,0.710,11/17/2020 12:00:00 AM,1236,2,2,0,0,CLEAR,DRY,False,ANGLE COLLISION - OTHER,ANGLE,STRAIGHT & LEVEL,DAYLIGHT,,,11/18/2020 8:07:45 AM,False,5105,Accepted,
27470640,0568000,LOUISVILLE METRO POLICE DEPT,Accepted,JEFFERSON,,,CHESTNUT,ST,W,,ARMORY,,,,,38.249209842,-85.760289232,2.231,11/17/2020 12:00:00 AM,1455,2,2,0,1,CLEAR,DRY,True,ANGLE COLLISION - OTHER,ANGLE,,DAYLIGHT,,,11/18/2020 8:08:04 AM,False,7266,Accepted,
27470641,0568000,LOUISVILLE METRO POLICE DEPT,Accepted,JEFFERSON,KY1747,,FERN VALLEY,RD,,KY1747,KY1747 CROSSOVER,,,,,38.157396831,-85.695622595,2.018,11/17/2020 12:00:00 AM,1609,2,2,0,1,CLEAR,DRY,False,ANGLE COLLISION - OTHER,ANGLE,STRAIGHT & LEVEL,DAYLIGHT,,,11/18/2020 8:08:09 AM,False,2324,Accepted,
27470624,0568000,LOUISVILLE METRO POLICE DEPT,Accepted,JEFFERSON,US0031E,,BARDSTOWN,RD,,,FERNDALE,,,,,38.155477869,-85.589978228,5.953,11/17/2020 12:00:00 AM,0856,3,3,0,2,CLEAR,DRY,False,OTHER INTERSECTION COLLISIONS,REAR END,STRAIGHT & LEVEL,DAWN,,,11/18/2020 8:07:12 AM,False,7755,Accepted,
27466073,0568000,LOUISVILLE METRO POLICE DEPT,Accepted,JEFFERSON,KY1230,,CANE RUN,RD,,,,,,,,38.157016195,-85.894780197,5.463,11/17/2020 12:00:00 AM,0600,2,2,0,1,CLEAR,DRY,False,1 VEHICLE ENTERING/LEAVING ENTRANCE,ANGLE,STRAIGHT & LEVEL,DARK-HWY NOT LIGHTED,,,11/17/2020 8:33:22 AM,False,5259,Accepted,
27466074,0568000,LOUISVILLE METRO POLICE DEPT,Accepted,JEFFERSON,US0031E,,BARDSTOWN,RD,,,,,BANNON CROSSINGS,,HAVENVIEW,38.182478134,-85.629156215,8.850,11/17/2020 12:00:00 AM,0025,2,2,0,0,CLEAR,DRY,False,1 VEHICLE ENTERING/LEAVING ENTRANCE,ANGLE,STRAIGHT & LEVEL,DARK-HWY NOT LIGHTED,,,11/17/2020 8:33:28 AM,False,7851,Accepted,
27488988,0568000,LOUISVILLE METRO POLICE DEPT,Accepted,JEFFERSON,,1302,ORMSBY,AVE,W,,,,,,,38.235507343,-85.787545407,1.559,11/17/2020 12:00:00 AM,1115,1,1,0,0,OTHER,OTHER,True,COLLISION IN PARKING LOT,SINGLE VEHICLE,,DAYLIGHT,,,11/23/2020 9:30:35 AM,False,2928,Accepted,
27473942,0560400,SHIVELY POLICE DEPARTMENT,Accepted,JEFFERSON,I 0264,4200,I264 E,,,,,,,,,38.185248871,-85.811607488,7.560,11/17/2020 12:00:00 AM,1111,2,2,0,2,CLEAR,DRY,False,SIDESWIPE COLLISION - SAME DIRECTION,SIDESWIPE-SAME DIRECTION,STRAIGHT & LEVEL,DAYLIGHT,,,11/18/2020 10:27:32 PM,False,7082,Accepted,
27470644,0568000,LOUISVILLE METRO POLICE DEPT,Accepted,JEFFERSON,,,SMYRNA,PKWY,,,,KY1065,OUTER,,VANDRE,38.137319723,-85.642008224,0.044,11/17/2020 12:00:00 AM,1815,1,1,0,0,CLEAR,DRY,False,COLLISION WITH FIXED OBJECT NON - INTERSECTION - FIRST EVENT COLLISION 09 - 32 EXCLUDING 16,SINGLE VEHICLE,STRAIGHT & GRADE,DARK-HWY NOT LIGHTED,,,11/18/2020 8:08:38 AM,False,2959,Accepted,
27470645,0568000,LOUISVILLE METRO POLICE DEPT,Accepted,JEFFERSON,,3800,SHANKS,LN,,,OBOE,,,,,38.197647144,-85.847563770,0.319,11/17/2020 12:00:00 AM,1754,2,1,0,1,CLEAR,DRY,False,COLLISION WITH TRAIN,SINGLE VEHICLE,STRAIGHT & LEVEL,DARK-HWY NOT LIGHTED,,,11/18/2020 8:08:47 AM,False,5208,Accepted,
27470653,0568000,LOUISVILLE METRO POLICE DEPT,Accepted,JEFFERSON,,,18TH,ST,S,US0031W,MARKET,,,,,38.257777247,-85.779913200,0.095,11/17/2020 12:00:00 AM,2056,2,2,0,0,CLEAR,DRY,False,ANGLE COLLISION - OTHER,ANGLE,STRAIGHT & LEVEL,OTHER,,,11/18/2020 8:09:11 AM,False,7173,Accepted,
27470642,0568000,LOUISVILLE METRO POLICE DEPT,Accepted,JEFFERSON,,106,36TH,ST,N,,,,,,,38.263159726,-85.809549417,0.051,11/17/2020 12:00:00 AM,1520,2,2,0,0,CLEAR,DRY,False,1 VEHICLE PARKED POSITION (NOT PARKING LOT/DRIVEWAY),HEAD ON,STRAIGHT & LEVEL,DAYLIGHT,,,11/18/2020 8:08:21 AM,False,7437,Accepted,
27470650,0568000,LOUISVILLE METRO POLICE DEPT,Accepted,JEFFERSON,KY1703,,BAXTER,AVE,,,,,,,,38.236802432,-85.721590471,5.405,11/17/2020 12:00:00 AM,0651,2,2,0,1,CLEAR,DRY,False,1 VEHICLE ENTERING/LEAVING ENTRANCE,ANGLE,STRAIGHT & LEVEL,DAYLIGHT,,,11/18/2020 8:09:05 AM,False,2976,Accepted,
27470634,0568000,LOUISVILLE METRO POLICE DEPT,Accepted,JEFFERSON,KY0864,,POPLAR LEVEL,RD,,,PRODUCE,,,,,38.179175765,-85.691822849,9.858,11/17/2020 12:00:00 AM,0858,2,2,0,2,CLEAR,DRY,False,OPPOSING LEFT TURN,OPPOSING LEFT TURN,STRAIGHT & LEVEL,DAYLIGHT,,,11/18/2020 8:07:49 AM,False,4693,Accepted,
27592381,0568000,LOUISVILLE METRO POLICE DEPT,Accepted,JEFFERSON,KY0841,,GENE SNYDER,FWY,,,,,,,,38.088487812,-85.852265955,1.313,11/17/2020 12:00:00 AM,0652,1,1,0,0,CLEAR,DRY,False,OTHER COLLISIONS ON SHOULDER,SINGLE VEHICLE,STRAIGHT & LEVEL,UNKNOWN,,,12/22/2020 8:09:53 AM,False,4903,Accepted,
27549876,0568000,LOUISVILLE METRO POLICE DEPT,Accepted,JEFFERSON,KY1747,4801,FERN VALLEY,RD,,,,,,,,38.156594500,-85.661012005,3.741,11/16/2020 12:00:00 AM,2008,3,3,0,0,CLEAR,DRY,True,REAR END IN TRAFFIC LANES BOTH VEHICLES MOVING,REAR END,STRAIGHT & LEVEL,DARK-HWY LIGHTED/ON,,,12/10/2020 8:36:49 AM,False,5107,Accepted,
27470628,0568000,LOUISVILLE METRO POLICE DEPT,Accepted,JEFFERSON,,,40TH,ST,S,KY2056,BELLS,,,,,38.222934503,-85.822655298,1.689,11/16/2020 12:00:00 AM,1243,2,2,0,0,CLEAR,DRY,True,OTHER INTERSECTION COLLISIONS,REAR END,STRAIGHT & LEVEL,DAYLIGHT,,,11/18/2020 8:07:41 AM,False,7437,Accepted,
27466890,0561500,UNIV. OF LOUISVILLE POLICE,Accepted,JEFFERSON,,,CARDINAL,BLVD,W,KY1020,2ND,,,,,38.220486988,-85.759752856,0.109,11/16/2020 12:00:00 AM,1540,2,2,0,2,CLEAR,DRY,False,OPPOSING LEFT TURN,OPPOSING LEFT TURN,STRAIGHT & LEVEL,DAYLIGHT,,,11/17/2020 11:39:16 AM,False,5701,Accepted,
27475129,0568000,LOUISVILLE METRO POLICE DEPT,Accepted,JEFFERSON,,,OAK,ST,E,,FLOYD,,,,,38.234228544,-85.751651393,0.202,11/16/2020 12:00:00 AM,1434,2,2,0,1,CLEAR,DRY,False,OPPOSING LEFT TURN,OPPOSING LEFT TURN,STRAIGHT & LEVEL,DAYLIGHT,,,11/19/2020 8:09:47 AM,False,7628,Accepted,
27466046,0568000,LOUISVILLE METRO POLICE DEPT,Accepted,JEFFERSON,KY0061,,PRESTON,HWY,,,,,,,,38.155333747,-85.696216269,5.231,11/16/2020 12:00:00 AM,1338,2,2,0,0,CLEAR,DRY,False,1 VEHICLE ENTERING/LEAVING ENTRANCE,ANGLE,STRAIGHT & LEVEL,DAYLIGHT,,,11/17/2020 8:30:48 AM,False,4693,Accepted,
27466054,0568000,LOUISVILLE METRO POLICE DEPT,Accepted,JEFFERSON,,,18TH,ST,S,,MAGAZINE,,,,,38.250191236,-85.781281079,0.626,11/16/2020 12:00:00 AM,1501,2,2,0,0,CLEAR,DRY,False,ANGLE COLLISION - OTHER,ANGLE,STRAIGHT & LEVEL,DAYLIGHT,,,11/17/2020 8:31:40 AM,False,7463,Accepted,
27466047,0568000,LOUISVILLE METRO POLICE DEPT,Accepted,JEFFERSON,US0031E,,BAXTER,AVE,,,,,PAYNE,,ROGERS,38.245955589,-85.728719859,16.102,11/16/2020 12:00:00 AM,1326,2,2,0,1,CLEAR,DRY,False,OTHER ROADWAY OR MID-BLOCK COLLISION,OPPOSING LEFT TURN,STRAIGHT & LEVEL,DAYLIGHT,,,11/17/2020 8:30:53 AM,False,7900,Accepted,
27466048,0568000,LOUISVILLE METRO POLICE DEPT,Accepted,JEFFERSON,,,MUHAMMAD ALI,BLVD,E,,1ST,,,,,38.250590334,-85.752524016,1.038,11/16/2020 12:00:00 AM,1447,2,2,0,0,CLEAR,DRY,False,ANGLE COLLISION - OTHER,ANGLE,STRAIGHT & LEVEL,DAYLIGHT,,,11/17/2020 8:30:59 AM,False,7266,Accepted,
27466056,0568000,LOUISVILLE METRO POLICE DEPT,Accepted,JEFFERSON,,,RIVER,RD,,,BEECH,,,,,38.343607311,-85.620651206,6.452,11/16/2020 12:00:00 AM,0652,2,2,0,0,CLEAR,DRY,False,SIDESWIPE-SAME DIRECTION,SIDESWIPE-SAME DIRECTION,STRAIGHT & LEVEL,DARK-HWY NOT LIGHTED,,,11/17/2020 8:31:52 AM,False,7751,Accepted,
27466065,0568000,LOUISVILLE METRO POLICE DEPT,Accepted,JEFFERSON,,,SIX MILE,LN,,,WALLINGFORD,,,,,38.197864932,-85.632782325,1.169,11/16/2020 12:00:00 AM,1926,1,1,0,0,CLEAR,DRY,False,COLLISION WITH FIXED OBJECT IN INTERSECTION - FIRST EVENT COLLISION 09 - 32,SINGLE VEHICLE,STRAIGHT & GRADE,DARK-HWY LIGHTED/OFF,,,11/17/2020 8:32:38 AM,False,5318,Accepted,
27466066,0568000,LOUISVILLE METRO POLICE DEPT,Accepted,JEFFERSON,I 0071,,I71 S,,,I 0071,I71 S EXIT9A RAMP TO I265 W,,,,,38.314255718,-85.583366718,8.993,11/16/2020 12:00:00 AM,1842,1,1,0,0,CLEAR,DRY,False,OTHER INTERSECTION COLLISIONS,SINGLE VEHICLE,STRAIGHT & LEVEL,DARK (UNKNOWN ROADWAY LIGHTING),,,11/17/2020 8:32:44 AM,False,5228,Accepted,
27466072,0568000,LOUISVILLE METRO POLICE DEPT,Accepted,JEFFERSON,KY0061,,PRESTON,HWY,,KY2845,MANSLICK,,,,,38.118054399,-85.677247430,2.450,11/16/2020 12:00:00 AM,2202,2,2,0,0,CLEAR,DRY,False,OPPOSING LEFT TURN,OPPOSING LEFT TURN,STRAIGHT & LEVEL,DARK-HWY NOT LIGHTED,,,11/17/2020 8:33:15 AM,False,7474,Accepted,