IncidentID,AgencyORI,AgencyName,IncidentStatusDesc,County,RdwyNumber,Street,RoadwayName,StreetSfx,StreetDir,IntersectionRdwy,IntersectionRdwyName,BetweenStRdwy1,BetweenStRdwyName1,BetweenStRdwy2,BetweenStRdwyName2,Latitude,Longitude,Milepoint,CollisionDate,CollisionTime,UnitsInvolved,MotorVehiclesInvolved,NumberKilled,NumberInjured,Weather,RdwyConditionCode,HitandRun,DirAnalysisCode,MannerofCollision,RdwyCharacter,LightCondition,RampFromRdwyId,RampToRdwyId,AcceptedDate,IsSecondaryCollision,OwnerBadge,IncidentStatus,
27461802,0568000,LOUISVILLE METRO POLICE DEPT,Accepted,JEFFERSON,,,BROOK,ST,S,,LIBERTY,,,,,38.252409937,-85.750614404,3.341,11/16/2020 12:00:00 AM,0535,2,2,0,1,CLEAR,DRY,True,SIDESWIPE-SAME DIRECTION,SIDESWIPE-SAME DIRECTION,STRAIGHT & LEVEL,DARK-HWY LIGHTED/ON,,,11/16/2020 10:25:20 AM,False,5135,Accepted,
27466029,0568000,LOUISVILLE METRO POLICE DEPT,Accepted,JEFFERSON,,,LIBERTY,ST,E,KY0061,PRESTON,,,,,38.251368856,-85.746596616,0.327,11/16/2020 12:00:00 AM,0816,2,2,0,0,CLEAR,DRY,False,ANGLE COLLISION - OTHER,ANGLE,STRAIGHT & LEVEL,DAYLIGHT,,,11/17/2020 8:29:55 AM,False,5324,Accepted,
27466030,0568000,LOUISVILLE METRO POLICE DEPT,Accepted,JEFFERSON,I 0265,,I265 E,,,,,,,,,38.196805504,-85.507960917,23.685,11/16/2020 12:00:00 AM,1033,2,2,0,0,CLEAR,DRY,False,REAR END IN TRAFFIC LANES BOTH VEHICLES MOVING,REAR END,STRAIGHT & LEVEL,DAYLIGHT,,,11/17/2020 8:29:59 AM,False,4903,Accepted,
27461809,0568000,LOUISVILLE METRO POLICE DEPT,Accepted,JEFFERSON,KY0061,,PRESTON,HWY,,KY2845,MANSLICK,,,,,38.118014987,-85.677220719,2.453,11/16/2020 12:00:00 AM,0822,2,2,0,0,CLEAR,DRY,False,OTHER INTERSECTION COLLISIONS,REAR END,STRAIGHT & LEVEL,DAYLIGHT,,,11/16/2020 10:25:44 AM,False,2324,Accepted,
27466068,0568000,LOUISVILLE METRO POLICE DEPT,Accepted,JEFFERSON,,,26TH,ST,S,,MADISON,,,,,38.254192776,-85.794379070,0.454,11/16/2020 12:00:00 AM,1952,2,2,0,1,CLEAR,DRY,False,ANGLE COLLISION - OTHER,ANGLE,STRAIGHT & LEVEL,DARK-HWY LIGHTED/ON,,,11/17/2020 8:32:53 AM,False,7173,Accepted,
27466069,0568000,LOUISVILLE METRO POLICE DEPT,Accepted,JEFFERSON,,,SHEPHERDSVILLE,RD,,KY1065,OUTER,,,,,38.138966263,-85.657623287,0.001,11/16/2020 12:00:00 AM,1950,2,2,0,1,CLEAR,DRY,True,ANGLE COLLISION - OTHER,ANGLE,STRAIGHT & LEVEL,DARK-HWY LIGHTED/ON,,,11/17/2020 8:32:57 AM,False,5115,Accepted,
27466034,0568000,LOUISVILLE METRO POLICE DEPT,Accepted,JEFFERSON,KY1934,,CANE RUN,RD,,,SHANKS,,,,,38.195268374,-85.842726904,8.794,11/16/2020 12:00:00 AM,1316,2,2,0,0,CLEAR,DRY,False,OTHER INTERSECTION COLLISIONS,REAR END,STRAIGHT & LEVEL,DAYLIGHT,,,11/17/2020 8:30:22 AM,False,5208,Accepted,
27466036,0568000,LOUISVILLE METRO POLICE DEPT,Accepted,JEFFERSON,,3775,STANTON,BLVD,,,,,,,,38.217250372,-85.634180360,0.997,11/16/2020 12:00:00 AM,0938,2,2,0,0,CLEAR,DRY,False,1 VEHICLE PARKED POSITION (NOT PARKING LOT/DRIVEWAY),SIDESWIPE-SAME DIRECTION,STRAIGHT & LEVEL,DAYLIGHT,,,11/17/2020 8:30:31 AM,False,4693,Accepted,
27466043,0568000,LOUISVILLE METRO POLICE DEPT,Accepted,JEFFERSON,US0031E,,BARDSTOWN,RD,,KY1932,BRECKENRIDGE,,,,,38.181207502,-85.626874885,8.695,11/16/2020 12:00:00 AM,1203,2,2,0,0,CLEAR,DRY,False,ANGLE COLLISION - OTHER,ANGLE,STRAIGHT & LEVEL,DAYLIGHT,,,11/17/2020 8:30:40 AM,False,4693,Accepted,
27466060,0568000,LOUISVILLE METRO POLICE DEPT,Accepted,JEFFERSON,,,DEERING,RD,,,,,,,,38.094800315,-85.862710870,0.764,11/16/2020 12:00:00 AM,1233,2,2,0,0,CLEAR,DRY,False,1 VEHICLE ENTERING/LEAVING ENTRANCE,ANGLE,STRAIGHT & LEVEL,DAYLIGHT,,,11/17/2020 8:32:12 AM,False,7234,Accepted,
27466061,0568000,LOUISVILLE METRO POLICE DEPT,Accepted,JEFFERSON,US0031W,9209,DIXIE,HWY,,,,,,,,38.123307360,-85.854094302,9.824,11/16/2020 12:00:00 AM,1652,3,3,0,0,CLEAR,DRY,False,1 VEHICLE ENTERING/LEAVING ENTRANCE,ANGLE,STRAIGHT & LEVEL,DAYLIGHT,,,11/17/2020 8:32:19 AM,False,7234,Accepted,
27461805,0568000,LOUISVILLE METRO POLICE DEPT,Accepted,JEFFERSON,KY1020,,NATIONAL,TPKE,,KY1065,OUTER,,,,,38.126995215,-85.748981231,3.664,11/16/2020 12:00:00 AM,0531,2,2,0,1,CLEAR,DRY,False,ANGLE COLLISION - OTHER,ANGLE,STRAIGHT & LEVEL,DARK-HWY LIGHTED/ON,,,11/16/2020 10:25:33 AM,False,5209,Accepted,
27466067,0568000,LOUISVILLE METRO POLICE DEPT,Accepted,JEFFERSON,KY1747,,HURSTBOURNE,PKWY,S,,VASSEL,,,,,38.159135222,-85.626896104,6.028,11/16/2020 12:00:00 AM,2130,2,2,0,0,CLEAR,DRY,False,COLLISION WITH PARKED VEHICLE,REAR END,STRAIGHT & LEVEL,DARK-HWY LIGHTED/OFF,,,11/17/2020 8:32:49 AM,False,5314,Accepted,
27470622,0568000,LOUISVILLE METRO POLICE DEPT,Accepted,JEFFERSON,I 0265,,,,,,,,,,,38.189470722,-85.506886358,0.044,11/16/2020 12:00:00 AM,1344,2,2,0,2,CLEAR,DRY,False,OTHER RAMP RELATED COLLISIONS NOT LISTED ABOVE,REAR END,CURVE & LEVEL,DAYLIGHT,KY0155,I 0265,11/18/2020 8:07:02 AM,False,5336,Accepted,
27470639,0568000,LOUISVILLE METRO POLICE DEPT,Accepted,JEFFERSON,,,GRINSTEAD,DR,,I 0064,I64 W EXIT8 ON RAMP FROM  GRINSTEAD DR,,,,,38.247808053,-85.700178674,0.176,11/16/2020 12:00:00 AM,1748,2,2,0,0,CLEAR,DRY,False,ANGLE COLLISION - OTHER,ANGLE,STRAIGHT & LEVEL,DARK-HWY LIGHTED/ON,,,11/18/2020 8:08:00 AM,False,5020,Accepted,
27475141,0568000,LOUISVILLE METRO POLICE DEPT,Accepted,JEFFERSON,,,BROOK,ST,S,,CHESTNUT,,,,,38.247661654,-85.751681433,2.997,11/16/2020 12:00:00 AM,0447,2,2,0,0,CLEAR,DRY,False,OTHER INTERSECTION COLLISIONS,REAR END,CURVE & LEVEL,DARK-HWY LIGHTED/ON,,,11/19/2020 8:10:51 AM,False,5118,Accepted,
27461800,0568000,LOUISVILLE METRO POLICE DEPT,Accepted,JEFFERSON,,,BROOK,ST,S,,CHESTNUT,,,,,38.248381095,-85.751809400,3.035,11/16/2020 12:00:00 AM,0234,2,2,0,5,CLEAR,DRY,False,ANGLE COLLISION - OTHER,ANGLE,STRAIGHT & LEVEL,DARK-HWY LIGHTED/ON,,,11/16/2020 10:25:11 AM,False,5135,Accepted,
27461808,0568000,LOUISVILLE METRO POLICE DEPT,Accepted,JEFFERSON,KY1865,,NEW CUT,RD,,,AUBURN OAKS,,,,,38.139876975,-85.774006960,2.250,11/16/2020 12:00:00 AM,0300,1,1,0,0,CLEAR,DRY,False,COLLISION WITH ANIMAL IN INTERSECTION,SINGLE VEHICLE,STRAIGHT & LEVEL,DARK-HWY LIGHTED/ON,,,11/16/2020 10:25:40 AM,False,5220,Accepted,
27466058,0568000,LOUISVILLE METRO POLICE DEPT,Accepted,JEFFERSON,KY1865,,TAYLOR,BLVD,,I 0264,I264 W EXIT9 OFF RAMP TO KY1865,,,,,38.189458644,-85.783431573,5.734,11/16/2020 12:00:00 AM,1619,2,2,0,0,CLEAR,DRY,False,HEAD-ON COLLISION,HEAD ON,STRAIGHT & LEVEL,DAYLIGHT,,,11/17/2020 8:32:01 AM,False,7402,Accepted,
27466059,0568000,LOUISVILLE METRO POLICE DEPT,Accepted,JEFFERSON,,,CHESTNUT,ST,W,,,,PLACE JAUNE,,VILLAGE WEST,38.250041886,-85.767478759,1.836,11/16/2020 12:00:00 AM,1858,2,2,0,0,CLEAR,DRY,False,1 VEHICLE PARKED POSITION (NOT PARKING LOT/DRIVEWAY),REAR END,STRAIGHT & LEVEL,DARK-HWY LIGHTED/ON,,,11/17/2020 8:32:06 AM,False,7937,Accepted,
27511178,0568000,LOUISVILLE METRO POLICE DEPT,Accepted,JEFFERSON,KY0061,6300,PRESTON,HWY,,,,,FOREST,,WANNSEE,38.160757574,-85.699174407,5.653,11/16/2020 12:00:00 AM,1431,2,2,0,4,CLEAR,DRY,False,OTHER ROADWAY OR MID-BLOCK COLLISION,REAR END,STRAIGHT & LEVEL,DAYLIGHT,,,11/30/2020 8:34:35 AM,False,7341,Accepted,
27488861,0568000,LOUISVILLE METRO POLICE DEPT,Accepted,JEFFERSON,,,OAK,ST,W,,,,,,,38.234595375,-85.754823058,0.017,11/16/2020 12:00:00 AM,1351,2,2,0,0,CLEAR,DRY,False,1 VEHICLE ENTERING/LEAVING ENTRANCE,ANGLE,STRAIGHT & LEVEL,DAYLIGHT,,,11/23/2020 9:24:23 AM,False,7495,Accepted,
27592410,0568000,LOUISVILLE METRO POLICE DEPT,Accepted,JEFFERSON,KY1934,,GREENBELT,HWY,,,WINSTEAD,,,,,38.132346118,-85.889765615,3.415,11/16/2020 12:00:00 AM,0640,2,2,0,0,CLEAR,DRY,False,ANGLE COLLISION - OTHER,ANGLE,STRAIGHT & LEVEL,DAWN,,,12/22/2020 8:13:49 AM,False,5293,Accepted,
27461783,0568000,LOUISVILLE METRO POLICE DEPT,Accepted,JEFFERSON,,,CHESTNUT,ST,W,KY1020,2ND,,,,,38.248585494,-85.754565362,2.546,11/15/2020 12:00:00 AM,1227,2,2,0,0,CLEAR,DRY,False,ANGLE COLLISION - OTHER,ANGLE,STRAIGHT & LEVEL,DAYLIGHT,,,11/16/2020 10:24:00 AM,False,5187,Accepted,
27461763,0568000,LOUISVILLE METRO POLICE DEPT,Accepted,JEFFERSON,,,SPRING,ST,N,,ARLINGTON,,,,,38.254379057,-85.721283094,0.287,11/15/2020 12:00:00 AM,0029,1,1,0,0,CLEAR,DRY,False,OTHER INTERSECTION COLLISIONS,SINGLE VEHICLE,STRAIGHT & LEVEL,DARK-HWY LIGHTED/ON,,,11/16/2020 10:22:49 AM,False,5271,Accepted,
27461774,0568000,LOUISVILLE METRO POLICE DEPT,Accepted,JEFFERSON,,1508,CENTRAL,AVE,,,,,,,,38.212839472,-85.781143588,1.551,11/15/2020 12:00:00 AM,0640,2,2,0,0,RAINING,WET,False,1 VEHICLE PARKED POSITION (NOT PARKING LOT/DRIVEWAY),REAR END,STRAIGHT & LEVEL,DAWN,,,11/16/2020 10:23:28 AM,False,5175,Accepted,
27461770,0568000,LOUISVILLE METRO POLICE DEPT,Accepted,JEFFERSON,KY0907,7803,3RD ST,RD,,,,,,,,38.131135213,-85.792030708,4.947,11/15/2020 12:00:00 AM,0525,2,2,0,0,RAINING,WET,True,SIDESWIPE COLLISION - OPPOSITE DIRECTION,SIDESWIPE-OPPOSITE DIRECTION,STRAIGHT & LEVEL,DARK-HWY LIGHTED/ON,,,11/16/2020 10:23:24 AM,False,5209,Accepted,
27461779,0568000,LOUISVILLE METRO POLICE DEPT,Accepted,JEFFERSON,,5206,GARDEN GREEN,WAY,,,,,MANSFIELD,,PETERSBURG,38.177521315,-85.663209850,0.210,11/15/2020 12:00:00 AM,0634,2,2,0,0,RAINING,WET,True,1 VEHICLE PARKED POSITION (NOT PARKING LOT/DRIVEWAY),REAR END,STRAIGHT & LEVEL,DAWN,,,11/16/2020 10:23:41 AM,False,5321,Accepted,
27461785,0568000,LOUISVILLE METRO POLICE DEPT,Accepted,JEFFERSON,,,TOWNE CENTER,DR,,,FISCHER PARK,,,,,38.296893804,-85.554865673,0.088,11/15/2020 12:00:00 AM,1335,2,2,0,2,CLEAR,DRY,False,HEAD-ON COLLISION,HEAD ON,STRAIGHT & LEVEL,DAYLIGHT,,,11/16/2020 10:24:05 AM,False,7358,Accepted,
27461786,0568000,LOUISVILLE METRO POLICE DEPT,Accepted,JEFFERSON,,,CHURCHMAN,AVE,,,,,BICKNELL,,ALMA,38.183626740,-85.792195496,0.580,11/15/2020 12:00:00 AM,0814,2,2,0,0,RAINING,WET,False,VEHICLE BACKING NON INTERSECTION,BACKING,STRAIGHT & LEVEL,DAWN,,,11/16/2020 10:24:10 AM,False,7322,Accepted,
27461794,0568000,LOUISVILLE METRO POLICE DEPT,Accepted,JEFFERSON,I 0071,,I71 N,,,,,,,,,38.316143908,-85.578812383,9.283,11/15/2020 12:00:00 AM,0515,2,2,0,0,RAINING,WET,False,REAR END IN TRAFFIC LANES BOTH VEHICLES MOVING,REAR END,STRAIGHT & LEVEL,DARK-HWY LIGHTED/OFF,,,11/16/2020 10:24:51 AM,False,6777,Accepted,
27472797,0560300,ST. MATTHEWS POLICE DEPARTMENT,Accepted,JEFFERSON,US0060,5085,SHELBYVILLE,RD,,,,,,,,38.250229573,-85.622167415,5.381,11/15/2020 12:00:00 AM,1545,2,2,0,0,CLEAR,DRY,True,COLLISION IN PARKING LOT,BACKING,STRAIGHT & LEVEL,DAYLIGHT,,,11/18/2020 4:18:33 PM,False,9172,Accepted,
27461788,0568000,LOUISVILLE METRO POLICE DEPT,Accepted,JEFFERSON,,,MUHAMMAD ALI,BLVD,E,KY0061,JACKSON,,,,,38.249757959,-85.744816861,0.612,11/15/2020 12:00:00 AM,1740,2,1,0,1,CLOUDY,DRY,False,COLLISION WITH PEDESTRIAN IN INTERSECTION,SINGLE VEHICLE,STRAIGHT & LEVEL,DARK-HWY LIGHTED/ON,,,11/16/2020 10:24:28 AM,False,2403,Accepted,
27461792,0568000,LOUISVILLE METRO POLICE DEPT,Accepted,JEFFERSON,US0060,,SHELBYVILLE,RD,,,,,EDEN,KY1747,HURSTBOURNE,38.246420286,-85.577180632,7.839,11/15/2020 12:00:00 AM,1314,2,1,0,0,CLEAR,DRY,False,COLLISION WITH PEDESTRIAN NON - INTERSECTION,SINGLE VEHICLE,STRAIGHT & LEVEL,DAYLIGHT,,,11/16/2020 10:24:44 AM,False,5304,Accepted,
27461793,0568000,LOUISVILLE METRO POLICE DEPT,Accepted,JEFFERSON,,,ST LOUIS,AVE,,,,,TEMPLE,US0031W,22ND,38.233923208,-85.791513306,0.256,11/15/2020 12:00:00 AM,1025,2,2,0,1,CLOUDY,DRY,False,SIDESWIPE COLLISION - SAME DIRECTION,SIDESWIPE-SAME DIRECTION,STRAIGHT & LEVEL,DAYLIGHT,,,11/16/2020 10:24:48 AM,False,2469,Accepted,
27479421,0568000,LOUISVILLE METRO POLICE DEPT,Accepted,JEFFERSON,US0150,,BROADWAY,,W,KY1020,2ND,,,,,38.245846390,-85.755078675,2.558,11/15/2020 12:00:00 AM,1900,2,2,0,0,CLOUDY,DRY,False,COLLISION WITH PARKED VEHICLE,SIDESWIPE-SAME DIRECTION,STRAIGHT & GRADE,DARK-HWY LIGHTED/ON,,,11/20/2020 8:09:36 AM,False,2661,Accepted,
27461803,0568000,LOUISVILLE METRO POLICE DEPT,Accepted,JEFFERSON,,4327,1ST,ST,S,,,,,,,38.191623681,-85.761437449,3.217,11/15/2020 12:00:00 AM,0545,1,1,0,0,CLEAR,DRY,True,COLLISION WITH FIXED OBJECT NON - INTERSECTION - FIRST EVENT COLLISION 09 - 32 EXCLUDING 16,SINGLE VEHICLE,STRAIGHT & LEVEL,DARK-HWY LIGHTED/ON,,,11/16/2020 10:25:25 AM,False,5258,Accepted,
27461804,0568000,LOUISVILLE METRO POLICE DEPT,Accepted,JEFFERSON,US0060A,,TAYLOR,BLVD,,,,,,,,38.198590678,-85.782764708,1.619,11/15/2020 12:00:00 AM,1908,2,2,0,1,CLEAR,DRY,False,OTHER ROADWAY OR MID-BLOCK COLLISION,OPPOSING LEFT TURN,STRAIGHT & LEVEL,DARK-HWY LIGHTED/ON,,,11/16/2020 10:25:29 AM,False,5258,Accepted,
27461796,0568000,LOUISVILLE METRO POLICE DEPT,Accepted,JEFFERSON,KY1703,,NEWBURG,RD,,I 0264,I264 E EXIT15 ON RAMP FROM KY1703 S,,,,,38.201537770,-85.687639391,2.178,11/15/2020 12:00:00 AM,2141,2,2,0,0,CLEAR,DRY,False,OPPOSING LEFT TURN,OPPOSING LEFT TURN,STRAIGHT & LEVEL,DARK-HWY LIGHTED/ON,,,11/16/2020 10:24:59 AM,False,5024,Accepted,
27461801,0568000,LOUISVILLE METRO POLICE DEPT,Accepted,JEFFERSON,US0031W,,DIXIE,HWY,,,ASHBY,,,,,38.102969575,-85.869651267,8.275,11/15/2020 12:00:00 AM,0645,2,2,0,0,RAINING,WET,False,ANGLE COLLISION - ONE VEHICLE TURNING LEFT,ANGLE,STRAIGHT & LEVEL,DAWN,,,11/16/2020 10:25:15 AM,False,5136,Accepted,
27466064,0568000,LOUISVILLE METRO POLICE DEPT,Accepted,JEFFERSON,KY1747,2900,FERN VALLEY,RD,,,,,,,,38.156969395,-85.703796845,1.559,11/15/2020 12:00:00 AM,0048,2,1,1,0,CLOUDY,DRY,True,COLLISION WITH PEDESTRIAN NON - INTERSECTION,SINGLE VEHICLE,,DARK-HWY LIGHTED/OFF,,,11/17/2020 8:32:32 AM,False,6886,Accepted,
27488888,0568000,LOUISVILLE METRO POLICE DEPT,Accepted,JEFFERSON,US0060,,FRANKFORT,AVE,,KY2048,CANNONS,,,,,38.254068159,-85.670476012,2.734,11/15/2020 12:00:00 AM,1805,2,2,0,0,CLEAR,DRY,False,ANGLE COLLISION - ONE VEHICLE TURNING LEFT,ANGLE,STRAIGHT & LEVEL,DARK-HWY LIGHTED/ON,,,11/23/2020 9:26:04 AM,False,7180,Accepted,
27479411,0568000,LOUISVILLE METRO POLICE DEPT,Accepted,JEFFERSON,I 0064,,,,,,,,,,,38.258498244,-85.745142287,0.008,11/15/2020 12:00:00 AM,1000,2,2,0,0,CLEAR,WET,False,OTHER RAMP RELATED COLLISIONS NOT LISTED ABOVE,REAR END,CURVE & LEVEL,DAYLIGHT,I 0064,I 0065,11/20/2020 8:08:39 AM,False,7797,Accepted,
27497939,0568000,LOUISVILLE METRO POLICE DEPT,Accepted,JEFFERSON,,,34TH,ST,S,,MARKET,,,,,38.260896673,-85.806852204,0.088,11/14/2020 12:00:00 AM,2350,2,2,0,0,CLEAR,DRY,False,ANGLE COLLISION - OTHER,ANGLE,STRAIGHT & LEVEL,DARK-HWY LIGHTED/ON,,,11/25/2020 10:13:05 AM,False,5164,Accepted,
27466049,0568000,LOUISVILLE METRO POLICE DEPT,Accepted,JEFFERSON,I 0065,,I65 N,,,I 0065,I65 N EXIT133A OFF RAMP TO  EASTERN PKWY,,,,,38.211405581,-85.752900250,132.852,11/14/2020 12:00:00 AM,2046,2,2,0,4,CLOUDY,WET,False,OTHER INTERSECTION COLLISIONS,REAR END,CURVE & LEVEL,DARK-HWY LIGHTED/ON,,,11/17/2020 8:31:04 AM,False,5196,Accepted,
27461744,0568000,LOUISVILLE METRO POLICE DEPT,Accepted,JEFFERSON,KY0864,,POPLAR LEVEL,RD,,,FREY,,,,,38.160563452,-85.676918252,8.362,11/14/2020 12:00:00 AM,0253,1,1,0,0,CLEAR,DRY,False,OTHER INTERSECTION COLLISIONS,SINGLE VEHICLE,CURVE & LEVEL,DARK-HWY LIGHTED/ON,,,11/16/2020 10:21:05 AM,False,7201,Accepted,
27475142,0568000,LOUISVILLE METRO POLICE DEPT,Accepted,JEFFERSON,KY2052,,SHEPHERDSVILLE,RD,,,,,,,,38.142598656,-85.659271763,0.252,11/14/2020 12:00:00 AM,2108,1,1,0,0,CLEAR,DRY,True,COLLISION WITH FIXED OBJECT NON - INTERSECTION - FIRST EVENT COLLISION 09 - 32 EXCLUDING 16,SINGLE VEHICLE,STRAIGHT & LEVEL,DARK-HWY NOT LIGHTED,,,11/19/2020 8:10:56 AM,False,7449,Accepted,
27461797,0568000,LOUISVILLE METRO POLICE DEPT,Accepted,JEFFERSON,KY2251,,BARDSTOWN,RD,,US0031E,BUECHEL,,,,,38.200232724,-85.662717643,1.136,11/14/2020 12:00:00 AM,0600,2,2,0,0,CLEAR,DRY,False,ANGLE COLLISION - OTHER,ANGLE,STRAIGHT & LEVEL,DUSK,,,11/16/2020 10:25:03 AM,False,5153,Accepted,
27461780,0568000,LOUISVILLE METRO POLICE DEPT,Accepted,JEFFERSON,,1700,HARROD,CT,,,PATTON,,,,,38.223755676,-85.779108121,0.029,11/14/2020 12:00:00 AM,0600,2,2,0,0,CLOUDY,DRY,True,COLLISION WITH PARKED VEHICLE,,STRAIGHT & LEVEL,,,,11/16/2020 10:23:48 AM,False,2469,Accepted,
27470706,0564400,INDIAN HILLS POLICE DEPARTMENT,Accepted,JEFFERSON,US0042,,BROWNSBORO,RD,,,,,HUBBARDS,,MOCCASIN,38.268846039,-85.656347522,4.448,11/14/2020 12:00:00 AM,1920,1,1,0,0,CLOUDY,DRY,False,COLLISION WITH ANIMAL NON INTERSECTION,SINGLE VEHICLE,STRAIGHT & HILLCREST,DARK-HWY NOT LIGHTED,,,11/18/2020 8:32:57 AM,False,4436,Accepted,
27475125,0568000,LOUISVILLE METRO POLICE DEPT,Accepted,JEFFERSON,KY1934,,CANE RUN,RD,,,HARTLAGE,,,,,38.200347905,-85.835925465,9.289,11/14/2020 12:00:00 AM,1949,2,2,1,0,CLOUDY,DRY,False,ANGLE COLLISION - OTHER,ANGLE,STRAIGHT & LEVEL,DARK-HWY LIGHTED/ON,,,11/19/2020 8:09:30 AM,False,7772,Accepted,
27461753,0568000,LOUISVILLE METRO POLICE DEPT,Accepted,JEFFERSON,KY2053,,THIXTON,LN,,,,,CEDAR CREEK,,RISEN,38.080882129,-85.618211695,3.103,11/14/2020 12:00:00 AM,1308,2,2,0,0,CLOUDY,WET,False,SIDESWIPE COLLISION - OPPOSITE DIRECTION,SIDESWIPE-OPPOSITE DIRECTION,CURVE & LEVEL,DAYLIGHT,,,11/16/2020 10:21:55 AM,False,7278,Accepted,
27461754,0568000,LOUISVILLE METRO POLICE DEPT,Accepted,JEFFERSON,,5717,WATTERSON,TRL,S,,,,,,,38.166685740,-85.619904844,0.986,11/14/2020 12:00:00 AM,1538,2,2,0,0,CLEAR,DRY,False,SIDESWIPE COLLISION - OPPOSITE DIRECTION,SIDESWIPE-OPPOSITE DIRECTION,CURVE & LEVEL,DAYLIGHT,,,11/16/2020 10:22:00 AM,False,7739,Accepted,
27461759,0568000,LOUISVILLE METRO POLICE DEPT,Accepted,JEFFERSON,KY1865,4166,TAYLOR,BLVD,,,,,,,,38.180912519,-85.783443392,5.125,11/14/2020 12:00:00 AM,2020,2,2,0,0,RAINING,WET,False,1 VEHICLE ENTERING/LEAVING ENTRANCE,ANGLE,STRAIGHT & LEVEL,DARK-HWY LIGHTED/ON,,,11/16/2020 10:22:29 AM,False,7560,Accepted,
27461760,0568000,LOUISVILLE METRO POLICE DEPT,Accepted,JEFFERSON,I 0264,,I264 E,,,,,,,,,38.188417939,-85.784129728,9.084,11/14/2020 12:00:00 AM,0559,2,1,0,1,CLEAR,DRY,False,COLLISION WITH PEDESTRIAN NON - INTERSECTION,SINGLE VEHICLE,STRAIGHT & HILLCREST,DARK-HWY LIGHTED/ON,,,11/16/2020 10:22:34 AM,False,5183,Accepted,
27461761,0568000,LOUISVILLE METRO POLICE DEPT,Accepted,JEFFERSON,,,HAZELWOOD,AVE,,,,,,,,38.170671029,-85.796637255,0.055,11/14/2020 12:00:00 AM,1956,2,2,0,1,RAINING,WET,False,SIDESWIPE COLLISION - SAME DIRECTION,SIDESWIPE-SAME DIRECTION,CURVE & LEVEL,DARK-HWY LIGHTED/ON,,,11/16/2020 10:22:40 AM,False,7032,Accepted,
27461762,0568000,LOUISVILLE METRO POLICE DEPT,Accepted,JEFFERSON,,,PHILLIPS,LN,,,FREEDOM,,,,,38.193561486,-85.739572606,0.743,11/14/2020 12:00:00 AM,2350,2,2,0,0,CLEAR,DRY,True,ANGLE COLLISION - OTHER,ANGLE,STRAIGHT & LEVEL,DARK-HWY LIGHTED/ON,,,11/16/2020 10:22:45 AM,False,5175,Accepted,
27461767,0568000,LOUISVILLE METRO POLICE DEPT,Accepted,JEFFERSON,,,MCCAWLEY,RD,,KY0061,PRESTON,,,,,38.144765769,-85.690226135,,11/14/2020 12:00:00 AM,2311,1,1,0,0,CLEAR,DRY,True,COLLISION WITH PEDESTRIAN IN INTERSECTION,SINGLE VEHICLE,STRAIGHT & LEVEL,DARK-HWY LIGHTED/ON,,,11/16/2020 10:23:10 AM,False,5040,Accepted,
27461768,0568000,LOUISVILLE METRO POLICE DEPT,Accepted,JEFFERSON,,,COLLINS,CT,W,,2ND,,,,,38.200248012,-85.763392647,0.095,11/14/2020 12:00:00 AM,2210,3,3,0,1,CLOUDY,DRY,False,ANGLE COLLISION - OTHER,ANGLE,STRAIGHT & LEVEL,DUSK,,,11/16/2020 10:23:16 AM,False,7291,Accepted,
27461764,0568000,LOUISVILLE METRO POLICE DEPT,Accepted,JEFFERSON,KY1703,,NEWBURG,RD,,,BISHOP,,,,,38.200715932,-85.685934833,2.097,11/14/2020 12:00:00 AM,2145,2,1,0,1,CLEAR,DRY,False,COLLISION WITH PEDESTRIAN IN INTERSECTION,SINGLE VEHICLE,STRAIGHT & LEVEL,DARK-HWY LIGHTED/ON,,,11/16/2020 10:22:53 AM,False,5024,Accepted,
27461766,0568000,LOUISVILLE METRO POLICE DEPT,Accepted,JEFFERSON,KY0864,,POPLAR LEVEL,RD,,,RANGELAND,,,,,38.167297479,-85.681666974,8.882,11/14/2020 12:00:00 AM,2117,2,2,0,0,CLOUDY,WET,False,SIDESWIPE-SAME DIRECTION,SIDESWIPE-SAME DIRECTION,STRAIGHT & GRADE,DARK-HWY LIGHTED/ON,,,11/16/2020 10:22:58 AM,False,5203,Accepted,
27461789,0568000,LOUISVILLE METRO POLICE DEPT,Accepted,JEFFERSON,,,MANSLICK,RD,,,,,TICONDEROGA,,HERITAGE,38.151830123,-85.790649087,0.075,11/14/2020 12:00:00 AM,1939,1,1,0,0,CLOUDY,DRY,True,COLLISION WITH FIXED OBJECT NON - INTERSECTION - FIRST EVENT COLLISION 09 - 32 EXCLUDING 16,SINGLE VEHICLE,CURVE & GRADE,DARK-HWY LIGHTED/ON,,,11/16/2020 10:24:31 AM,False,2721,Accepted,