IncidentID,AgencyORI,AgencyName,IncidentStatusDesc,County,RdwyNumber,Street,RoadwayName,StreetSfx,StreetDir,IntersectionRdwy,IntersectionRdwyName,BetweenStRdwy1,BetweenStRdwyName1,BetweenStRdwy2,BetweenStRdwyName2,Latitude,Longitude,Milepoint,CollisionDate,CollisionTime,UnitsInvolved,MotorVehiclesInvolved,NumberKilled,NumberInjured,Weather,RdwyConditionCode,HitandRun,DirAnalysisCode,MannerofCollision,RdwyCharacter,LightCondition,RampFromRdwyId,RampToRdwyId,AcceptedDate,IsSecondaryCollision,OwnerBadge,IncidentStatus,
27461749,0568000,LOUISVILLE METRO POLICE DEPT,Accepted,JEFFERSON,US0060,,SHELBYVILLE,RD,,,,KY1747,HURSTBOURNE,,DAVENTRY,38.246344558,-85.576401379,7.880,11/14/2020 12:00:00 AM,1100,2,2,0,0,CLOUDY,DRY,False,OTHER ROADWAY OR MID-BLOCK COLLISION,OPPOSING LEFT TURN,STRAIGHT & LEVEL,DAYLIGHT,,,11/16/2020 10:21:41 AM,False,7337,Accepted,
27461750,0568000,LOUISVILLE METRO POLICE DEPT,Accepted,JEFFERSON,,612,41ST,ST,S,,,,,,,38.255079168,-85.819111238,1.344,11/14/2020 12:00:00 AM,1127,2,2,0,1,CLOUDY,DRY,False,1 VEHICLE ENTERING/LEAVING ENTRANCE,ANGLE,STRAIGHT & GRADE,DAYLIGHT,,,11/16/2020 10:21:45 AM,False,7357,Accepted,
27461756,0568000,LOUISVILLE METRO POLICE DEPT,Accepted,JEFFERSON,,211,ALGER,AVE,,,,,,,,38.166385134,-85.765874634,0.060,11/14/2020 12:00:00 AM,1746,1,1,0,1,CLOUDY,DRY,False,OTHER ROADWAY OR MID-BLOCK COLLISION,SINGLE VEHICLE,STRAIGHT & LEVEL,DARK (UNKNOWN ROADWAY LIGHTING),,,11/16/2020 10:22:12 AM,False,7483,Accepted,
27461757,0568000,LOUISVILLE METRO POLICE DEPT,Accepted,JEFFERSON,KY1865,,TAYLOR,BLVD,,,,,ASHLAND,I 0264,I264 E EXIT9 OFF RAMP TO KY1865 N,38.186482179,-85.783839366,5.538,11/14/2020 12:00:00 AM,1828,2,1,0,1,CLEAR,DRY,False,COLLISION WITH PEDESTRIAN NON - INTERSECTION,SINGLE VEHICLE,STRAIGHT & LEVEL,DARK-HWY LIGHTED/ON,,,11/16/2020 10:22:17 AM,False,5328,Accepted,
27461758,0568000,LOUISVILLE METRO POLICE DEPT,Accepted,JEFFERSON,,,GREENWOOD,RD,,KY1230,CANE RUN,,,,,38.147527355,-85.896215332,,11/14/2020 12:00:00 AM,1933,2,2,0,1,CLOUDY,WET,False,ANGLE COLLISION - OTHER,ANGLE,STRAIGHT & LEVEL,DARK-HWY LIGHTED/OFF,,,11/16/2020 10:22:22 AM,False,5293,Accepted,
27489259,0568000,LOUISVILLE METRO POLICE DEPT,Accepted,JEFFERSON,KY1065,,OUTER,LOOP,,KY1865,NEW CUT,,,,,38.126377236,-85.775784665,1.046,11/14/2020 12:00:00 AM,1645,3,3,0,1,FOG WITH RAIN,WET,False,OTHER INTERSECTION COLLISIONS,REAR END,STRAIGHT & LEVEL,UNKNOWN,,,11/23/2020 10:14:49 AM,False,7080,Accepted,
27488895,0568000,LOUISVILLE METRO POLICE DEPT,Accepted,JEFFERSON,I 0064,,I64 W,,,,,,,,,38.243091640,-85.695331940,8.274,11/13/2020 12:00:00 AM,0031,3,3,0,5,CLOUDY,DRY,False,HEAD-ON COLLISION,HEAD ON,CURVE & LEVEL,DARK-HWY LIGHTED/ON,,,11/23/2020 9:26:22 AM,False,7304,Accepted,
27492997,0568000,LOUISVILLE METRO POLICE DEPT,Accepted,JEFFERSON,,,FEGENBUSH,LN,,,NORBROOK,,,,,38.184189472,-85.638692485,0.246,11/13/2020 12:00:00 AM,1530,2,2,0,0,CLEAR,DRY,True,VEHICLE BACKING IN INTERSECTION,BACKING,STRAIGHT & GRADE,DAYLIGHT,,,11/24/2020 8:14:15 AM,False,5203,Accepted,
27455641,0560400,SHIVELY POLICE DEPARTMENT,Accepted,JEFFERSON,I 0264,,I264 W,,,,,I 0264,I264 W EXIT8A OFF RAMP TO US31W N,I 0264,I264 E EXIT8B OFF RAMP TO US31W S,38.185826217,-85.806378339,7.944,11/13/2020 12:00:00 AM,1739,2,2,0,1,CLEAR,DRY,False,REAR END IN TRAFFIC LANES BOTH VEHICLES MOVING,REAR END,STRAIGHT & LEVEL,DAYLIGHT,,,11/14/2020 8:53:48 AM,False,7124,Accepted,
27461739,0568000,LOUISVILLE METRO POLICE DEPT,Accepted,JEFFERSON,,8713,LAKERIDGE,DR,,,,,,,,38.127137587,-85.819738452,0.938,11/13/2020 12:00:00 AM,2300,2,2,0,0,CLEAR,DRY,False,COLLISION IN PARKING LOT,REAR TO REAR,STRAIGHT & LEVEL,DARK-HWY LIGHTED/ON,,,11/16/2020 10:20:58 AM,False,5136,Accepted,
27461747,0568000,LOUISVILLE METRO POLICE DEPT,Accepted,JEFFERSON,,,INDIAN,TRL,E,,LEAMINGTON SPA,,,,,38.168654987,-85.701279146,0.288,11/13/2020 12:00:00 AM,2132,2,1,0,1,CLEAR,DRY,False,COLLISION WITH BICYCLE IN INTERSECTION,SINGLE VEHICLE,STRAIGHT & LEVEL,DARK-HWY LIGHTED/ON,,,11/16/2020 10:21:33 AM,False,5189,Accepted,
27461748,0568000,LOUISVILLE METRO POLICE DEPT,Accepted,JEFFERSON,US0150,,BROADWAY,,W,,6TH,,,,,38.246340652,-85.761725012,2.172,11/13/2020 12:00:00 AM,0858,2,2,0,3,CLEAR,DRY,False,ANGLE COLLISION - OTHER,ANGLE,STRAIGHT & LEVEL,DAYLIGHT,,,11/16/2020 10:21:37 AM,False,5173,Accepted,
27461746,0568000,LOUISVILLE METRO POLICE DEPT,Accepted,JEFFERSON,,7719,ZENITH,WAY,,,,,,,,38.136125150,-85.646831389,0.158,11/13/2020 12:00:00 AM,2332,4,4,0,1,CLEAR,DRY,False,1 VEHICLE PARKED POSITION (NOT PARKING LOT/DRIVEWAY),HEAD ON,STRAIGHT & LEVEL,DARK-HWY LIGHTED/OFF,,,11/16/2020 10:21:23 AM,False,5138,Accepted,
27462290,0561500,UNIV. OF LOUISVILLE POLICE,Accepted,JEFFERSON,,,CARDINAL,BLVD,W,,4TH,,,,,38.221220499,-85.762905153,0.249,11/13/2020 12:00:00 AM,1549,2,2,0,0,CLEAR,DRY,False,COLLISION IN PARKING LOT,SIDESWIPE-SAME DIRECTION,STRAIGHT & LEVEL,DAYLIGHT,,,11/16/2020 11:32:03 AM,False,5691,Accepted,
27461708,0568000,LOUISVILLE METRO POLICE DEPT,Accepted,JEFFERSON,,402,TENNY,AVE,W,,,,,,,38.177186124,-85.768883506,0.179,11/13/2020 12:00:00 AM,0530,2,2,0,0,CLEAR,DRY,True,1 VEHICLE PARKED POSITION (NOT PARKING LOT/DRIVEWAY),REAR END,STRAIGHT & LEVEL,DARK-HWY LIGHTED/ON,,,11/16/2020 10:18:46 AM,False,7048,Accepted,
27461721,0568000,LOUISVILLE METRO POLICE DEPT,Accepted,JEFFERSON,US0042,,BROWNSBORO,RD,,,MELLWOOD,,,,,38.260127757,-85.716869514,1.022,11/13/2020 12:00:00 AM,1445,2,2,0,0,CLEAR,DRY,False,ANGLE COLLISION - OTHER,ANGLE,STRAIGHT & GRADE,DAYLIGHT,,,11/16/2020 10:19:23 AM,False,7746,Accepted,
27461722,0568000,LOUISVILLE METRO POLICE DEPT,Accepted,JEFFERSON,US0031E,6506,BARDSTOWN,RD,,,,,,,,38.151627337,-85.588088475,5.682,11/13/2020 12:00:00 AM,1600,1,1,0,0,CLEAR,DRY,False,COLLISION WITH FIXED OBJECT NON - INTERSECTION - FIRST EVENT COLLISION 09 - 32 EXCLUDING 16,SINGLE VEHICLE,STRAIGHT & LEVEL,DAYLIGHT,,,11/16/2020 10:19:27 AM,False,7698,Accepted,
27461730,0568000,LOUISVILLE METRO POLICE DEPT,Accepted,JEFFERSON,,,RAGGARD,RD,,KY1934,GREENBELT,,,,,38.174614890,-85.871206924,0.004,11/13/2020 12:00:00 AM,1114,2,2,0,0,CLEAR,DRY,False,ANGLE COLLISION - ONE VEHICLE TURNING LEFT,ANGLE,STRAIGHT & LEVEL,DAYLIGHT,,,11/16/2020 10:20:08 AM,False,7340,Accepted,
27461738,0568000,LOUISVILLE METRO POLICE DEPT,Accepted,JEFFERSON,KY1703,,NEWBURG,RD,,,BISHOP,,,,,38.200806617,-85.685892111,2.140,11/13/2020 12:00:00 AM,2155,2,2,0,1,CLEAR,DRY,False,OTHER INTERSECTION COLLISIONS,REAR END,STRAIGHT & LEVEL,DARK-HWY LIGHTED/ON,,,11/16/2020 10:20:53 AM,False,5203,Accepted,
27461716,0568000,LOUISVILLE METRO POLICE DEPT,Accepted,JEFFERSON,,232,BONNIE,LN,,,,,,,,38.192051355,-85.635453077,0.309,11/13/2020 12:00:00 AM,1029,2,2,0,0,CLEAR,DRY,False,OTHER ROADWAY OR MID-BLOCK COLLISION,REAR TO REAR,STRAIGHT & LEVEL,DAYLIGHT,,,11/16/2020 10:18:58 AM,False,4693,Accepted,
27461723,0568000,LOUISVILLE METRO POLICE DEPT,Accepted,JEFFERSON,US0031W,,DIXIE,HWY,,,ROSE FARM,,,,,38.146034437,-85.838457576,11.836,11/13/2020 12:00:00 AM,1509,2,2,0,0,CLEAR,DRY,False,ANGLE COLLISION - OTHER,ANGLE,STRAIGHT & LEVEL,DAYLIGHT,,,11/16/2020 10:19:32 AM,False,7339,Accepted,
27461724,0568000,LOUISVILLE METRO POLICE DEPT,Accepted,JEFFERSON,US0031E,,BARDSTOWN,RD,,,EMRICH,,,,,38.167961706,-85.603654592,7.140,11/13/2020 12:00:00 AM,1645,2,2,0,1,CLEAR,DRY,False,ANGLE COLLISION - OTHER,ANGLE,STRAIGHT & LEVEL,DAYLIGHT,,,11/16/2020 10:19:38 AM,False,7486,Accepted,
27461725,0568000,LOUISVILLE METRO POLICE DEPT,Accepted,JEFFERSON,,,GWENDOLYN,ST,,KY0061,JACKSON,,,,,38.233328011,-85.747628946,0.112,11/13/2020 12:00:00 AM,0923,2,2,0,0,CLEAR,DRY,False,COLLISION WITH PARKED VEHICLE,SIDESWIPE-OPPOSITE DIRECTION,STRAIGHT & LEVEL,DAYLIGHT,,,11/16/2020 10:19:44 AM,False,7418,Accepted,
27461731,0568000,LOUISVILLE METRO POLICE DEPT,Accepted,JEFFERSON,KY1934,,GREENBELT,HWY,,,,,,,,38.146765638,-85.886536867,4.459,11/13/2020 12:00:00 AM,1754,2,2,0,1,CLOUDY,DRY,False,1 VEHICLE ENTERING/LEAVING ENTRANCE,ANGLE,STRAIGHT & LEVEL,DARK-HWY LIGHTED/ON,,,11/16/2020 10:20:15 AM,False,7234,Accepted,
27461745,0568000,LOUISVILLE METRO POLICE DEPT,Accepted,JEFFERSON,US0031E,2000BLK,BARDSTOWN,RD,,,PRINCETON,,,,,38.225172489,-85.695244830,13.723,11/13/2020 12:00:00 AM,2353,2,2,0,0,CLEAR,DRY,True,SIDESWIPE-SAME DIRECTION,SIDESWIPE-SAME DIRECTION,STRAIGHT & LEVEL,DARK-HWY LIGHTED/ON,,,11/16/2020 10:21:14 AM,False,5274,Accepted,
27461795,0568000,LOUISVILLE METRO POLICE DEPT,Accepted,JEFFERSON,,,FEGENBUSH,LN,,,,,,,,38.185949885,-85.638154527,0.090,11/13/2020 12:00:00 AM,1457,3,3,0,1,CLEAR,DRY,False,REAR END IN TRAFFIC LANES BOTH VEHICLES MOVING,REAR END,STRAIGHT & LEVEL,DAYLIGHT,,,11/16/2020 10:24:55 AM,False,5027,Accepted,
27461728,0568000,LOUISVILLE METRO POLICE DEPT,Accepted,JEFFERSON,KY1934,4100B,CANE RUN,RD,,,,,,,,38.203582807,-85.831676547,9.609,11/13/2020 12:00:00 AM,1440,2,2,0,1,CLOUDY,DRY,False,REAR END IN TRAFFIC LANES BOTH VEHICLES MOVING,REAR END,STRAIGHT & LEVEL,DAYLIGHT,,,11/16/2020 10:19:59 AM,False,5000,Accepted,
27461735,0568000,LOUISVILLE METRO POLICE DEPT,Accepted,JEFFERSON,,909,CECIL,AVE,,,,,,,,38.246438325,-85.820980048,0.941,11/13/2020 12:00:00 AM,2353,2,2,0,0,CLEAR,DRY,True,1 VEHICLE PARKED POSITION (NOT PARKING LOT/DRIVEWAY),SIDESWIPE-SAME DIRECTION,STRAIGHT & LEVEL,DARK-HWY LIGHTED/ON,,,11/16/2020 10:20:39 AM,False,7445,Accepted,
27461736,0568000,LOUISVILLE METRO POLICE DEPT,Accepted,JEFFERSON,,,HILL,ST,W,US0031W,22ND,,,,,38.228878395,-85.792932356,1.980,11/13/2020 12:00:00 AM,2344,2,2,0,1,CLEAR,DRY,False,ANGLE COLLISION - OTHER,ANGLE,STRAIGHT & LEVEL,DARK-HWY LIGHTED/ON,,,11/16/2020 10:20:44 AM,False,7481,Accepted,
27461737,0568000,LOUISVILLE METRO POLICE DEPT,Accepted,JEFFERSON,I 0264,,,,,,,,,,,38.189616910,-85.783727234,0.031,11/13/2020 12:00:00 AM,0955,2,2,0,1,CLEAR,DRY,True,OTHER RAMP RELATED COLLISIONS NOT LISTED ABOVE,REAR END,CURVE & HILLCREST,DARK-HWY LIGHTED/ON,KY1865,I 0264,11/16/2020 10:20:49 AM,False,5175,Accepted,
27461717,0568000,LOUISVILLE METRO POLICE DEPT,Accepted,JEFFERSON,US0031E,,BARDSTOWN,RD,,I 0265,I265 E EXIT17 OFF RAMP TO US31E,,,,,38.139669102,-85.582404220,4.777,11/13/2020 12:00:00 AM,1103,2,2,0,0,CLEAR,DRY,False,ANGLE COLLISION - ONE VEHICLE TURNING LEFT,ANGLE,STRAIGHT & LEVEL,DAYLIGHT,,,11/16/2020 10:19:02 AM,False,2017,Accepted,
27461727,0568000,LOUISVILLE METRO POLICE DEPT,Accepted,JEFFERSON,I 0264,,,,,,RIVER PARK,,,,,38.254366622,-85.806379172,0.002,11/13/2020 12:00:00 AM,0826,2,2,0,1,CLEAR,DRY,False,ANGLE COLLISION - OTHER,ANGLE,STRAIGHT & LEVEL,DAYLIGHT,,,11/16/2020 10:19:55 AM,False,5000,Accepted,
27461726,0568000,LOUISVILLE METRO POLICE DEPT,Accepted,JEFFERSON,,,BANK,ST,,,16TH,,,,,38.260884847,-85.775987662,0.564,11/13/2020 12:00:00 AM,1115,2,2,0,0,CLEAR,DRY,False,SIDESWIPE-SAME DIRECTION,SIDESWIPE-SAME DIRECTION,CURVE & LEVEL,DAYLIGHT,,,11/16/2020 10:19:50 AM,False,2128,Accepted,
27497937,0568000,LOUISVILLE METRO POLICE DEPT,Accepted,JEFFERSON,,,TRADE PORT,DR,,KY1934,GREENBELT,,,,,38.125334695,-85.892842981,0.262,11/13/2020 12:00:00 AM,1945,2,2,0,4,CLEAR,DRY,False,ANGLE COLLISION - OTHER,ANGLE,STRAIGHT & LEVEL,DARK-HWY LIGHTED/ON,,,11/25/2020 10:12:58 AM,False,5212,Accepted,
30167525,0568000,LOUISVILLE METRO POLICE DEPT,Accepted,JEFFERSON,KY1865,5411,NEW CUT,RD,,,,,,,,38.143448310,-85.774798235,2.504,11/13/2020 12:00:00 AM,1950,2,1,1,0,CLEAR,DRY,True,COLLISION WITH PEDESTRIAN NON - INTERSECTION,SINGLE VEHICLE,STRAIGHT & LEVEL,DARK-HWY LIGHTED/ON,,,6/10/2022 10:11:27 AM,False,7720,Accepted,
27466055,0568000,LOUISVILLE METRO POLICE DEPT,Accepted,JEFFERSON,KY1065,6308,OUTER,LOOP,,,,,,,,38.138037267,-85.642943256,8.457,11/12/2020 12:00:00 AM,1852,3,3,0,0,CLEAR,DRY,False,OTHER ROADWAY OR MID-BLOCK COLLISION,REAR END,STRAIGHT & LEVEL,DAYLIGHT,,,11/17/2020 8:31:47 AM,False,5107,Accepted,
27492993,0568000,LOUISVILLE METRO POLICE DEPT,Accepted,JEFFERSON,US0031W,15800,DIXIE,HWY,,,,,,,,38.019360196,-85.920203109,1.580,11/12/2020 12:00:00 AM,1817,1,1,1,0,CLEAR,DRY,True,COLLISION WITH FIXED OBJECT NON - INTERSECTION - FIRST EVENT COLLISION 09 - 32 EXCLUDING 16,SINGLE VEHICLE,STRAIGHT & LEVEL,DARK-HWY NOT LIGHTED,,,11/24/2020 8:13:58 AM,False,2217,Accepted,
27488931,0568000,LOUISVILLE METRO POLICE DEPT,Accepted,JEFFERSON,,,CATALPA,ST,,,SOUTHERN,,,,,38.231924179,-85.802318802,0.436,11/12/2020 12:00:00 AM,1429,2,2,0,1,CLEAR,DRY,False,ANGLE COLLISION - OTHER,ANGLE,STRAIGHT & LEVEL,DAYLIGHT,,,11/23/2020 9:28:22 AM,False,2142,Accepted,
27446905,0568000,LOUISVILLE METRO POLICE DEPT,Accepted,JEFFERSON,,,19TH,ST,S,US0031W,MARKET,,,,,38.258051490,-85.781611506,0.092,11/12/2020 12:00:00 AM,0455,2,2,0,0,CLEAR,DRY,False,ANGLE COLLISION - OTHER,ANGLE,STRAIGHT & LEVEL,DARK-HWY LIGHTED/ON,,,11/12/2020 9:23:03 AM,True,7487,Accepted,
27451572,0568000,LOUISVILLE METRO POLICE DEPT,Accepted,JEFFERSON,I 0065,,,,,,,,,,,38.216528575,-85.752497236,0.045,11/12/2020 12:00:00 AM,2100,2,2,0,1,CLEAR,DRY,True,OTHER RAMP RELATED COLLISIONS NOT LISTED ABOVE,SIDESWIPE-SAME DIRECTION,CURVE & LEVEL,DARK-HWY LIGHTED/ON,I 0065,ARTHUR ST,11/13/2020 8:09:32 AM,False,5204,Accepted,
27451556,0568000,LOUISVILLE METRO POLICE DEPT,Accepted,JEFFERSON,US0031E,,BARDSTOWN,RD,,,,,,,,38.205588180,-85.666740965,11.562,11/12/2020 12:00:00 AM,0746,2,2,0,0,CLEAR,DRY,False,1 VEHICLE ENTERING/LEAVING ENTRANCE,ANGLE,STRAIGHT & LEVEL,DAYLIGHT,,,11/13/2020 8:07:46 AM,False,4693,Accepted,
27451557,0568000,LOUISVILLE METRO POLICE DEPT,Accepted,JEFFERSON,KY1747,,FERN VALLEY,RD,,,,,,,,38.157244255,-85.695545907,2.018,11/12/2020 12:00:00 AM,1143,2,2,0,0,CLEAR,DRY,False,1 VEHICLE ENTERING/LEAVING ENTRANCE,ANGLE,STRAIGHT & LEVEL,DAYLIGHT,,,11/13/2020 8:07:50 AM,False,4693,Accepted,
27451558,0568000,LOUISVILLE METRO POLICE DEPT,Accepted,JEFFERSON,,,7TH,ST,S,,JORDAN,,,,,38.225038288,-85.770171840,0.522,11/12/2020 12:00:00 AM,1551,2,2,0,2,CLEAR,DRY,False,OTHER INTERSECTION COLLISIONS,REAR END,STRAIGHT & LEVEL,DAYLIGHT,,,11/13/2020 8:07:56 AM,False,5334,Accepted,
27451559,0568000,LOUISVILLE METRO POLICE DEPT,Accepted,JEFFERSON,US0060,,SHELBYVILLE,RD,,,LAKE FOREST,,,,,38.240536880,-85.493528936,12.580,11/12/2020 12:00:00 AM,1346,2,2,0,0,CLEAR,DRY,False,ANGLE COLLISION - ONE VEHICLE TURNING RIGHT,ANGLE,STRAIGHT & LEVEL,DAYLIGHT,,,11/13/2020 8:08:01 AM,False,7751,Accepted,
27451564,0568000,LOUISVILLE METRO POLICE DEPT,Accepted,JEFFERSON,KY1934,3710,CANE RUN,RD,,KY2051,CAMP GROUND,,,,,38.215457789,-85.817977204,10.719,11/12/2020 12:00:00 AM,1833,1,1,0,0,CLEAR,DRY,False,COLLISION WITH FIXED OBJECT IN INTERSECTION - FIRST EVENT COLLISION 09 - 32,SINGLE VEHICLE,STRAIGHT & LEVEL,DARK-HWY LIGHTED/ON,,,11/13/2020 8:08:30 AM,False,5032,Accepted,
27451565,0568000,LOUISVILLE METRO POLICE DEPT,Accepted,JEFFERSON,,6507,HUNTERS CHASE,LN,,,,,,,,38.164048281,-85.871768946,0.077,11/12/2020 12:00:00 AM,1543,1,1,0,0,CLEAR,DRY,False,COLLISION WITH FIXED OBJECT NON - INTERSECTION - FIRST EVENT COLLISION 09 - 32 EXCLUDING 16,SINGLE VEHICLE,STRAIGHT & LEVEL,DAYLIGHT,,,11/13/2020 8:08:38 AM,False,5329,Accepted,
27451566,0568000,LOUISVILLE METRO POLICE DEPT,Accepted,JEFFERSON,,,2ND,ST,S,,KENWOOD,,,,,38.179303131,-85.764817242,0.723,11/12/2020 12:00:00 AM,1754,2,2,0,1,CLEAR,DRY,False,OTHER INTERSECTION COLLISIONS,REAR END,STRAIGHT & LEVEL,DARK-HWY LIGHTED/ON,,,11/13/2020 8:08:44 AM,False,5299,Accepted,
27451567,0568000,LOUISVILLE METRO POLICE DEPT,Accepted,JEFFERSON,KY1865,5533,NEW CUT,RD,,,,,,,,38.144554342,-85.774240881,2.716,11/12/2020 12:00:00 AM,1624,2,2,0,0,CLOUDY,DRY,False,COLLISION IN PARKING LOT,BACKING,STRAIGHT & LEVEL,DAYLIGHT,,,11/13/2020 8:08:53 AM,False,5316,Accepted,
27451573,0568000,LOUISVILLE METRO POLICE DEPT,Accepted,JEFFERSON,KY2051,,LEES,LN,,KY1934,CANE RUN,,,,,38.183930808,-85.855240854,1.966,11/12/2020 12:00:00 AM,0600,2,2,0,0,CLEAR,DRY,False,OPPOSING LEFT TURN,OPPOSING LEFT TURN,STRAIGHT & LEVEL,DARK-HWY LIGHTED/ON,,,11/13/2020 8:09:37 AM,False,7115,Accepted,
27454031,0560400,SHIVELY POLICE DEPARTMENT,Accepted,JEFFERSON,I 0264,6.2MM,I264 W,,,,,,,,,38.201731849,-85.827249208,5.600,11/12/2020 12:00:00 AM,1143,1,1,0,1,CLEAR,DRY,False,COLLISION WITH FIXED OBJECT NON - INTERSECTION - FIRST EVENT COLLISION 09 - 32 EXCLUDING 16,SINGLE VEHICLE,CURVE & LEVEL,DAYLIGHT,,,11/13/2020 6:22:28 PM,False,7106,Accepted,
27470648,0568000,LOUISVILLE METRO POLICE DEPT,Accepted,JEFFERSON,US0031W,,DIXIE,HWY,,,JOHNSONTOWN,,,,,38.121161087,-85.855723928,9.745,11/12/2020 12:00:00 AM,0920,2,2,0,2,CLEAR,DRY,False,ANGLE COLLISION - OTHER,ANGLE,STRAIGHT & LEVEL,DAYLIGHT,,,11/18/2020 8:08:59 AM,False,7336,Accepted,
27446909,0568000,LOUISVILLE METRO POLICE DEPT,Accepted,JEFFERSON,,,BUECHEL BANK,RD,,,PROGRESS,,,,,38.178142538,-85.652006627,1.166,11/12/2020 12:00:00 AM,0600,2,2,0,1,CLEAR,DRY,False,ANGLE COLLISION - OTHER,ANGLE,STRAIGHT & LEVEL,DARK-HWY LIGHTED/ON,,,11/12/2020 9:23:11 AM,False,5178,Accepted,
27461714,0568000,LOUISVILLE METRO POLICE DEPT,Accepted,JEFFERSON,,,GRADE,LN,,,,,,,,38.151051003,-85.734990241,2.591,11/12/2020 12:00:00 AM,1434,2,2,0,1,CLEAR,DRY,False,REAR END IN TRAFFIC LANES BOTH VEHICLES MOVING,REAR END,STRAIGHT & LEVEL,DAYLIGHT,,,11/16/2020 10:18:54 AM,False,4693,Accepted,
27451552,0568000,LOUISVILLE METRO POLICE DEPT,Accepted,JEFFERSON,,,4TH,ST,S,US0060A,WINKLER,,,,,38.210378831,-85.764664325,3.220,11/12/2020 12:00:00 AM,1152,2,2,0,1,CLEAR,DRY,True,REAR END - ONE VEHICLE TURNING LEFT,REAR END,STRAIGHT & LEVEL,DAYLIGHT,,,11/13/2020 8:07:21 AM,False,2499,Accepted,
27451554,0568000,LOUISVILLE METRO POLICE DEPT,Accepted,JEFFERSON,US0150,,BROADWAY,,E,KY0061,JACKSON,,,,,38.245140978,-85.745587706,3.074,11/12/2020 12:00:00 AM,1202,2,2,0,0,CLEAR,DRY,False,ANGLE COLLISION - OTHER,ANGLE,STRAIGHT & LEVEL,DAYLIGHT,,,11/13/2020 8:07:28 AM,False,7266,Accepted,
27451555,0568000,LOUISVILLE METRO POLICE DEPT,Accepted,JEFFERSON,US0031E,,MARKET,ST,E,,CAMPBELL,,,,,38.252990367,-85.736043575,16.823,11/12/2020 12:00:00 AM,1242,2,2,0,0,CLEAR,DRY,False,ANGLE COLLISION - OTHER,ANGLE,STRAIGHT & LEVEL,DAYLIGHT,,,11/13/2020 8:07:40 AM,False,5320,Accepted,
27451560,0568000,LOUISVILLE METRO POLICE DEPT,Accepted,JEFFERSON,KY2054,,ALGONQUIN,PKWY,,,DIXIE,,,,,38.223162210,-85.792504219,1.640,11/12/2020 12:00:00 AM,1600,2,2,0,0,CLEAR,DRY,True,OTHER INTERSECTION COLLISIONS,REAR END,STRAIGHT & LEVEL,DAYLIGHT,,,11/13/2020 8:08:06 AM,False,5327,Accepted,
27451561,0568000,LOUISVILLE METRO POLICE DEPT,Accepted,JEFFERSON,KY0864,,BEULAH CHURCH,RD,,,,KY0864,FEGENBUSH,,DELCOUR,38.137564785,-85.613447239,4.245,11/12/2020 12:00:00 AM,1651,3,3,0,0,CLEAR,DRY,False,OTHER ROADWAY OR MID-BLOCK COLLISION,REAR END,STRAIGHT & LEVEL,DAYLIGHT,,,11/13/2020 8:08:12 AM,False,6937,Accepted,
27451562,0568000,LOUISVILLE METRO POLICE DEPT,Accepted,JEFFERSON,KY0155,,TAYLORSVILLE,RD,,,LOWE,,,,,38.218975147,-85.606805603,12.301,11/12/2020 12:00:00 AM,1547,2,2,0,1,CLEAR,DRY,False,ANGLE COLLISION - ONE VEHICLE TURNING RIGHT,ANGLE,STRAIGHT & LEVEL,DAYLIGHT,,,11/13/2020 8:08:17 AM,False,5247,Accepted,
27451563,0568000,LOUISVILLE METRO POLICE DEPT,Accepted,JEFFERSON,KY1747,2001,HURSTBOURNE,PKWY,S,,,,,,,38.216406031,-85.589916591,11.112,11/12/2020 12:00:00 AM,1704,2,2,0,1,CLEAR,DRY,False,1 VEHICLE ENTERING/LEAVING ENTRANCE,ANGLE,STRAIGHT & LEVEL,DAYLIGHT,,,11/13/2020 8:08:23 AM,False,5247,Accepted,
27451569,0568000,LOUISVILLE METRO POLICE DEPT,Accepted,JEFFERSON,,1103,DIXIE,HWY,,,,,,,,38.240125887,-85.785659216,0.635,11/11/2020 12:00:00 AM,1746,1,1,0,0,CLEAR,DRY,False,COLLISION WITH FIXED OBJECT NON - INTERSECTION - FIRST EVENT COLLISION 09 - 32 EXCLUDING 16,SINGLE VEHICLE,STRAIGHT & LEVEL,DAYLIGHT,,,11/13/2020 8:09:00 AM,False,7387,Accepted,