IncidentID,AgencyORI,AgencyName,IncidentStatusDesc,County,RdwyNumber,Street,RoadwayName,StreetSfx,StreetDir,IntersectionRdwy,IntersectionRdwyName,BetweenStRdwy1,BetweenStRdwyName1,BetweenStRdwy2,BetweenStRdwyName2,Latitude,Longitude,Milepoint,CollisionDate,CollisionTime,UnitsInvolved,MotorVehiclesInvolved,NumberKilled,NumberInjured,Weather,RdwyConditionCode,HitandRun,DirAnalysisCode,MannerofCollision,RdwyCharacter,LightCondition,RampFromRdwyId,RampToRdwyId,AcceptedDate,IsSecondaryCollision,OwnerBadge,IncidentStatus,
27446906,0568000,LOUISVILLE METRO POLICE DEPT,Accepted,JEFFERSON,KY1020,,SOUTHSIDE,DR,,,KINGSTON,,,,,38.172796194,-85.764680806,7.087,11/11/2020 12:00:00 AM,2317,2,2,0,0,CLEAR,DRY,True,ANGLE COLLISION - OTHER,ANGLE,STRAIGHT & LEVEL,DARK-HWY LIGHTED/ON,,,11/12/2020 9:23:06 AM,False,5245,Accepted,
27451547,0568000,LOUISVILLE METRO POLICE DEPT,Accepted,JEFFERSON,,,SPRINGHURST,BLVD,,,FISCHER PARK,,,,,38.296606032,-85.560094208,0.212,11/11/2020 12:00:00 AM,1135,2,2,0,0,CLOUDY,DRY,False,ANGLE COLLISION - OTHER,ANGLE,STRAIGHT & HILLCREST,DAYLIGHT,,,11/13/2020 8:06:59 AM,False,7751,Accepted,
27442753,0568000,LOUISVILLE METRO POLICE DEPT,Accepted,JEFFERSON,KY0061,,PRESTON,HWY,,,ROSEMARY,,,,,38.203845515,-85.735599414,9.276,11/11/2020 12:00:00 AM,0010,2,2,0,0,RAINING,WET,False,ANGLE COLLISION - ONE VEHICLE TURNING LEFT,ANGLE,STRAIGHT & GRADE,DARK-HWY LIGHTED/OFF,,,11/11/2020 8:33:49 AM,False,5203,Accepted,
27461732,0568000,LOUISVILLE METRO POLICE DEPT,Accepted,JEFFERSON,KY3064,3309,NORTHWESTERN,PKWY,,,,,,,,38.274923833,-85.801713634,1.143,11/11/2020 12:00:00 AM,0004,4,4,0,0,RAINING,WET,True,1 VEHICLE PARKED POSITION (NOT PARKING LOT/DRIVEWAY),REAR END,,DARK-HWY NOT LIGHTED,,,11/16/2020 10:20:23 AM,True,5331,Accepted,
27442756,0568000,LOUISVILLE METRO POLICE DEPT,Accepted,JEFFERSON,,2400,4TH,ST,S,,,,,,,38.213358913,-85.764119951,3.012,11/11/2020 12:00:00 AM,0120,2,2,0,0,RAINING,WET,False,1 VEHICLE ENTERING/LEAVING ENTRANCE,ANGLE,STRAIGHT & HILLCREST,DARK-HWY LIGHTED/ON,,,11/11/2020 8:33:59 AM,False,5175,Accepted,
27442761,0568000,LOUISVILLE METRO POLICE DEPT,Accepted,JEFFERSON,KY2860,,GRINSTEAD,DR,,,,,GLENMARY,,RAY,38.243358006,-85.708537691,0.788,11/11/2020 12:00:00 AM,0636,1,1,0,0,CLOUDY,WET,False,COLLISION WITH FIXED OBJECT NON - INTERSECTION - FIRST EVENT COLLISION 09 - 32 EXCLUDING 16,SINGLE VEHICLE,CURVE & GRADE,DARK-HWY LIGHTED/ON,,,11/11/2020 8:34:13 AM,False,7426,Accepted,
27446867,0568000,LOUISVILLE METRO POLICE DEPT,Accepted,JEFFERSON,,,MUHAMMAD ALI,BLVD,W,,,,30TH,,32ND,38.256132775,-85.802618825,2.752,11/11/2020 12:00:00 AM,0826,1,1,0,0,CLOUDY,DRY,False,OTHER ROADWAY OR MID-BLOCK COLLISION,SINGLE VEHICLE,STRAIGHT & LEVEL,DAYLIGHT,,,11/12/2020 9:20:37 AM,False,7463,Accepted,
27446874,0568000,LOUISVILLE METRO POLICE DEPT,Accepted,JEFFERSON,KY1934,,CANE RUN,RD,,KY2049,CRUMS,,,,,38.199241696,-85.837377759,9.188,11/11/2020 12:00:00 AM,1334,1,1,0,1,CLEAR,DRY,False,COLLISION WITH FIXED OBJECT IN INTERSECTION - FIRST EVENT COLLISION 09 - 32,SINGLE VEHICLE,STRAIGHT & LEVEL,DAYLIGHT,,,11/12/2020 9:21:11 AM,False,7467,Accepted,
27446875,0568000,LOUISVILLE METRO POLICE DEPT,Accepted,JEFFERSON,KY1747,,FERN VALLEY,RD,,,,,,,,38.156929317,-85.671508033,3.335,11/11/2020 12:00:00 AM,0831,2,2,0,1,CLOUDY,DRY,False,REAR END IN TRAFFIC LANES BOTH VEHICLES MOVING,REAR END,STRAIGHT & LEVEL,DAYLIGHT,,,11/12/2020 9:21:18 AM,False,4693,Accepted,
27442759,0568000,LOUISVILLE METRO POLICE DEPT,Accepted,JEFFERSON,I 0265,,,,,,,,,,,38.306862837,-85.566793078,0.038,11/11/2020 12:00:00 AM,0040,1,1,0,0,RAINING,WET,False,OTHER RAMP RELATED COLLISIONS NOT LISTED ABOVE,SINGLE VEHICLE,STRAIGHT & LEVEL,DARK-HWY LIGHTED/ON,I 0265,KY0022,11/11/2020 8:34:06 AM,False,5307,Accepted,
27442760,0568000,LOUISVILLE METRO POLICE DEPT,Accepted,JEFFERSON,KY1865,,TAYLOR,BLVD,,,,,,,,38.179621215,-85.783250073,5.028,11/11/2020 12:00:00 AM,0530,2,2,0,0,RAINING,WET,True,1 VEHICLE ENTERING/LEAVING ENTRANCE,ANGLE,STRAIGHT & LEVEL,DARK-HWY LIGHTED/ON,,,11/11/2020 8:34:09 AM,False,7560,Accepted,
27446885,0568000,LOUISVILLE METRO POLICE DEPT,Accepted,JEFFERSON,KY2054,,ALGONQUIN,PKWY,,,DE SOTO,,,,,38.222906579,-85.788830794,1.839,11/11/2020 12:00:00 AM,1610,2,2,0,0,CLEAR,DRY,False,REAR END - ONE VEHICLE TURNING RIGHT,REAR END,STRAIGHT & GRADE,DAYLIGHT,,,11/12/2020 9:21:59 AM,False,5327,Accepted,
27446876,0568000,LOUISVILLE METRO POLICE DEPT,Accepted,JEFFERSON,KY0864,,POPLAR LEVEL,RD,,,JEFFERSON,,,,,38.160150756,-85.671330929,8.052,11/11/2020 12:00:00 AM,1203,2,2,0,2,CLOUDY,DRY,False,OPPOSING LEFT TURN,OPPOSING LEFT TURN,STRAIGHT & LEVEL,DAYLIGHT,,,11/12/2020 9:21:23 AM,False,4693,Accepted,
27446882,0568000,LOUISVILLE METRO POLICE DEPT,Accepted,JEFFERSON,KY0061,4700,PRESTON,HWY,,,,,,,,38.178293951,-85.716517290,7.199,11/11/2020 12:00:00 AM,1638,2,2,0,0,CLEAR,DRY,False,REAR END IN TRAFFIC LANES BOTH VEHICLES MOVING,REAR END,STRAIGHT & LEVEL,DAYLIGHT,,,11/12/2020 9:21:48 AM,False,7898,Accepted,
27446891,0568000,LOUISVILLE METRO POLICE DEPT,Accepted,JEFFERSON,,452,38TH,ST,S,,,,,,,38.257762715,-85.812112731,0.379,11/11/2020 12:00:00 AM,1345,2,2,0,0,CLEAR,DRY,True,1 VEHICLE PARKED POSITION (NOT PARKING LOT/DRIVEWAY),SIDESWIPE-OPPOSITE DIRECTION,STRAIGHT & LEVEL,DAYLIGHT,,,11/12/2020 9:22:25 AM,False,7469,Accepted,
27446900,0568000,LOUISVILLE METRO POLICE DEPT,Accepted,JEFFERSON,KY1065,,OUTER,LOOP,,,MINOR,,,,,38.136249295,-85.697099073,5.470,11/11/2020 12:00:00 AM,1905,3,3,0,1,CLEAR,DRY,False,OTHER INTERSECTION COLLISIONS,REAR END,STRAIGHT & LEVEL,DARK-HWY LIGHTED/ON,,,11/12/2020 9:22:54 AM,False,5270,Accepted,
27446870,0568000,LOUISVILLE METRO POLICE DEPT,Accepted,JEFFERSON,,,CHESTNUT,ST,W,US0031W,22ND,,,,,38.252243145,-85.787675140,0.728,11/11/2020 12:00:00 AM,1128,2,2,0,0,CLEAR,DRY,False,ANGLE COLLISION - OTHER,ANGLE,STRAIGHT & LEVEL,DAYLIGHT,,,11/12/2020 9:20:49 AM,False,7220,Accepted,
27446878,0568000,LOUISVILLE METRO POLICE DEPT,Accepted,JEFFERSON,,,7TH,ST,S,,MAGNOLIA,,,,,38.229661931,-85.767532691,0.873,11/11/2020 12:00:00 AM,1342,2,2,0,0,CLEAR,DRY,True,HEAD-ON COLLISION,HEAD ON,STRAIGHT & GRADE,DAYLIGHT,,,11/12/2020 9:21:28 AM,False,5334,Accepted,
27446879,0568000,LOUISVILLE METRO POLICE DEPT,Accepted,JEFFERSON,,,ST CATHERINE,ST,E,,HANCOCK,,,,,38.235162021,-85.745330871,0.754,11/11/2020 12:00:00 AM,1441,2,2,0,1,CLEAR,DRY,True,ANGLE COLLISION - OTHER,ANGLE,STRAIGHT & LEVEL,DAYLIGHT,,,11/12/2020 9:21:33 AM,False,7400,Accepted,
27446880,0568000,LOUISVILLE METRO POLICE DEPT,Accepted,JEFFERSON,,6101,CROCKETT,DR,,,,,,,,38.167944794,-85.873210554,0.039,11/11/2020 12:00:00 AM,1444,2,2,0,0,CLEAR,DRY,False,1 VEHICLE PARKED POSITION (NOT PARKING LOT/DRIVEWAY),SIDESWIPE-SAME DIRECTION,STRAIGHT & LEVEL,DAYLIGHT,,,11/12/2020 9:21:38 AM,False,7424,Accepted,
27443474,0566700,MIDDLETOWN POLICE DEPARTMENT,Accepted,JEFFERSON,,,ENGLISH STATION,RD,S,,ENGLISH VILLA,,,,,38.239407490,-85.494387996,0.095,11/11/2020 12:00:00 AM,0813,2,2,0,0,CLOUDY,WET,False,ANGLE COLLISION - OTHER,ANGLE,STRAIGHT & LEVEL,DAYLIGHT,,,11/11/2020 12:54:47 PM,False,2002,Accepted,
27446889,0568000,LOUISVILLE METRO POLICE DEPT,Accepted,JEFFERSON,KY0864,,FEGENBUSH,LN,,,,,OLD FEGENBUSH,,OLD FEGENBUSH,38.152143802,-85.630890899,5.717,11/11/2020 12:00:00 AM,1621,3,3,0,3,CLEAR,DRY,True,OTHER ROADWAY OR MID-BLOCK COLLISION,REAR END,STRAIGHT & LEVEL,DAYLIGHT,,,11/12/2020 9:22:20 AM,False,6937,Accepted,
27446902,0568000,LOUISVILLE METRO POLICE DEPT,Accepted,JEFFERSON,KY1447,,WESTPORT,RD,,,MURPHY,,,,,38.302029525,-85.532605122,7.558,11/11/2020 12:00:00 AM,1955,4,4,0,0,CLEAR,DRY,False,COLLISION WITH PARKED VEHICLE,ANGLE,STRAIGHT & LEVEL,DUSK,,,11/12/2020 9:22:58 AM,False,7159,Accepted,
27446911,0568000,LOUISVILLE METRO POLICE DEPT,Accepted,JEFFERSON,,,18TH,ST,S,US0031W,MARKET,,,,,38.257804101,-85.779945369,0.096,11/11/2020 12:00:00 AM,1635,2,2,0,1,CLEAR,DRY,False,ANGLE COLLISION - OTHER,ANGLE,STRAIGHT & LEVEL,DAYLIGHT,,,11/12/2020 9:23:14 AM,False,7220,Accepted,
27451550,0568000,LOUISVILLE METRO POLICE DEPT,Accepted,JEFFERSON,I 0071,,I71 N,,,,,,,,,38.263383957,-85.717438342,0.400,11/11/2020 12:00:00 AM,0738,2,2,0,0,CLEAR,WET,False,SIDESWIPE COLLISION - SAME DIRECTION,SIDESWIPE-SAME DIRECTION,STRAIGHT & LEVEL,DAYLIGHT,,,11/13/2020 8:07:04 AM,False,7632,Accepted,
27461711,0568000,LOUISVILLE METRO POLICE DEPT,Accepted,JEFFERSON,KY0864,,POPLAR LEVEL,RD,,,NIGHTINGALE,,,,,38.210234884,-85.716977301,12.472,11/11/2020 12:00:00 AM,2334,2,1,1,0,CLEAR,DRY,True,OTHER INTERSECTION COLLISIONS,SINGLE VEHICLE,STRAIGHT & LEVEL,DARK-HWY LIGHTED/ON,,,11/16/2020 10:18:51 AM,False,7578,Accepted,
27466070,0568000,LOUISVILLE METRO POLICE DEPT,Accepted,JEFFERSON,,,MONTANA,AVE,,,CENTRAL,,,,,38.207274570,-85.777031341,0.707,11/11/2020 12:00:00 AM,2037,2,2,0,1,CLEAR,DRY,True,ANGLE COLLISION - OTHER,ANGLE,STRAIGHT & LEVEL,DARK-HWY LIGHTED/ON,,,11/17/2020 8:33:01 AM,False,5139,Accepted,
27446896,0568000,LOUISVILLE METRO POLICE DEPT,Accepted,JEFFERSON,US0031,,CLARK MEMORIAL,BRG,,,,,,,,38.263270834,-85.751816800,0.492,11/11/2020 12:00:00 AM,1759,3,3,0,0,CLEAR,DRY,False,REAR END IN TRAFFIC LANES BOTH VEHICLES MOVING,REAR END,STRAIGHT & LEVEL,DARK-HWY NOT LIGHTED,,,11/12/2020 9:22:45 AM,False,7937,Accepted,
27446886,0568000,LOUISVILLE METRO POLICE DEPT,Accepted,JEFFERSON,,,4TH,ST,S,,MONTANA,,,,,38.211645097,-85.764426455,3.132,11/11/2020 12:00:00 AM,1726,2,2,0,0,CLEAR,DRY,False,ANGLE COLLISION - OTHER,ANGLE,STRAIGHT & LEVEL,DUSK,,,11/12/2020 9:22:03 AM,False,2499,Accepted,
27446887,0568000,LOUISVILLE METRO POLICE DEPT,Accepted,JEFFERSON,KY2845,,MANSLICK,RD,E,KY0061,PRESTON,,,,,38.118067716,-85.677206276,0.002,11/11/2020 12:00:00 AM,1628,2,2,0,0,CLEAR,DRY,False,HEAD-ON COLLISION,HEAD ON,STRAIGHT & LEVEL,DAYLIGHT,,,11/12/2020 9:22:12 AM,False,5336,Accepted,
27446894,0568000,LOUISVILLE METRO POLICE DEPT,Accepted,JEFFERSON,,3400,MUHAMMAD ALI,BLVD,W,,,,,,,38.256716050,-85.807729874,3.033,11/11/2020 12:00:00 AM,1555,2,1,0,1,CLEAR,DRY,False,COLLISION WITH PEDESTRIAN NON - INTERSECTION,SINGLE VEHICLE,CURVE & LEVEL,DAYLIGHT,,,11/12/2020 9:22:40 AM,False,7469,Accepted,
27466032,0568000,LOUISVILLE METRO POLICE DEPT,Accepted,JEFFERSON,I 0064,,I64 E,,,,,,,,,38.260072288,-85.725193722,6.404,11/11/2020 12:00:00 AM,1559,2,2,0,0,CLEAR,DRY,False,REAR END IN TRAFFIC LANES BOTH VEHICLES MOVING,REAR END,CURVE & GRADE,DAYLIGHT,,,11/17/2020 8:30:05 AM,False,8278,Accepted,
27461734,0568000,LOUISVILLE METRO POLICE DEPT,Accepted,JEFFERSON,KY1934,,CANE RUN,RD,,,TERRY,,,,,38.178177250,-85.861902783,7.182,11/11/2020 12:00:00 AM,1826,3,3,1,0,CLEAR,DRY,False,ANGLE COLLISION - OTHER,ANGLE,STRAIGHT & LEVEL,DARK-HWY LIGHTED/ON,,,11/16/2020 10:20:33 AM,False,6886,Accepted,
27461938,0568000,LOUISVILLE METRO POLICE DEPT,Accepted,JEFFERSON,,,OAK,ST,E,,OAK,,,,,38.234410931,-85.753658734,0.090,11/11/2020 12:00:00 AM,1727,2,1,0,1,CLEAR,DRY,False,OTHER INTERSECTION COLLISIONS,REAR END,STRAIGHT & LEVEL,DAYLIGHT,,,11/16/2020 10:48:27 AM,False,7400,Accepted,
27461810,0568000,LOUISVILLE METRO POLICE DEPT,Accepted,JEFFERSON,KY2251,,BARDSTOWN,RD,,,BUECHEL BANK,,,,,38.192384221,-85.647550554,0.227,11/11/2020 12:00:00 AM,1557,2,2,0,1,CLEAR,DRY,False,OPPOSING LEFT TURN,OPPOSING LEFT TURN,CURVE & LEVEL,DAYLIGHT,,,11/16/2020 10:25:48 AM,False,5001,Accepted,
27466063,0568000,LOUISVILLE METRO POLICE DEPT,Accepted,JEFFERSON,KY1934,,GREENBELT,HWY,,,BETHANY,,,,,38.104186904,-85.893139681,1.451,11/11/2020 12:00:00 AM,2203,2,2,0,2,CLEAR,DRY,False,ANGLE COLLISION - OTHER,ANGLE,STRAIGHT & LEVEL,DARK-HWY LIGHTED/ON,,,11/17/2020 8:32:27 AM,False,6886,Accepted,
27475123,0568000,LOUISVILLE METRO POLICE DEPT,Accepted,JEFFERSON,KY1020,,NATIONAL,TPKE,,,TOLLS,,,,,38.135765782,-85.752411808,4.290,11/11/2020 12:00:00 AM,0124,2,1,0,1,CLEAR,DRY,False,COLLISION WITH BICYCLE IN INTERSECTION,SINGLE VEHICLE,STRAIGHT & LEVEL,DARK-HWY NOT LIGHTED,,,11/19/2020 8:09:18 AM,False,7772,Accepted,
27479432,0568000,LOUISVILLE METRO POLICE DEPT,Accepted,JEFFERSON,US0031E,,US31E CROSSOVER,,,,,,,,,38.211141759,-85.671329558,0.011,11/11/2020 12:00:00 AM,0246,1,1,0,0,RAINING,WET,False,OTHER COLLISIONS ON SHOULDER,SINGLE VEHICLE,CURVE & LEVEL,DARK-HWY LIGHTED/ON,,,11/20/2020 8:10:49 AM,False,7692,Accepted,
27511160,0568000,LOUISVILLE METRO POLICE DEPT,Accepted,JEFFERSON,KY1065,,OUTER,LOOP,,,SMYRNA,,,,,38.137951795,-85.641900185,8.515,11/11/2020 12:00:00 AM,1817,4,4,0,0,CLEAR,DRY,False,OTHER INTERSECTION COLLISIONS,REAR END,STRAIGHT & LEVEL,DUSK,,,11/30/2020 8:32:49 AM,False,7812,Accepted,
27554342,0568000,LOUISVILLE METRO POLICE DEPT,Accepted,JEFFERSON,I 0264,,I264 W,,,,,,,,,38.200595887,-85.697430504,14.038,11/11/2020 12:00:00 AM,1638,2,2,0,0,CLEAR,DRY,False,REAR END IN TRAFFIC LANES BOTH VEHICLES MOVING,REAR END,STRAIGHT & GRADE,DAYLIGHT,,,12/11/2020 8:08:00 AM,False,5334,Accepted,
27596685,0568000,LOUISVILLE METRO POLICE DEPT,Accepted,JEFFERSON,KY1020,,NATIONAL,TPKE,,,TOLLS,,,,,38.135765782,-85.752411808,4.290,11/11/2020 12:00:00 AM,0124,2,1,1,0,CLEAR,DRY,True,COLLISION WITH PEDESTRIAN IN INTERSECTION,SINGLE VEHICLE,STRAIGHT & LEVEL,DARK-HWY NOT LIGHTED,,,12/23/2020 7:58:47 AM,False,7772,Accepted,
27795955,0568000,LOUISVILLE METRO POLICE DEPT,Accepted,JEFFERSON,I 0065,,I65 N,,,,,,,,,38.208297388,-85.752023981,132.626,11/11/2020 12:00:00 AM,2100,1,1,0,0,RAINING,WET,False,COLLISION WITH FIXED OBJECT NON - INTERSECTION - FIRST EVENT COLLISION 09 - 32 EXCLUDING 16,SINGLE VEHICLE,CURVE & LEVEL,DARK-HWY LIGHTED/ON,,,2/19/2021 3:22:31 PM,False,7040,Accepted,
27537250,0568000,LOUISVILLE METRO POLICE DEPT,Accepted,JEFFERSON,KY0061,,PRESTON,HWY,,KY1065,OUTER,,,,,38.138530344,-85.686892068,3.934,11/10/2020 12:00:00 AM,1605,2,2,0,0,CLEAR,DRY,False,OTHER INTERSECTION COLLISIONS,REAR END,STRAIGHT & LEVEL,DAYLIGHT,,,12/7/2020 10:34:35 AM,False,7269,Accepted,
27475233,0566400,HURSTBOURNE ACRES PD,Accepted,JEFFERSON,KY1747,1850,HURSTBOURNE,PKWY,S,,,,,,,38.219832985,-85.582525478,11.570,11/10/2020 12:00:00 AM,1635,3,3,0,0,CLEAR,DRY,True,COLLISION IN PARKING LOT,REAR END,STRAIGHT & LEVEL,DAYLIGHT,,,11/19/2020 8:58:17 AM,False,9205,Accepted,
27461720,0568000,LOUISVILLE METRO POLICE DEPT,Accepted,JEFFERSON,I 0264,,I264 E,,,,,I 0264,I264 E EXIT15 OFF RAMP TO KY1703,I 0264,I264 E EXIT15 OFF RAMP TO KY1703,38.201009286,-85.693748570,14.233,11/10/2020 12:00:00 AM,1125,2,2,0,0,CLEAR,DRY,False,SIDESWIPE COLLISION - SAME DIRECTION,SIDESWIPE-SAME DIRECTION,STRAIGHT & LEVEL,DAYLIGHT,,,11/16/2020 10:19:17 AM,False,2738,Accepted,
27475126,0568000,LOUISVILLE METRO POLICE DEPT,Accepted,JEFFERSON,I 0264,,I264 E,,,,,,,,,38.190090720,-85.757602612,10.548,11/10/2020 12:00:00 AM,1703,2,2,0,2,CLEAR,DRY,False,REAR END IN TRAFFIC LANES BOTH VEHICLES MOVING,REAR END,STRAIGHT & GRADE,DUSK,,,11/19/2020 8:09:35 AM,False,8278,Accepted,
27442740,0568000,LOUISVILLE METRO POLICE DEPT,Accepted,JEFFERSON,KY0146,,NEW LA GRANGE,RD,,US0060,SHELBYVILLE,,,,,38.249664470,-85.615151926,0.011,11/10/2020 12:00:00 AM,1350,2,2,0,0,CLEAR,DRY,False,SIDESWIPE-SAME DIRECTION,SIDESWIPE-SAME DIRECTION,STRAIGHT & LEVEL,DAYLIGHT,,,11/11/2020 8:33:03 AM,False,6406,Accepted,
27442741,0568000,LOUISVILLE METRO POLICE DEPT,Accepted,JEFFERSON,KY1865,,NEW CUT,RD,,KY0907,3RD ST,,,,,38.146037134,-85.775160821,2.684,11/10/2020 12:00:00 AM,1005,2,2,0,0,CLEAR,DRY,False,SIDESWIPE-SAME DIRECTION,SIDESWIPE-SAME DIRECTION,STRAIGHT & LEVEL,DAYLIGHT,,,11/11/2020 8:33:08 AM,False,7483,Accepted,
27442742,0568000,LOUISVILLE METRO POLICE DEPT,Accepted,JEFFERSON,,,MARKET,ST,W,,32ND,,,,,38.260687593,-85.804480120,0.980,11/10/2020 12:00:00 AM,1355,2,2,0,0,CLEAR,DRY,False,SIDESWIPE-SAME DIRECTION,SIDESWIPE-SAME DIRECTION,STRAIGHT & LEVEL,DAYLIGHT,,,11/11/2020 8:33:12 AM,False,5124,Accepted,
27442749,0568000,LOUISVILLE METRO POLICE DEPT,Accepted,JEFFERSON,US0031W,,DIXIE,HWY,,KY1931,GREENWOOD,,,,,38.143545563,-85.839470275,11.677,11/10/2020 12:00:00 AM,2206,2,2,0,0,RAINING,WET,True,OTHER INTERSECTION COLLISIONS,REAR END,STRAIGHT & LEVEL,DARK-HWY LIGHTED/ON,,,11/11/2020 8:33:37 AM,False,5212,Accepted,
27442750,0568000,LOUISVILLE METRO POLICE DEPT,Accepted,JEFFERSON,KY0061,1630,ARTHUR,ST,,,,,,,,38.223019700,-85.751374322,11.301,11/10/2020 12:00:00 AM,2328,2,2,0,0,RAINING,WET,False,COLLISION IN PARKING LOT,SIDESWIPE-SAME DIRECTION,STRAIGHT & LEVEL,DARK-HWY LIGHTED/ON,,,11/11/2020 8:33:40 AM,False,7946,Accepted,
27442751,0568000,LOUISVILLE METRO POLICE DEPT,Accepted,JEFFERSON,I 0064,,I64 E,,,,,,,,,38.257859320,-85.742151593,5.393,11/10/2020 12:00:00 AM,0643,2,1,0,1,CLEAR,DRY,False,COLLISION WITH PEDESTRIAN NON - INTERSECTION,SINGLE VEHICLE,CURVE & LEVEL,DAYLIGHT,,,11/11/2020 8:33:43 AM,False,5271,Accepted,
27442757,0568000,LOUISVILLE METRO POLICE DEPT,Accepted,JEFFERSON,US0031E,,BAXTER,AVE,,,LEXINGTON,,,,,38.248539229,-85.730734250,16.296,11/10/2020 12:00:00 AM,0644,2,2,0,1,CLEAR,DRY,False,ANGLE COLLISION - OTHER,ANGLE,STRAIGHT & LEVEL,DAYLIGHT,,,11/11/2020 8:34:03 AM,False,7049,Accepted,
27438293,0568000,LOUISVILLE METRO POLICE DEPT,Accepted,JEFFERSON,KY0155,,TAYLORSVILLE,RD,,KY1932,BRECKENRIDGE,,,,,38.220196908,-85.630514472,13.592,11/10/2020 12:00:00 AM,0028,2,2,0,0,CLEAR,DRY,False,ANGLE COLLISION - OTHER,ANGLE,STRAIGHT & LEVEL,DARK-HWY LIGHTED/OFF,,,11/10/2020 8:20:01 AM,False,5146,Accepted,
27442754,0568000,LOUISVILLE METRO POLICE DEPT,Accepted,JEFFERSON,KY1020,1900,2ND,ST,S,,,,,,,38.219303832,-85.761022593,10.231,11/10/2020 12:00:00 AM,1912,2,2,0,0,RAINING,WET,True,REAR END IN TRAFFIC LANES BOTH VEHICLES MOVING,REAR END,STRAIGHT & LEVEL,DARK-HWY LIGHTED/ON,,,11/11/2020 8:33:52 AM,False,5236,Accepted,
27442755,0568000,LOUISVILLE METRO POLICE DEPT,Accepted,JEFFERSON,KY0061,,PRESTON,HWY,,,MAPLE SPRING,,,,,38.099856541,-85.671108990,1.136,11/10/2020 12:00:00 AM,2048,2,2,0,0,RAINING,WET,False,ANGLE COLLISION - OTHER,ANGLE,STRAIGHT & LEVEL,DARK-HWY LIGHTED/OFF,,,11/11/2020 8:33:56 AM,False,5182,Accepted,
27442736,0568000,LOUISVILLE METRO POLICE DEPT,Accepted,JEFFERSON,I 0064,,I64 E,,,,,,,,,38.258814351,-85.758021296,4.466,11/10/2020 12:00:00 AM,0905,3,3,0,0,CLEAR,DRY,True,SIDESWIPE COLLISION - SAME DIRECTION,SIDESWIPE-SAME DIRECTION,STRAIGHT & LEVEL,DAYLIGHT,,,11/11/2020 8:32:49 AM,False,5168,Accepted,
27442744,0568000,LOUISVILLE METRO POLICE DEPT,Accepted,JEFFERSON,,,BROOK,ST,S,,JEFFERSON,,,,,38.253178049,-85.750448923,3.395,11/10/2020 12:00:00 AM,1304,2,2,0,0,CLEAR,DRY,False,ANGLE COLLISION - OTHER,ANGLE,STRAIGHT & LEVEL,DAYLIGHT,,,11/11/2020 8:33:24 AM,False,2403,Accepted,
27442745,0568000,LOUISVILLE METRO POLICE DEPT,Accepted,JEFFERSON,KY1865,,NEW CUT,RD,,,JONES,,,,,38.148446167,-85.775893414,2.848,11/10/2020 12:00:00 AM,1815,2,2,0,1,CLEAR,DRY,True,OTHER INTERSECTION COLLISIONS,REAR END,STRAIGHT & LEVEL,DARK-HWY LIGHTED/ON,,,11/11/2020 8:33:27 AM,False,5326,Accepted,
27442746,0568000,LOUISVILLE METRO POLICE DEPT,Accepted,JEFFERSON,,1708,VALLEY FORGE,WAY,,,,,,,,38.195542170,-85.794211440,0.037,11/10/2020 12:00:00 AM,1554,2,2,0,1,CLEAR,DRY,False,1 VEHICLE PARKED POSITION (NOT PARKING LOT/DRIVEWAY),BACKING,STRAIGHT & LEVEL,DAYLIGHT,,,11/11/2020 8:33:30 AM,False,5328,Accepted,
27442752,0568000,LOUISVILLE METRO POLICE DEPT,Accepted,JEFFERSON,KY0864,,POPLAR LEVEL,RD,,,,,,,,38.189051085,-85.703297642,10.804,11/10/2020 12:00:00 AM,2136,2,2,0,1,RAINING,WET,True,1 VEHICLE ENTERING/LEAVING ENTRANCE,ANGLE,STRAIGHT & HILLCREST,DARK-HWY LIGHTED/ON,,,11/11/2020 8:33:46 AM,False,5203,Accepted,
27446868,0568000,LOUISVILLE METRO POLICE DEPT,Accepted,JEFFERSON,KY1020,,2ND,ST,S,,,,,,,38.246127838,-85.754996130,12.117,11/10/2020 12:00:00 AM,1929,2,1,1,0,RAINING,WET,False,COLLISION WITH PEDESTRIAN NON - INTERSECTION,SINGLE VEHICLE,STRAIGHT & LEVEL,DARK-HWY NOT LIGHTED,,,11/12/2020 9:20:41 AM,False,6886,Accepted,
27461781,0568000,LOUISVILLE METRO POLICE DEPT,Accepted,JEFFERSON,US0031W,,DIXIE,HWY,,,CRAWFORD,,,,,38.150075911,-85.837201267,12.078,11/10/2020 12:00:00 AM,1203,2,2,0,0,CLEAR,DRY,False,HEAD-ON COLLISION,HEAD ON,STRAIGHT & GRADE,DAYLIGHT,,,11/16/2020 10:23:52 AM,False,7817,Accepted,